Landroid/content/Intent;,getAction,()Ljava/lang/String;,9
Landroid/content/Intent;,getStringExtra,(Ljava/lang/String;)Ljava/lang/String;,9
Landroid/text/TextUtils;,isEmpty,(Ljava/lang/CharSequence;)Z,9
Landroid/content/Context;,getPackageName,()Ljava/lang/String;,9
Landroid/content/Context;,getResources,()Landroid/content/res/Resources;,8
Landroid/os/Bundle;,<init>,()V,8
Landroid/content/Intent;,getExtras,()Landroid/os/Bundle;,8
Landroid/content/Intent;,<init>,(Landroid/content/Context; Ljava/lang/Class;)V,8
Landroid/content/Context;,getApplicationContext,()Landroid/content/Context;,8
Landroid/content/Context;,getSystemService,(Ljava/lang/String;)Ljava/lang/Object;,8
Landroid/content/Context;,getContentResolver,()Landroid/content/ContentResolver;,8
Landroid/content/SharedPreferences;,edit,()Landroid/content/SharedPreferences$Editor;,8
Landroid/content/SharedPreferences;,getBoolean,(Ljava/lang/String; Z)Z,8
Landroid/os/Handler;,<init>,(Landroid/os/Looper;)V,7
Landroid/os/Process;,myPid,()I,7
Landroid/os/Bundle;,getString,(Ljava/lang/String;)Ljava/lang/String;,7
Landroid/content/res/Resources;,getConfiguration,()Landroid/content/res/Configuration;,7
Landroid/content/Intent;,setFlags,(I)Landroid/content/Intent;,7
Landroid/os/Bundle;,putString,(Ljava/lang/String; Ljava/lang/String;)V,7
Landroid/util/SparseArray;,<init>,()V,7
Landroid/content/Context;,getSharedPreferences,(Ljava/lang/String; I)Landroid/content/SharedPreferences;,7
Landroid/content/SharedPreferences;,getString,(Ljava/lang/String; Ljava/lang/String;)Ljava/lang/String;,7
Landroid/content/SharedPreferences$Editor;,apply,()V,7
Landroid/content/Context;,startService,(Landroid/content/Intent;)Landroid/content/ComponentName;,7
Landroid/util/Log;,e,(Ljava/lang/String; Ljava/lang/String; Ljava/lang/Throwable;)I,6
Landroid/telecom/CallScreeningService$CallResponse$Builder;,build,()Landroid/telecom/CallScreeningService$CallResponse;,6
Landroid/telecom/CallScreeningService$CallResponse$Builder;,<init>,()V,6
Landroid/telecom/CallScreeningService$CallResponse$Builder;,setDisallowCall,(Z)Landroid/telecom/CallScreeningService$CallResponse$Builder;,6
Landroid/content/Intent;,putExtra,(Ljava/lang/String; Ljava/lang/String;)Landroid/content/Intent;,6
Landroid/content/Context;,getPackageManager,()Landroid/content/pm/PackageManager;,6
Landroid/os/Bundle;,<init>,(Landroid/os/Bundle;)V,6
Landroid/os/Bundle;,putBundle,(Ljava/lang/String; Landroid/os/Bundle;)V,6
Landroid/os/Bundle;,containsKey,(Ljava/lang/String;)Z,6
Landroid/content/Intent;,hasExtra,(Ljava/lang/String;)Z,6
Landroid/os/Looper;,getMainLooper,()Landroid/os/Looper;,5
Landroid/telecom/Call$Details;,getHandle,()Landroid/net/Uri;,5
Landroid/telecom/CallScreeningService$CallResponse$Builder;,setSkipNotification,(Z)Landroid/telecom/CallScreeningService$CallResponse$Builder;,5
Landroid/net/Uri;,getSchemeSpecificPart,()Ljava/lang/String;,5
Landroid/content/Intent;,<init>,()V,5
Landroid/app/Notification;,<init>,()V,5
Landroid/os/Handler;,obtainMessage,(I Ljava/lang/Object;)Landroid/os/Message;,5
Landroid/app/Notification$Builder;,setExtras,(Landroid/os/Bundle;)Landroid/app/Notification$Builder;,5
Landroid/app/Notification$Builder;,build,()Landroid/app/Notification;,5
Landroid/util/Log;,e,(Ljava/lang/String; Ljava/lang/String;)I,5
Landroid/net/Uri;,parse,(Ljava/lang/String;)Landroid/net/Uri;,5
Landroid/app/Notification$Builder;,setRemoteInputHistory,([Ljava/lang/CharSequence;)Landroid/app/Notification$Builder;,5
Landroid/app/Notification$Builder;,setCategory,(Ljava/lang/String;)Landroid/app/Notification$Builder;,5
Landroid/app/Notification$Builder;,setTimeoutAfter,(J)Landroid/app/Notification$Builder;,5
Landroid/app/Notification$Builder;,setAutoCancel,(Z)Landroid/app/Notification$Builder;,5
Landroid/app/Notification$Builder;,setVibrate,([J)Landroid/app/Notification$Builder;,5
Landroid/app/Notification$Builder;,setDefaults,(I)Landroid/app/Notification$Builder;,5
Landroid/app/Notification$Builder;,setContentTitle,(Ljava/lang/CharSequence;)Landroid/app/Notification$Builder;,5
Landroid/app/Notification$Builder;,setDeleteIntent,(Landroid/app/PendingIntent;)Landroid/app/Notification$Builder;,5
Landroid/app/Notification$Builder;,setUsesChronometer,(Z)Landroid/app/Notification$Builder;,5
Landroid/app/Notification$Builder;,setSubText,(Ljava/lang/CharSequence;)Landroid/app/Notification$Builder;,5
Landroid/app/Notification$Builder;,setOnlyAlertOnce,(Z)Landroid/app/Notification$Builder;,5
Landroid/app/Notification$Builder;,setSound,(Landroid/net/Uri;)Landroid/app/Notification$Builder;,5
Landroid/app/Notification$Builder;,<init>,(Landroid/content/Context; Ljava/lang/String;)V,5
Landroid/app/Notification$Builder;,setProgress,(I I Z)Landroid/app/Notification$Builder;,5
Landroid/app/Notification$Builder;,setGroup,(Ljava/lang/String;)Landroid/app/Notification$Builder;,5
Landroid/app/Notification$Builder;,setShortcutId,(Ljava/lang/String;)Landroid/app/Notification$Builder;,5
Landroid/app/Notification$Builder;,setGroupAlertBehavior,(I)Landroid/app/Notification$Builder;,5
Landroid/os/Bundle;,putBoolean,(Ljava/lang/String; Z)V,5
Landroid/app/Notification$Builder;,setSound,(Landroid/net/Uri; Landroid/media/AudioAttributes;)Landroid/app/Notification$Builder;,5
Landroid/app/Notification$Builder;,setLocalOnly,(Z)Landroid/app/Notification$Builder;,5
Landroid/app/Notification$Action$Builder;,build,()Landroid/app/Notification$Action;,5
Landroid/os/Bundle;,putInt,(Ljava/lang/String; I)V,5
Landroid/app/Notification$Action$Builder;,setAllowGeneratedReplies,(Z)Landroid/app/Notification$Action$Builder;,5
Landroid/app/Notification$Action$Builder;,setSemanticAction,(I)Landroid/app/Notification$Action$Builder;,5
Landroid/app/Notification$Action$Builder;,addRemoteInput,(Landroid/app/RemoteInput;)Landroid/app/Notification$Action$Builder;,5
Landroid/app/Notification$Action$Builder;,addExtras,(Landroid/os/Bundle;)Landroid/app/Notification$Action$Builder;,5
Landroid/app/Notification$Builder;,addAction,(Landroid/app/Notification$Action;)Landroid/app/Notification$Builder;,5
Landroid/os/Bundle;,putCharSequence,(Ljava/lang/String; Ljava/lang/CharSequence;)V,5
Landroid/os/Bundle;,putParcelableArray,(Ljava/lang/String; [Landroid/os/Parcelable;)V,5
Landroid/os/Bundle;,putParcelable,(Ljava/lang/String; Landroid/os/Parcelable;)V,5
Landroid/app/Notification$Builder;,setLights,(I I I)Landroid/app/Notification$Builder;,5
Landroid/app/Notification$Builder;,setVisibility,(I)Landroid/app/Notification$Builder;,5
Landroid/app/Notification$Builder;,setGroupSummary,(Z)Landroid/app/Notification$Builder;,5
Landroid/app/Notification$Builder;,setNumber,(I)Landroid/app/Notification$Builder;,5
Landroid/app/Notification$Builder;,setBadgeIconType,(I)Landroid/app/Notification$Builder;,5
Landroid/app/Notification$Builder;,setContentIntent,(Landroid/app/PendingIntent;)Landroid/app/Notification$Builder;,5
Landroid/app/Notification$Builder;,setContent,(Landroid/widget/RemoteViews;)Landroid/app/Notification$Builder;,5
Landroid/app/Notification$Builder;,setFullScreenIntent,(Landroid/app/PendingIntent; Z)Landroid/app/Notification$Builder;,5
Landroid/os/Bundle;,getBundle,(Ljava/lang/String;)Landroid/os/Bundle;,5
Landroid/app/Notification$Builder;,<init>,(Landroid/content/Context;)V,5
Landroid/app/Notification$Builder;,addPerson,(Ljava/lang/String;)Landroid/app/Notification$Builder;,5
Landroid/app/Notification$Builder;,setWhen,(J)Landroid/app/Notification$Builder;,5
Landroid/os/Bundle;,putAll,(Landroid/os/Bundle;)V,5
Landroid/app/Notification$Builder;,setOngoing,(Z)Landroid/app/Notification$Builder;,5
Landroid/app/Notification$Builder;,setColor,(I)Landroid/app/Notification$Builder;,5
Landroid/app/Notification$Builder;,setLargeIcon,(Landroid/graphics/Bitmap;)Landroid/app/Notification$Builder;,5
Landroid/app/Notification$Builder;,setSortKey,(Ljava/lang/String;)Landroid/app/Notification$Builder;,5
Landroid/app/Notification$Builder;,setContentText,(Ljava/lang/CharSequence;)Landroid/app/Notification$Builder;,5
Landroid/app/Notification$Builder;,setSmallIcon,(I I)Landroid/app/Notification$Builder;,5
Landroid/app/Notification$Builder;,setShowWhen,(Z)Landroid/app/Notification$Builder;,5
Landroid/app/Notification$Builder;,setPriority,(I)Landroid/app/Notification$Builder;,5
Landroid/app/Notification$Builder;,setContentInfo,(Ljava/lang/CharSequence;)Landroid/app/Notification$Builder;,5
Landroid/app/Notification$Builder;,setTicker,(Ljava/lang/CharSequence; Landroid/widget/RemoteViews;)Landroid/app/Notification$Builder;,5
Landroid/app/Notification$Builder;,setPublicVersion,(Landroid/app/Notification;)Landroid/app/Notification$Builder;,5
Landroid/util/SparseArray;,put,(I Ljava/lang/Object;)V,5
Landroid/os/Bundle;,keySet,()Ljava/util/Set;,5
Landroid/os/Bundle;,get,(Ljava/lang/String;)Ljava/lang/Object;,5
Landroid/content/SharedPreferences$Editor;,putString,(Ljava/lang/String; Ljava/lang/String;)Landroid/content/SharedPreferences$Editor;,5
Landroid/content/pm/PackageManager;,getPackageInfo,(Ljava/lang/String; I)Landroid/content/pm/PackageInfo;,5
Landroid/content/Intent;,<init>,(Ljava/lang/String;)V,5
Landroid/content/SharedPreferences;,getInt,(Ljava/lang/String; I)I,5
Landroid/content/Context;,getMainLooper,()Landroid/os/Looper;,5
Landroid/content/Context;,startActivity,(Landroid/content/Intent;)V,5
Landroid/content/ComponentName;,<init>,(Landroid/content/Context; Ljava/lang/Class;)V,5
Landroid/content/res/Resources;,getXml,(I)Landroid/content/res/XmlResourceParser;,5
Landroid/content/Context;,checkPermission,(Ljava/lang/String; I I)I,5
Landroid/os/Process;,myUid,()I,5
Landroid/content/SharedPreferences$Editor;,putLong,(Ljava/lang/String; J)Landroid/content/SharedPreferences$Editor;,5
Landroid/app/Activity;,finish,()V,5
Landroid/content/SharedPreferences;,getLong,(Ljava/lang/String; J)J,5
Landroid/util/Log;,w,(Ljava/lang/String; Ljava/lang/String; Ljava/lang/Throwable;)I,4
Landroid/telecom/CallScreeningService$CallResponse$Builder;,setRejectCall,(Z)Landroid/telecom/CallScreeningService$CallResponse$Builder;,4
Landroid/telecom/Call;,getState,()I,4
Landroid/telecom/Call;,getDetails,()Landroid/telecom/Call$Details;,4
Landroid/telecom/Call;,reject,(Z Ljava/lang/String;)V,4
Landroid/telecom/Call$Callback;,onStateChanged,(Landroid/telecom/Call; I)V,4
Landroid/telecom/Call;,registerCallback,(Landroid/telecom/Call$Callback;)V,4
Landroid/content/Intent;,putExtra,(Ljava/lang/String; Z)Landroid/content/Intent;,4
Landroid/content/Intent;,addFlags,(I)Landroid/content/Intent;,4
Landroid/content/Intent;,setAction,(Ljava/lang/String;)Landroid/content/Intent;,4
Landroid/content/Intent;,putExtra,(Ljava/lang/String; I)Landroid/content/Intent;,4
Landroid/graphics/Bitmap;,getHeight,()I,4
Landroid/graphics/Bitmap;,getWidth,()I,4
Landroid/app/PendingIntent;,getActivity,(Landroid/content/Context; I Landroid/content/Intent; I)Landroid/app/PendingIntent;,4
Landroid/app/Notification;,getGroup,()Ljava/lang/String;,4
Landroid/graphics/drawable/Icon;,createWithBitmap,(Landroid/graphics/Bitmap;)Landroid/graphics/drawable/Icon;,4
Landroid/graphics/drawable/Icon;,setTintList,(Landroid/content/res/ColorStateList;)Landroid/graphics/drawable/Icon;,4
Landroid/graphics/Canvas;,drawCircle,(F F F Landroid/graphics/Paint;)V,4
Landroid/graphics/Paint;,<init>,(I)V,4
Landroid/graphics/Matrix;,<init>,()V,4
Landroid/graphics/Paint;,setColor,(I)V,4
Landroid/graphics/Canvas;,<init>,(Landroid/graphics/Bitmap;)V,4
Landroid/graphics/Matrix;,setTranslate,(F F)V,4
Landroid/graphics/BitmapShader;,<init>,(Landroid/graphics/Bitmap; Landroid/graphics/Shader$TileMode; Landroid/graphics/Shader$TileMode;)V,4
Landroid/graphics/Bitmap;,createBitmap,(I I Landroid/graphics/Bitmap$Config;)Landroid/graphics/Bitmap;,4
Landroid/graphics/Canvas;,setBitmap,(Landroid/graphics/Bitmap;)V,4
Landroid/graphics/Paint;,setShader,(Landroid/graphics/Shader;)Landroid/graphics/Shader;,4
Landroid/graphics/BitmapShader;,setLocalMatrix,(Landroid/graphics/Matrix;)V,4
Landroid/graphics/drawable/Icon;,setTintMode,(Landroid/graphics/PorterDuff$Mode;)Landroid/graphics/drawable/Icon;,4
Landroid/graphics/drawable/Icon;,createWithContentUri,(Ljava/lang/String;)Landroid/graphics/drawable/Icon;,4
Landroid/graphics/drawable/Icon;,createWithData,([B I I)Landroid/graphics/drawable/Icon;,4
Landroid/graphics/drawable/Icon;,getResPackage,()Ljava/lang/String;,4
Landroid/graphics/drawable/Icon;,createWithAdaptiveBitmap,(Landroid/graphics/Bitmap;)Landroid/graphics/drawable/Icon;,4
Landroid/graphics/drawable/Icon;,createWithResource,(Ljava/lang/String; I)Landroid/graphics/drawable/Icon;,4
Landroid/graphics/drawable/Icon;,getUri,()Landroid/net/Uri;,4
Landroid/app/Notification$Builder;,setBubbleMetadata,(Landroid/app/Notification$BubbleMetadata;)Landroid/app/Notification$Builder;,4
Landroid/app/Notification$Action$Builder;,<init>,(I Ljava/lang/CharSequence; Landroid/app/PendingIntent;)V,4
Landroid/app/Notification$Action$Builder;,setContextual,(Z)Landroid/app/Notification$Action$Builder;,4
Landroid/app/RemoteInput$Builder;,setChoices,([Ljava/lang/CharSequence;)Landroid/app/RemoteInput$Builder;,4
Landroid/app/RemoteInput$Builder;,setAllowFreeFormInput,(Z)Landroid/app/RemoteInput$Builder;,4
Landroid/app/RemoteInput$Builder;,build,()Landroid/app/RemoteInput;,4
Landroid/app/RemoteInput$Builder;,addExtras,(Landroid/os/Bundle;)Landroid/app/RemoteInput$Builder;,4
Landroid/app/RemoteInput$Builder;,setLabel,(Ljava/lang/CharSequence;)Landroid/app/RemoteInput$Builder;,4
Landroid/app/RemoteInput$Builder;,<init>,(Ljava/lang/String;)V,4
Landroid/app/Notification$Action$Builder;,<init>,(Landroid/graphics/drawable/Icon; Ljava/lang/CharSequence; Landroid/app/PendingIntent;)V,4
Landroid/os/Bundle;,putCharSequenceArray,(Ljava/lang/String; [Ljava/lang/CharSequence;)V,4
Landroid/os/Bundle;,putStringArrayList,(Ljava/lang/String; Ljava/util/ArrayList;)V,4
Landroid/graphics/drawable/Icon;,getResId,()I,4
Landroid/app/Notification$Builder;,setColorized,(Z)Landroid/app/Notification$Builder;,4
Landroid/app/Notification$Builder;,setAllowSystemGeneratedContextualActions,(Z)Landroid/app/Notification$Builder;,4
Landroid/app/Notification$Builder;,setCustomHeadsUpContentView,(Landroid/widget/RemoteViews;)Landroid/app/Notification$Builder;,4
Landroid/app/Notification$Builder;,setCustomBigContentView,(Landroid/widget/RemoteViews;)Landroid/app/Notification$Builder;,4
Landroid/app/Notification$Builder;,setCustomContentView,(Landroid/widget/RemoteViews;)Landroid/app/Notification$Builder;,4
Landroid/os/Bundle;,remove,(Ljava/lang/String;)V,4
Landroid/app/NotificationManager;,notify,(I Landroid/app/Notification;)V,4
Landroid/content/res/Resources;,getDisplayMetrics,()Landroid/util/DisplayMetrics;,4
Landroid/content/res/Resources;,getIdentifier,(Ljava/lang/String; Ljava/lang/String; Ljava/lang/String;)I,4
Landroid/content/SharedPreferences$Editor;,putInt,(Ljava/lang/String; I)Landroid/content/SharedPreferences$Editor;,4
Landroid/content/res/Resources;,getString,(I)Ljava/lang/String;,4
Landroid/os/PowerManager;,newWakeLock,(I Ljava/lang/String;)Landroid/os/PowerManager$WakeLock;,4
Landroid/database/Cursor;,getInt,(I)I,4
Landroid/database/Cursor;,getColumnIndex,(Ljava/lang/String;)I,4
Landroid/database/Cursor;,getString,(I)Ljava/lang/String;,4
Landroid/database/Cursor;,getLong,(I)J,4
Landroid/app/job/JobInfo$Builder;,build,()Landroid/app/job/JobInfo;,4
Landroid/util/Log;,d,(Ljava/lang/String; Ljava/lang/String;)I,4
Landroid/content/Context;,getString,(I)Ljava/lang/String;,4
Landroid/graphics/drawable/Drawable;,invalidateSelf,()V,4
Landroid/util/TypedValue;,<init>,()V,4
Landroid/content/Context;,getTheme,()Landroid/content/res/Resources$Theme;,4
Landroid/view/View;,getVisibility,()I,4
Landroid/os/Handler;,<init>,()V,4
Landroid/widget/Toast;,show,()V,4
Landroid/widget/LinearLayout;,setVisibility,(I)V,4
Landroid/os/Handler;,hasMessages,(I)Z,4
Landroid/content/Intent;,getFlags,()I,4
Landroid/content/Intent;,getCategories,()Ljava/util/Set;,4
Landroid/os/Handler;,sendEmptyMessage,(I)Z,4
Landroid/content/Intent;,getData,()Landroid/net/Uri;,4
Landroid/content/Intent;,getScheme,()Ljava/lang/String;,4
Landroid/content/Intent;,resolveTypeIfNeeded,(Landroid/content/ContentResolver;)Ljava/lang/String;,4
Landroid/content/IntentFilter;,match,(Ljava/lang/String; Ljava/lang/String; Ljava/lang/String; Landroid/net/Uri; Ljava/util/Set; Ljava/lang/String;)I,4
Landroid/view/View;,setVisibility,(I)V,4
Landroid/app/NotificationManager;,cancel,(I)V,4
Landroid/text/TextUtils;,equals,(Ljava/lang/CharSequence; Ljava/lang/CharSequence;)Z,4
Landroid/content/Intent;,getParcelableExtra,(Ljava/lang/String;)Landroid/os/Parcelable;,4
Landroid/content/SharedPreferences$Editor;,putBoolean,(Ljava/lang/String; Z)Landroid/content/SharedPreferences$Editor;,4
Landroid/telecom/CallScreeningService;,respondToCall,(Landroid/telecom/Call$Details; Landroid/telecom/CallScreeningService$CallResponse;)V,4
Landroid/content/Context;,startForegroundService,(Landroid/content/Intent;)Landroid/content/ComponentName;,4
Landroid/os/HandlerThread;,start,()V,3
Landroid/os/HandlerThread;,getLooper,()Landroid/os/Looper;,3
Landroid/content/BroadcastReceiver;,<init>,()V,3
Landroid/util/Log;,isLoggable,(Ljava/lang/String; I)Z,3
Landroid/os/StrictMode;,allowThreadDiskReads,()Landroid/os/StrictMode$ThreadPolicy;,3
Landroid/os/StrictMode;,setThreadPolicy,(Landroid/os/StrictMode$ThreadPolicy;)V,3
Landroid/content/Context;,getColor,(I)I,3
Landroid/content/res/Resources;,getColor,(I)I,3
Landroid/os/Handler;,post,(Ljava/lang/Runnable;)Z,3
Landroid/database/Cursor;,moveToNext,()Z,3
Landroid/database/Cursor;,close,()V,3
Landroid/telecom/Call;,disconnect,()V,3
Landroid/view/WindowManager;,getDefaultDisplay,()Landroid/view/Display;,3
Landroid/content/Intent;,putExtra,(Ljava/lang/String; Landroid/os/Parcelable;)Landroid/content/Intent;,3
Landroid/content/res/Resources;,getDimensionPixelSize,(I)I,3
Landroid/graphics/Bitmap;,createScaledBitmap,(Landroid/graphics/Bitmap; I I Z)Landroid/graphics/Bitmap;,3
Landroid/os/Handler;,<init>,(Landroid/os/Looper; Landroid/os/Handler$Callback;)V,3
Landroid/os/Bundle;,putSparseParcelableArray,(Ljava/lang/String; Landroid/util/SparseArray;)V,3
Landroid/app/Notification$Builder;,getNotification,()Landroid/app/Notification;,3
Landroid/app/Notification$Builder;,setSound,(Landroid/net/Uri; I)Landroid/app/Notification$Builder;,3
Landroid/app/RemoteInput$Builder;,setEditChoicesBeforeSending,(I)Landroid/app/RemoteInput$Builder;,3
Landroid/app/Notification$Builder;,addAction,(I Ljava/lang/CharSequence; Landroid/app/PendingIntent;)Landroid/app/Notification$Builder;,3
Landroid/os/Bundle;,putStringArray,(Ljava/lang/String; [Ljava/lang/String;)V,3
Landroid/app/Notification$BubbleMetadata$Builder;,<init>,()V,3
Landroid/util/Log;,w,(Ljava/lang/String; Ljava/lang/String;)I,3
Landroid/content/ContextWrapper;,getBaseContext,()Landroid/content/Context;,3
Landroid/app/Activity;,getApplicationContext,()Landroid/content/Context;,3
Landroid/os/Looper;,myLooper,()Landroid/os/Looper;,3
Landroid/util/Log;,println,(I Ljava/lang/String; Ljava/lang/String;)I,3
Landroid/content/Context;,getApplicationInfo,()Landroid/content/pm/ApplicationInfo;,3
Landroid/graphics/PorterDuffColorFilter;,<init>,(I Landroid/graphics/PorterDuff$Mode;)V,3
Landroid/content/res/Resources;,getResourcePackageName,(I)Ljava/lang/String;,3
Landroid/content/Intent;,getBooleanExtra,(Ljava/lang/String; Z)Z,3
Landroid/os/Bundle;,getBoolean,(Ljava/lang/String;)Z,3
Landroid/os/Handler;,postDelayed,(Ljava/lang/Runnable; J)Z,3
Landroid/content/res/Resources;,getBoolean,(I)Z,3
Landroid/app/KeyguardManager;,isKeyguardLocked,()Z,3
Landroid/content/ComponentName;,getClassName,()Ljava/lang/String;,3
Landroid/os/PowerManager$WakeLock;,setReferenceCounted,(Z)V,3
Landroid/app/job/JobInfo$Builder;,setOverrideDeadline,(J)Landroid/app/job/JobInfo$Builder;,3
Landroid/app/job/JobInfo$Builder;,<init>,(I Landroid/content/ComponentName;)V,3
Landroid/database/sqlite/SQLiteOpenHelper;,<init>,(Landroid/content/Context; Ljava/lang/String; Landroid/database/sqlite/SQLiteDatabase$CursorFactory; I)V,3
Landroid/content/ContentResolver;,query,(Landroid/net/Uri; [Ljava/lang/String; Ljava/lang/String; [Ljava/lang/String; Ljava/lang/String;)Landroid/database/Cursor;,3
Landroid/database/Cursor;,moveToFirst,()Z,3
Landroid/provider/Settings;,canDrawOverlays,(Landroid/content/Context;)Z,3
Landroid/telephony/TelephonyManager;,getSimCountryIso,()Ljava/lang/String;,3
Landroid/view/View;,isAttachedToWindow,()Z,3
Landroid/graphics/drawable/Drawable;,mutate,()Landroid/graphics/drawable/Drawable;,3
Landroid/content/res/ColorStateList;,getColorForState,([I I)I,3
Landroid/graphics/drawable/ScaleDrawable;,getDrawable,()Landroid/graphics/drawable/Drawable;,3
Landroid/graphics/drawable/Drawable;,getConstantState,()Landroid/graphics/drawable/Drawable$ConstantState;,3
Landroid/graphics/drawable/DrawableContainer$DrawableContainerState;,getChildren,()[Landroid/graphics/drawable/Drawable;,3
Landroid/graphics/drawable/Drawable;,clearColorFilter,()V,3
Landroid/widget/ImageView;,setImageDrawable,(Landroid/graphics/drawable/Drawable;)V,3
Landroid/graphics/drawable/Drawable;,setTintList,(Landroid/content/res/ColorStateList;)V,3
Landroid/content/res/ColorStateList;,getDefaultColor,()I,3
Landroid/graphics/drawable/Drawable;,<init>,()V,3
Landroid/graphics/drawable/Drawable;,setTintMode,(Landroid/graphics/PorterDuff$Mode;)V,3
Landroid/graphics/drawable/Drawable;,setChangingConfigurations,(I)V,3
Landroid/graphics/drawable/Drawable$ConstantState;,newDrawable,(Landroid/content/res/Resources;)Landroid/graphics/drawable/Drawable;,3
Landroid/content/res/Resources;,getValue,(I Landroid/util/TypedValue; Z)V,3
Landroid/util/Xml;,asAttributeSet,(Lorg/xmlpull/v1/XmlPullParser;)Landroid/util/AttributeSet;,3
Landroid/content/Context;,getDrawable,(I)Landroid/graphics/drawable/Drawable;,3
Landroid/util/Log;,v,(Ljava/lang/String; Ljava/lang/String;)I,3
Landroid/content/res/Resources$Theme;,resolveAttribute,(I Landroid/util/TypedValue; Z)Z,3
Landroid/view/LayoutInflater;,from,(Landroid/content/Context;)Landroid/view/LayoutInflater;,3
Landroid/app/Activity;,getResources,()Landroid/content/res/Resources;,3
Landroid/net/ConnectivityManager;,getActiveNetworkInfo,()Landroid/net/NetworkInfo;,3
Landroid/widget/FrameLayout;,setVisibility,(I)V,3
Landroid/util/SparseArray;,size,()I,3
Landroid/util/SparseArray;,valueAt,(I)Ljava/lang/Object;,3
Landroid/content/BroadcastReceiver;,getResultCode,()I,3
Landroid/content/Intent;,getIntExtra,(Ljava/lang/String; I)I,3
Landroid/app/Application;,getApplicationContext,()Landroid/content/Context;,3
Landroid/telecom/Call$Details;,getCallDirection,()I,3
Landroid/telecom/Call$Details;,getIntentExtras,()Landroid/os/Bundle;,3
Landroid/net/Uri;,getScheme,()Ljava/lang/String;,3
Landroid/graphics/Paint;,setShadowLayer,(F F F I)V,3
Landroid/graphics/Paint;,clearShadowLayer,()V,3
Landroid/net/Uri;,withAppendedPath,(Landroid/net/Uri; Ljava/lang/String;)Landroid/net/Uri;,3
Landroid/net/Uri;,encode,(Ljava/lang/String;)Ljava/lang/String;,3
Landroid/telecom/Call;,answer,(I)V,3
Landroid/os/HandlerThread;,<init>,(Ljava/lang/String;)V,2
Landroid/content/IntentFilter;,<init>,()V,2
Landroid/os/Handler;,sendMessageDelayed,(Landroid/os/Message; J)Z,2
Landroid/content/IntentFilter;,addAction,(Ljava/lang/String;)V,2
Landroid/os/PowerManager$WakeLock;,isHeld,()Z,2
Landroid/os/PowerManager$WakeLock;,release,()V,2
Landroid/os/Handler;,removeCallbacks,(Ljava/lang/Runnable;)V,2
Landroid/telephony/PhoneStateListener;,<init>,()V,2
Landroid/telecom/Call$Details;,getGatewayInfo,()Landroid/telecom/GatewayInfo;,2
Landroid/telecom/GatewayInfo;,getOriginalAddress,()Landroid/net/Uri;,2
Landroid/media/AudioManager;,getStreamVolume,(I)I,2
Landroid/media/AudioManager;,getRingerMode,()I,2
Landroid/media/AudioManager;,setRingerMode,(I)V,2
Landroid/telecom/Call$Details;,getVideoState,()I,2
Landroid/telecom/Call$Callback;,<init>,()V,2
Landroid/telecom/TelecomManager;,getDefaultDialerPackage,()Ljava/lang/String;,2
Landroid/content/Intent;,putExtra,(Ljava/lang/String; Ljava/io/Serializable;)Landroid/content/Intent;,2
Landroid/content/Intent;,putExtra,(Ljava/lang/String; J)Landroid/content/Intent;,2
Landroid/os/Handler;,sendMessage,(Landroid/os/Message;)Z,2
Landroid/os/HandlerThread;,<init>,(Ljava/lang/String; I)V,2
Landroid/util/SparseIntArray;,<init>,()V,2
Landroid/os/Handler;,obtainMessage,(I)Landroid/os/Message;,2
Landroid/content/pm/PackageManager;,hasSystemFeature,(Ljava/lang/String;)Z,2
Landroid/app/Notification$BubbleMetadata$Builder;,setAutoExpandBubble,(Z)Landroid/app/Notification$BubbleMetadata$Builder;,2
Landroid/app/Notification$BubbleMetadata$Builder;,setIntent,(Landroid/app/PendingIntent;)Landroid/app/Notification$BubbleMetadata$Builder;,2
Landroid/app/Notification$BubbleMetadata$Builder;,setDesiredHeightResId,(I)Landroid/app/Notification$BubbleMetadata$Builder;,2
Landroid/app/Notification$BubbleMetadata$Builder;,build,()Landroid/app/Notification$BubbleMetadata;,2
Landroid/app/Notification$BubbleMetadata$Builder;,setIcon,(Landroid/graphics/drawable/Icon;)Landroid/app/Notification$BubbleMetadata$Builder;,2
Landroid/app/Notification$BubbleMetadata$Builder;,setSuppressNotification,(Z)Landroid/app/Notification$BubbleMetadata$Builder;,2
Landroid/app/Notification$BubbleMetadata$Builder;,setDesiredHeight,(I)Landroid/app/Notification$BubbleMetadata$Builder;,2
Landroid/app/Notification$BubbleMetadata$Builder;,setDeleteIntent,(Landroid/app/PendingIntent;)Landroid/app/Notification$BubbleMetadata$Builder;,2
Landroid/app/NotificationChannel;,<init>,(Ljava/lang/String; Ljava/lang/CharSequence; I)V,2
Landroid/app/NotificationChannel;,setShowBadge,(Z)V,2
Landroid/media/AudioAttributes$Builder;,<init>,()V,2
Landroid/media/AudioAttributes$Builder;,build,()Landroid/media/AudioAttributes;,2
Landroid/app/NotificationChannel;,setSound,(Landroid/net/Uri; Landroid/media/AudioAttributes;)V,2
Landroid/app/NotificationManager;,createNotificationChannel,(Landroid/app/NotificationChannel;)V,2
Landroid/media/AudioAttributes$Builder;,setUsage,(I)Landroid/media/AudioAttributes$Builder;,2
Landroid/app/ActivityManager;,isLowRamDevice,()Z,2
Landroid/content/Context;,getClassLoader,()Ljava/lang/ClassLoader;,2
Landroid/os/Message;,sendToTarget,()V,2
Landroid/content/Context;,getCacheDir,()Ljava/io/File;,2
Landroid/os/Bundle;,getBoolean,(Ljava/lang/String; Z)Z,2
Landroid/content/Intent;,setPackage,(Ljava/lang/String;)Landroid/content/Intent;,2
Landroid/os/Bundle;,getInt,(Ljava/lang/String;)I,2
Landroid/content/SharedPreferences$Editor;,commit,()Z,2
Landroid/content/Intent;,getSerializableExtra,(Ljava/lang/String;)Ljava/io/Serializable;,2
Landroid/content/Intent;,getLongExtra,(Ljava/lang/String; J)J,2
Landroid/app/Activity;,overridePendingTransition,(I I)V,2
Landroid/content/Intent;,setComponent,(Landroid/content/ComponentName;)Landroid/content/Intent;,2
Landroid/os/Bundle;,getInt,(Ljava/lang/String; I)I,2
Landroid/net/ConnectivityManager$NetworkCallback;,<init>,()V,2
Landroid/content/pm/PackageManager;,setComponentEnabledSetting,(Landroid/content/ComponentName; I I)V,2
Landroid/content/ComponentName;,<init>,(Landroid/content/Context; Ljava/lang/String;)V,2
Landroid/content/Context;,isDeviceProtectedStorage,()Z,2
Landroid/content/Context;,bindService,(Landroid/content/Intent; Landroid/content/ServiceConnection; I)Z,2
Landroid/os/Handler;,removeCallbacksAndMessages,(Ljava/lang/Object;)V,2
Landroid/telephony/SubscriptionInfo;,getSubscriptionId,()I,2
Landroid/telecom/InCallService;,setAudioRoute,(I)V,2
Landroid/telephony/TelephonyManager;,listen,(Landroid/telephony/PhoneStateListener; I)V,2
Landroid/media/AudioManager;,setStreamMute,(I Z)V,2
Landroid/content/ContentValues;,<init>,()V,2
Landroid/content/ContentValues;,put,(Ljava/lang/String; Ljava/lang/Integer;)V,2
Landroid/database/sqlite/SQLiteDatabase;,insert,(Ljava/lang/String; Ljava/lang/String; Landroid/content/ContentValues;)J,2
Landroid/database/sqlite/SQLiteDatabase;,update,(Ljava/lang/String; Landroid/content/ContentValues; Ljava/lang/String; [Ljava/lang/String;)I,2
Landroid/view/WindowManager;,removeView,(Landroid/view/View;)V,2
Landroid/view/WindowManager;,addView,(Landroid/view/View; Landroid/view/ViewGroup$LayoutParams;)V,2
Landroid/view/LayoutInflater;,inflate,(I Landroid/view/ViewGroup;)Landroid/view/View;,2
Landroid/view/View;,findViewById,(I)Landroid/view/View;,2
Landroid/widget/ImageView;,getContext,()Landroid/content/Context;,2
Landroid/widget/ImageView;,getDrawable,()Landroid/graphics/drawable/Drawable;,2
Landroid/graphics/drawable/Drawable;,setColorFilter,(Landroid/graphics/ColorFilter;)V,2
Landroid/graphics/PorterDuff$Mode;,hashCode,()I,2
Landroid/widget/ImageView;,getDrawableState,()[I,2
Landroid/graphics/drawable/Drawable;,setState,([I)Z,2
Landroid/graphics/drawable/Drawable;,getState,()[I,2
Landroid/graphics/drawable/Drawable;,setCallback,(Landroid/graphics/drawable/Drawable$Callback;)V,2
Landroid/graphics/drawable/Drawable;,getLevel,()I,2
Landroid/graphics/drawable/Drawable;,isVisible,()Z,2
Landroid/graphics/drawable/Drawable;,getBounds,()Landroid/graphics/Rect;,2
Landroid/graphics/drawable/Drawable;,setVisible,(Z Z)Z,2
Landroid/graphics/drawable/Drawable$ConstantState;,<init>,()V,2
Landroid/content/res/Resources;,getDrawable,(I)Landroid/graphics/drawable/Drawable;,2
Landroid/telephony/PhoneStateListener;,onCallStateChanged,(I Ljava/lang/String;)V,2
Landroid/app/Application;,<init>,()V,2
Landroid/app/Application;,registerActivityLifecycleCallbacks,(Landroid/app/Application$ActivityLifecycleCallbacks;)V,2
Landroid/net/ConnectivityManager;,getNetworkInfo,(I)Landroid/net/NetworkInfo;,2
Landroid/net/NetworkInfo;,isConnected,()Z,2
Landroid/view/ContextThemeWrapper;,<init>,(Landroid/content/Context; I)V,2
Landroid/content/res/TypedArray;,recycle,()V,2
Landroid/content/res/TypedArray;,getResourceId,(I I)I,2
Landroid/content/res/TypedArray;,hasValue,(I)Z,2
Landroid/graphics/drawable/Drawable;,setColorFilter,(I Landroid/graphics/PorterDuff$Mode;)V,2
Landroid/content/Context;,obtainStyledAttributes,(Landroid/util/AttributeSet; [I)Landroid/content/res/TypedArray;,2
Landroid/view/Window;,setCallback,(Landroid/view/Window$Callback;)V,2
Landroid/view/Window;,getCallback,()Landroid/view/Window$Callback;,2
Landroid/view/Window;,setBackgroundDrawable,(Landroid/graphics/drawable/Drawable;)V,2
Landroid/content/res/TypedArray;,getDimensionPixelSize,(I I)I,2
Landroid/content/res/TypedArray;,getBoolean,(I Z)Z,2
Landroid/content/Context;,obtainStyledAttributes,(Landroid/util/AttributeSet; [I I I)Landroid/content/res/TypedArray;,2
Landroid/widget/ImageView;,setVisibility,(I)V,2
Landroid/widget/ImageView;,setImageResource,(I)V,2
Landroid/widget/TextView;,setText,(Ljava/lang/CharSequence;)V,2
Landroid/util/DisplayMetrics;,<init>,()V,2
Landroid/view/Display;,getMetrics,(Landroid/util/DisplayMetrics;)V,2
Landroid/widget/FrameLayout;,getContext,()Landroid/content/Context;,2
Landroid/media/AudioManager;,abandonAudioFocus,(Landroid/media/AudioManager$OnAudioFocusChangeListener;)I,2
Landroid/view/ViewGroup;,removeAllViews,()V,2
Landroid/view/ViewGroup;,removeView,(Landroid/view/View;)V,2
Landroid/view/ViewGroup;,addView,(Landroid/view/View; Landroid/view/ViewGroup$LayoutParams;)V,2
Landroid/os/Environment;,getExternalStorageDirectory,()Ljava/io/File;,2
Landroid/net/Uri;,toString,()Ljava/lang/String;,2
Landroid/widget/Toast;,makeText,(Landroid/content/Context; Ljava/lang/CharSequence; I)Landroid/widget/Toast;,2
Landroid/content/res/Resources;,<init>,(Landroid/content/res/AssetManager; Landroid/util/DisplayMetrics; Landroid/content/res/Configuration;)V,2
Landroid/content/res/Resources;,getAssets,()Landroid/content/res/AssetManager;,2
Landroid/os/AsyncTask;,<init>,()V,2
Landroid/os/AsyncTask;,executeOnExecutor,(Ljava/util/concurrent/Executor; [Ljava/lang/Object;)Landroid/os/AsyncTask;,2
Landroid/widget/ProgressBar;,setVisibility,(I)V,2
Landroid/os/AsyncTask;,getStatus,()Landroid/os/AsyncTask$Status;,2
Landroid/os/AsyncTask;,cancel,(Z)Z,2
Landroid/app/Application;,getExternalFilesDir,(Ljava/lang/String;)Ljava/io/File;,2
Landroid/service/notification/StatusBarNotification;,getPackageName,()Ljava/lang/String;,2
Landroid/service/notification/NotificationListenerService;,snoozeNotification,(Ljava/lang/String; J)V,2
Landroid/service/notification/StatusBarNotification;,getId,()I,2
Landroid/service/notification/NotificationListenerService;,getPackageName,()Ljava/lang/String;,2
Landroid/service/notification/StatusBarNotification;,getKey,()Ljava/lang/String;,2
Landroid/service/notification/NotificationListenerService;,getActiveNotifications,()[Landroid/service/notification/StatusBarNotification;,2
Landroid/service/notification/StatusBarNotification;,getNotification,()Landroid/app/Notification;,2
Landroid/app/NotificationManager;,cancel,(Ljava/lang/String; I)V,2
Landroid/content/Context;,sendBroadcast,(Landroid/content/Intent;)V,2
Landroid/content/Intent;,<init>,(Ljava/lang/String; Landroid/net/Uri;)V,2
Landroid/app/PendingIntent;,getBroadcast,(Landroid/content/Context; I Landroid/content/Intent; I)Landroid/app/PendingIntent;,2
Landroid/content/res/Configuration;,<init>,(Landroid/content/res/Configuration;)V,2
Landroid/content/res/Resources;,getSystem,()Landroid/content/res/Resources;,2
Landroid/content/ComponentName;,getPackageName,()Ljava/lang/String;,2
Landroid/view/ViewGroup;,getChildAt,(I)Landroid/view/View;,2
Landroid/view/ViewGroup;,getChildCount,()I,2
Landroid/view/View;,getTranslationY,()F,2
Landroid/graphics/Rect;,<init>,()V,2
Landroid/view/View;,getParent,()Landroid/view/ViewParent;,2
Landroid/view/View;,<init>,(Landroid/content/Context;)V,2
Landroid/view/View;,setLayoutParams,(Landroid/view/ViewGroup$LayoutParams;)V,2
Landroid/view/View;,setTranslationY,(F)V,2
Landroid/widget/FrameLayout;,removeAllViews,()V,2
Landroid/content/res/Resources;,getResourceName,(I)Ljava/lang/String;,2
Landroid/util/SparseArray;,get,(I)Ljava/lang/Object;,2
Landroid/widget/TextView;,setVisibility,(I)V,2
Landroid/content/BroadcastReceiver;,goAsync,()Landroid/content/BroadcastReceiver$PendingResult;,2
Landroid/widget/Toast;,makeText,(Landroid/content/Context; I I)Landroid/widget/Toast;,2
Landroid/app/Notification$Builder;,setSettingsText,(Ljava/lang/CharSequence;)Landroid/app/Notification$Builder;,2
Landroid/graphics/drawable/Icon;,createWithAdaptiveBitmapContentUri,(Landroid/net/Uri;)Landroid/graphics/drawable/Icon;,2
Landroid/graphics/BitmapFactory;,decodeStream,(Ljava/io/InputStream;)Landroid/graphics/Bitmap;,2
Landroid/content/ContentResolver;,openInputStream,(Landroid/net/Uri;)Ljava/io/InputStream;,2
Landroid/app/Notification$Builder;,addPerson,(Landroid/app/Person;)Landroid/app/Notification$Builder;,2
Landroid/app/Person$Builder;,setName,(Ljava/lang/CharSequence;)Landroid/app/Person$Builder;,2
Landroid/app/Person$Builder;,build,()Landroid/app/Person;,2
Landroid/app/Person$Builder;,setBot,(Z)Landroid/app/Person$Builder;,2
Landroid/app/Person$Builder;,setIcon,(Landroid/graphics/drawable/Icon;)Landroid/app/Person$Builder;,2
Landroid/app/Person$Builder;,<init>,()V,2
Landroid/app/Person$Builder;,setKey,(Ljava/lang/String;)Landroid/app/Person$Builder;,2
Landroid/app/Person$Builder;,setUri,(Ljava/lang/String;)Landroid/app/Person$Builder;,2
Landroid/app/Person$Builder;,setImportant,(Z)Landroid/app/Person$Builder;,2
Landroid/content/Context;,getString,(I [Ljava/lang/Object;)Ljava/lang/String;,2
Landroid/preference/PreferenceManager;,getDefaultSharedPreferences,(Landroid/content/Context;)Landroid/content/SharedPreferences;,2
Landroid/graphics/BitmapFactory;,decodeResource,(Landroid/content/res/Resources; I)Landroid/graphics/Bitmap;,2
Landroid/content/ContentResolver;,registerContentObserver,(Landroid/net/Uri; Z Landroid/database/ContentObserver;)V,2
Landroid/content/res/XmlResourceParser;,getText,()Ljava/lang/String;,2
Landroid/content/res/XmlResourceParser;,getName,()Ljava/lang/String;,2
Landroid/content/res/XmlResourceParser;,next,()I,2
Landroid/telecom/Call$Details;,getExtras,()Landroid/os/Bundle;,2
Landroid/os/Bundle;,toString,()Ljava/lang/String;,2
Landroid/text/TextUtils;,split,(Ljava/lang/String; Ljava/lang/String;)[Ljava/lang/String;,2
Landroid/telecom/Call$Details;,getCallerDisplayName,()Ljava/lang/String;,2
Landroid/telecom/CallScreeningService$CallResponse$Builder;,setSkipCallLog,(Z)Landroid/telecom/CallScreeningService$CallResponse$Builder;,2
Landroid/util/Log;,getStackTraceString,(Ljava/lang/Throwable;)Ljava/lang/String;,2
Landroid/telecom/Call$Details;,getDisconnectCause,()Landroid/telecom/DisconnectCause;,2
Landroid/telecom/InCallService;,onCallAdded,(Landroid/telecom/Call;)V,2
Landroid/content/Intent;,addCategory,(Ljava/lang/String;)Landroid/content/Intent;,2
Landroid/telephony/SmsMessage;,getOriginatingAddress,()Ljava/lang/String;,2
Landroid/content/IntentFilter;,hasAction,(Ljava/lang/String;)Z,1
Landroid/content/IntentFilter;,dump,(Landroid/util/Printer; Ljava/lang/String;)V,1
Landroid/util/StringBuilderPrinter;,<init>,(Ljava/lang/StringBuilder;)V,1
Landroid/os/Handler;,obtainMessage,()Landroid/os/Message;,1
Landroid/os/Looper;,getThread,()Ljava/lang/Thread;,1
Landroid/util/Pair;,<init>,(Ljava/lang/Object; Ljava/lang/Object;)V,1
Landroid/net/Uri$Builder;,appendPath,(Ljava/lang/String;)Landroid/net/Uri$Builder;,1
Landroid/net/Uri;,buildUpon,()Landroid/net/Uri$Builder;,1
Landroid/telecom/Call;,getChildren,()Ljava/util/List;,1
Landroid/media/AudioManager;,setStreamVolume,(I I I)V,1
Landroid/content/BroadcastReceiver;,onReceive,(Landroid/content/Context; Landroid/content/Intent;)V,1
Landroid/telecom/Call$Details;,hasProperty,(I)Z,1
Landroid/view/Display;,getState,()I,1
Landroid/os/PowerManager;,isInteractive,()Z,1
Landroid/content/Intent$ShortcutIconResource;,fromContext,(Landroid/content/Context; I)Landroid/content/Intent$ShortcutIconResource;,1
Landroid/content/Context;,sendOrderedBroadcast,(Landroid/content/Intent; Ljava/lang/String;)V,1
Landroid/telephony/TelephonyManager;,getVoiceMailNumber,()Ljava/lang/String;,1
Landroid/webkit/WebViewClient;,<init>,()V,1
Landroid/app/NotificationChannelGroup;,getId,()Ljava/lang/String;,1
Landroid/app/NotificationChannel;,setName,(Ljava/lang/CharSequence;)V,1
Landroid/app/NotificationChannel;,getId,()Ljava/lang/String;,1
Landroid/app/NotificationManager;,deleteNotificationChannel,(Ljava/lang/String;)V,1
Landroid/app/NotificationChannelGroup;,<init>,(Ljava/lang/String; Ljava/lang/CharSequence;)V,1
Landroid/app/NotificationManager;,getNotificationChannels,()Ljava/util/List;,1
Landroid/app/NotificationManager;,createNotificationChannelGroup,(Landroid/app/NotificationChannelGroup;)V,1
Landroid/app/NotificationManager;,getNotificationChannelGroups,()Ljava/util/List;,1
Landroid/app/NotificationManager;,deleteNotificationChannelGroup,(Ljava/lang/String;)V,1
Landroid/app/NotificationChannel;,setGroup,(Ljava/lang/String;)V,1
Landroid/app/NotificationManager;,getNotificationChannel,(Ljava/lang/String;)Landroid/app/NotificationChannel;,1
Landroid/os/Bundle;,getLong,(Ljava/lang/String;)J,1
Landroid/content/pm/PackageManager;,getApplicationInfo,(Ljava/lang/String; I)Landroid/content/pm/ApplicationInfo;,1
Landroid/graphics/Bitmap$Config;,values,()[Landroid/graphics/Bitmap$Config;,1
Landroid/app/ActivityManager;,getMemoryClass,()I,1
Landroid/text/format/Formatter;,formatFileSize,(Landroid/content/Context; J)Ljava/lang/String;,1
Landroid/content/Context;,registerComponentCallbacks,(Landroid/content/ComponentCallbacks;)V,1
Landroid/content/ContextWrapper;,<init>,(Landroid/content/Context;)V,1
Landroid/content/Context;,getAssets,()Landroid/content/res/AssetManager;,1
Landroid/app/Activity;,isDestroyed,()Z,1
Landroid/app/Activity;,isFinishing,()Z,1
Landroid/app/Activity;,getFragmentManager,()Landroid/app/FragmentManager;,1
Landroid/app/Fragment;,getActivity,()Landroid/app/Activity;,1
Landroid/app/FragmentTransaction;,add,(Landroid/app/Fragment; Ljava/lang/String;)Landroid/app/FragmentTransaction;,1
Landroid/app/Fragment;,<init>,()V,1
Landroid/app/FragmentTransaction;,commitAllowingStateLoss,()I,1
Landroid/app/FragmentManager;,beginTransaction,()Landroid/app/FragmentTransaction;,1
Landroid/app/FragmentManager;,findFragmentByTag,(Ljava/lang/String;)Landroid/app/Fragment;,1
Landroid/util/TypedValue;,applyDimension,(I F Landroid/util/DisplayMetrics;)F,1
Landroid/graphics/PorterDuff$Mode;,name,()Ljava/lang/String;,1
Landroid/content/pm/Signature;,toByteArray,()[B,1
Landroid/content/pm/PackageManager;,resolveService,(Landroid/content/Intent; I)Landroid/content/pm/ResolveInfo;,1
Landroid/text/TextUtils;,join,(Ljava/lang/CharSequence; [Ljava/lang/Object;)Ljava/lang/String;,1
Landroid/content/res/Resources;,getInteger,(I)I,1
Landroid/app/PendingIntent;,getService,(Landroid/content/Context; I Landroid/content/Intent; I)Landroid/app/PendingIntent;,1
Landroid/app/KeyguardManager$KeyguardLock;,disableKeyguard,()V,1
Landroid/app/KeyguardManager;,newKeyguardLock,(Ljava/lang/String;)Landroid/app/KeyguardManager$KeyguardLock;,1
Landroid/telephony/TelephonyManager;,getCallState,()I,1
Landroid/content/Intent;,getDataString,()Ljava/lang/String;,1
Landroid/os/PowerManager$WakeLock;,acquire,(J)V,1
Landroid/app/KeyguardManager;,inKeyguardRestrictedInputMode,()Z,1
Landroid/os/Bundle;,getSerializable,(Ljava/lang/String;)Ljava/io/Serializable;,1
Landroid/media/AudioManager;,getMode,()I,1
Landroid/telephony/PhoneNumberUtils;,compare,(Ljava/lang/String; Ljava/lang/String;)Z,1
Landroid/speech/tts/TextToSpeech;,shutdown,()V,1
Landroid/speech/tts/TextToSpeech;,stop,()I,1
Landroid/os/Binder;,<init>,()V,1
Landroid/content/Context;,unregisterReceiver,(Landroid/content/BroadcastReceiver;)V,1
Landroid/os/HandlerThread;,quit,()Z,1
Landroid/database/SQLException;,getMessage,()Ljava/lang/String;,1
Landroid/text/format/DateUtils;,isToday,(J)Z,1
Landroid/telecom/PhoneAccountHandle;,<init>,(Landroid/content/ComponentName; Ljava/lang/String;)V,1
Landroid/content/ComponentName;,unflattenFromString,(Ljava/lang/String;)Landroid/content/ComponentName;,1
Landroid/telephony/SubscriptionInfo;,getIccId,()Ljava/lang/String;,1
Landroid/telecom/PhoneAccountHandle;,getId,()Ljava/lang/String;,1
Landroid/app/a;,<init>,(Landroid/app/KeyguardManager;)V,1
Landroid/app/KeyguardManager;,<init>,()V,1
Landroid/database/Cursor;,isBeforeFirst,()Z,1
Landroid/database/Cursor;,moveToPrevious,()Z,1
Landroid/database/Cursor;,moveToLast,()Z,1
Landroid/app/KeyguardManager$KeyguardLock;,reenableKeyguard,()V,1
Landroid/telecom/CallAudioState;,audioRouteToString,(I)Ljava/lang/String;,1
Landroid/media/AudioManager;,setSpeakerphoneOn,(Z)V,1
Landroid/telephony/SubscriptionManager;,getActiveSubscriptionInfoList,()Ljava/util/List;,1
Landroid/telephony/TelephonyManager;,createForSubscriptionId,(I)Landroid/telephony/TelephonyManager;,1
Landroid/media/AudioManager;,adjustStreamVolume,(I I I)V,1
Landroid/telecom/TelecomManager;,endCall,()Z,1
Landroid/database/Cursor;,isAfterLast,()Z,1
Landroid/database/Cursor;,getShort,(I)S,1
Landroid/database/sqlite/SQLiteDatabase;,rawQuery,(Ljava/lang/String; [Ljava/lang/String;)Landroid/database/Cursor;,1
Landroid/database/sqlite/SQLiteDatabase;,close,()V,1
Landroid/content/ContentValues;,put,(Ljava/lang/String; Ljava/lang/Long;)V,1
Landroid/content/ContentValues;,put,(Ljava/lang/String; Ljava/lang/Short;)V,1
Landroid/content/ContentValues;,put,(Ljava/lang/String; Ljava/lang/String;)V,1
Landroid/content/res/ColorStateList;,valueOf,(I)Landroid/content/res/ColorStateList;,1
Landroid/graphics/Color;,parseColor,(Ljava/lang/String;)I,1
Landroid/view/WindowManager$LayoutParams;,<init>,()V,1
Landroid/view/View;,setOnTouchListener,(Landroid/view/View$OnTouchListener;)V,1
Landroid/widget/ImageView;,getImageTintList,()Landroid/content/res/ColorStateList;,1
Landroid/widget/ImageView;,getImageTintMode,()Landroid/graphics/PorterDuff$Mode;,1
Landroid/os/Binder;,clearCallingIdentity,()J,1
Landroid/os/Handler;,hasCallbacks,(Ljava/lang/Runnable;)Z,1
Landroid/app/KeyguardManager;,isKeyguardSecure,()Z,1
Landroid/widget/Button;,setTextColor,(I)V,1
Landroid/app/Dialog;,setOnKeyListener,(Landroid/content/DialogInterface$OnKeyListener;)V,1
Landroid/app/Dialog;,<init>,(Landroid/content/Context; I)V,1
Landroid/app/Dialog;,getContext,()Landroid/content/Context;,1
Landroid/app/Dialog;,getWindow,()Landroid/view/Window;,1
Landroid/graphics/drawable/Drawable;,setBounds,(Landroid/graphics/Rect;)V,1
Landroid/graphics/drawable/Drawable;,setLevel,(I)Z,1
Landroid/app/Dialog;,setOnCancelListener,(Landroid/content/DialogInterface$OnCancelListener;)V,1
Landroid/widget/ArrayAdapter;,<init>,(Landroid/content/Context; I I [Ljava/lang/Object;)V,1
Landroid/widget/ListView;,setOnItemClickListener,(Landroid/widget/AdapterView$OnItemClickListener;)V,1
Landroid/widget/ListView;,setOnItemSelectedListener,(Landroid/widget/AdapterView$OnItemSelectedListener;)V,1
Landroid/widget/ListView;,setChoiceMode,(I)V,1
Landroid/widget/SimpleCursorAdapter;,<init>,(Landroid/content/Context; I Landroid/database/Cursor; [Ljava/lang/String; [I)V,1
Landroid/widget/CursorAdapter;,getCursor,()Landroid/database/Cursor;,1
Landroid/widget/CursorAdapter;,<init>,(Landroid/content/Context; Landroid/database/Cursor; Z)V,1
Landroid/database/Cursor;,getColumnIndexOrThrow,(Ljava/lang/String;)I,1
Landroid/app/Dialog;,setCanceledOnTouchOutside,(Z)V,1
Landroid/app/Dialog;,setOnDismissListener,(Landroid/content/DialogInterface$OnDismissListener;)V,1
Landroid/app/Dialog;,setCancelable,(Z)V,1
Landroid/app/Dialog;,show,()V,1
Landroid/widget/Toast;,setGravity,(I I I)V,1
Landroid/widget/SeekBar;,setSecondaryProgress,(I)V,1
Landroid/widget/SeekBar;,setProgress,(I)V,1
Landroid/util/Log;,i,(Ljava/lang/String; Ljava/lang/String;)I,1
Landroid/media/AudioManager;,requestAudioFocus,(Landroid/media/AudioManager$OnAudioFocusChangeListener; I I)I,1
Landroid/view/TextureView;,setSurfaceTextureListener,(Landroid/view/TextureView$SurfaceTextureListener;)V,1
Landroid/widget/FrameLayout$LayoutParams;,<init>,(I I I)V,1
Landroid/view/TextureView;,<init>,(Landroid/content/Context;)V,1
Landroid/os/Environment;,getExternalStorageState,()Ljava/lang/String;,1
Landroid/net/Uri;,fromFile,(Ljava/io/File;)Landroid/net/Uri;,1
Landroid/widget/TextView;,setTypeface,(Landroid/graphics/Typeface;)V,1
Landroid/widget/TextView;,setOnClickListener,(Landroid/view/View$OnClickListener;)V,1
Landroid/net/NetworkInfo;,getType,()I,1
Landroid/net/NetworkInfo;,getExtraInfo,()Ljava/lang/String;,1
Landroid/app/Activity;,registerReceiver,(Landroid/content/BroadcastReceiver; Landroid/content/IntentFilter;)Landroid/content/Intent;,1
Landroid/net/NetworkInfo;,getState,()Landroid/net/NetworkInfo$State;,1
Landroid/support/v4/media/session/MediaSessionCompat;,R,(Landroid/content/Context; Ljava/lang/Class; Ljava/lang/String;)Ln3/c0/q$a;,1
Landroid/os/Debug;,isDebuggerConnected,()Z,1
Landroid/net/Uri;,fromParts,(Ljava/lang/String; Ljava/lang/String; Ljava/lang/String;)Landroid/net/Uri;,1
Landroid/app/AlarmManager;,set,(I J Landroid/app/PendingIntent;)V,1
Landroid/app/AlarmManager;,cancel,(Landroid/app/PendingIntent;)V,1
Landroid/content/SharedPreferences$OnSharedPreferenceChangeListener;,onSharedPreferenceChanged,(Landroid/content/SharedPreferences; Ljava/lang/String;)V,1
Landroid/content/SharedPreferences;,getAll,()Ljava/util/Map;,1
Landroid/content/SharedPreferences$Editor;,clear,()Landroid/content/SharedPreferences$Editor;,1
Landroid/content/res/Configuration;,setLayoutDirection,(Ljava/util/Locale;)V,1
Landroid/content/res/Resources;,updateConfiguration,(Landroid/content/res/Configuration; Landroid/util/DisplayMetrics;)V,1
Landroid/os/Bundle;,getParcelable,(Ljava/lang/String;)Landroid/os/Parcelable;,1
Landroid/view/WindowManager;,getCurrentWindowMetrics,()Landroid/view/WindowMetrics;,1
Landroid/view/ViewGroup;,requestLayout,()V,1
Landroid/view/View;,getPivotY,()F,1
Landroid/view/View;,getScaleY,()F,1
Landroid/graphics/drawable/ColorDrawable;,getColor,()I,1
Landroid/view/View;,getBackground,()Landroid/graphics/drawable/Drawable;,1
Landroid/view/View;,getLayoutParams,()Landroid/view/ViewGroup$LayoutParams;,1
Landroid/view/ViewGroup$MarginLayoutParams;,getMarginStart,()I,1
Landroid/view/ViewGroup$MarginLayoutParams;,getMarginEnd,()I,1
Landroid/view/View;,getId,()I,1
Landroid/view/View;,getAlpha,()F,1
Landroid/view/View;,getTranslationZ,()F,1
Landroid/view/View;,getRotation,()F,1
Landroid/view/View;,getElevation,()F,1
Landroid/view/View;,getRotationY,()F,1
Landroid/view/View;,getTranslationX,()F,1
Landroid/view/View;,getRotationX,()F,1
Landroid/view/View;,getScaleX,()F,1
Landroid/view/View;,getPivotX,()F,1
Landroid/widget/TextView;,setText,(I)V,1
Landroid/content/res/Resources;,getDimension,(I)F,1
Landroid/graphics/RectF;,<init>,()V,1
Landroid/graphics/Paint;,setTextAlign,(Landroid/graphics/Paint$Align;)V,1
Landroid/graphics/Paint;,<init>,()V,1
Landroid/graphics/Paint;,setAntiAlias,(Z)V,1
Landroid/graphics/Paint;,setStrokeWidth,(F)V,1
Landroid/graphics/Paint;,setStyle,(Landroid/graphics/Paint$Style;)V,1
Landroid/graphics/Paint;,setTextSize,(F)V,1
Landroid/graphics/Paint;,setTypeface,(Landroid/graphics/Typeface;)Landroid/graphics/Typeface;,1
Landroid/widget/FrameLayout;,isSelected,()Z,1
Landroid/widget/FrameLayout;,setId,(I)V,1
Landroid/widget/TextView;,setSelected,(Z)V,1
Landroid/widget/ImageView;,setSelected,(Z)V,1
Landroid/widget/FrameLayout;,invalidate,()V,1
Landroid/widget/FrameLayout;,setSelected,(Z)V,1
Landroid/graphics/Rect;,width,()I,1
Landroid/view/View;,getContext,()Landroid/content/Context;,1
Landroid/content/res/TypedArray;,getIndex,(I)I,1
Landroid/content/res/TypedArray;,getString,(I)Ljava/lang/String;,1
Landroid/content/res/TypedArray;,getIndexCount,()I,1
Landroid/content/res/Resources;,getResourceEntryName,(I)Ljava/lang/String;,1
Landroid/view/View;,isInEditMode,()Z,1
Landroid/view/View;,setTranslationX,(F)V,1
Landroid/view/View;,setRotation,(F)V,1
Landroid/view/ViewGroup$MarginLayoutParams;,<init>,(I I)V,1
Landroid/view/View;,setRotationY,(F)V,1
Landroid/view/View;,setScaleY,(F)V,1
Landroid/view/View;,setPivotY,(F)V,1
Landroid/view/View;,setElevation,(F)V,1
Landroid/view/View;,setId,(I)V,1
Landroid/view/View;,setScaleX,(F)V,1
Landroid/view/ViewGroup$MarginLayoutParams;,setMarginStart,(I)V,1
Landroid/view/ViewGroup$MarginLayoutParams;,setMarginEnd,(I)V,1
Landroid/graphics/drawable/ColorDrawable;,setColor,(I)V,1
Landroid/graphics/drawable/ColorDrawable;,<init>,()V,1
Landroid/view/View;,setRotationX,(F)V,1
Landroid/view/ViewGroup;,getContext,()Landroid/content/Context;,1
Landroid/view/View;,setTranslationZ,(F)V,1
Landroid/view/View;,setPivotX,(F)V,1
Landroid/view/View;,setAlpha,(F)V,1
Landroid/support/v4/media/session/MediaSessionCompat;,n0,(Landroid/view/View;)Ljava/lang/String;,1
Landroid/widget/FrameLayout;,inflate,(Landroid/content/Context; I Landroid/view/ViewGroup;)Landroid/view/View;,1
Landroid/widget/FrameLayout;,<init>,(Landroid/content/Context; Landroid/util/AttributeSet; I)V,1
Landroid/widget/FrameLayout;,setOnClickListener,(Landroid/view/View$OnClickListener;)V,1
Landroid/view/WindowMetrics;,getBounds,()Landroid/graphics/Rect;,1
Landroid/app/Activity;,getWindow,()Landroid/view/Window;,1
Landroid/view/Window;,setStatusBarColor,(I)V,1
Landroid/view/Window;,getDecorView,()Landroid/view/View;,1
Landroid/view/View;,getSystemUiVisibility,()I,1
Landroid/view/View;,setSystemUiVisibility,(I)V,1
Landroid/widget/LinearLayout;,requestLayout,()V,1
Landroid/util/SparseBooleanArray;,<init>,()V,1
Landroid/view/ViewConfiguration;,shouldShowMenuShortcutsWhenKeyboardPresent,()Z,1
Landroid/view/ViewConfiguration;,get,(Landroid/content/Context;)Landroid/view/ViewConfiguration;,1
Landroid/view/ViewGroup;,setLayoutParams,(Landroid/view/ViewGroup$LayoutParams;)V,1
Landroid/view/ViewGroup;,checkLayoutParams,(Landroid/view/ViewGroup$LayoutParams;)Z,1
Landroid/view/ViewGroup$MarginLayoutParams;,<init>,(Landroid/view/ViewGroup$MarginLayoutParams;)V,1
Landroid/view/ViewGroup$MarginLayoutParams;,<init>,(Landroid/view/ViewGroup$LayoutParams;)V,1
Landroid/view/View;,saveAttributeDataForStyleable,(Landroid/content/Context; [I Landroid/util/AttributeSet; Landroid/content/res/TypedArray; I I)V,1
Landroid/content/res/TypedArray;,getInt,(I I)I,1
Landroid/content/res/TypedArray;,getDrawable,(I)Landroid/graphics/drawable/Drawable;,1
Landroid/graphics/drawable/BitmapDrawable;,<init>,(Landroid/graphics/Bitmap;)V,1
Landroid/graphics/drawable/BitmapDrawable;,setTileModeX,(Landroid/graphics/Shader$TileMode;)V,1
Landroid/graphics/drawable/Drawable;,setBounds,(I I I I)V,1
Landroid/graphics/drawable/Drawable;,draw,(Landroid/graphics/Canvas;)V,1
Landroid/graphics/drawable/Drawable;,getIntrinsicWidth,()I,1
Landroid/graphics/drawable/LayerDrawable;,setId,(I I)V,1
Landroid/graphics/drawable/LayerDrawable;,<init>,([Landroid/graphics/drawable/Drawable;)V,1
Landroid/graphics/drawable/Drawable;,getIntrinsicHeight,()I,1
Landroid/graphics/drawable/BitmapDrawable;,getBitmap,()Landroid/graphics/Bitmap;,1
Landroid/content/res/TypedArray;,getColor,(I I)I,1
Landroid/graphics/drawable/Drawable;,setAlpha,(I)V,1
Landroid/graphics/drawable/LayerDrawable;,findDrawableByLayerId,(I)Landroid/graphics/drawable/Drawable;,1
Landroid/content/res/TypedArray;,getColorStateList,(I)Landroid/content/res/ColorStateList;,1
Landroid/content/Context;,getColorStateList,(I)Landroid/content/res/ColorStateList;,1
Landroid/content/res/ColorStateList;,isStateful,()Z,1
Landroid/util/TypedValue;,getFloat,()F,1
Landroid/graphics/Color;,alpha,(I)I,1
Landroid/content/res/ColorStateList;,<init>,([[I [I)V,1
Landroid/graphics/Color;,argb,(I I I I)I,1
Landroid/graphics/Color;,red,(I)I,1
Landroid/graphics/Color;,green,(I)I,1
Landroid/graphics/Color;,blue,(I)I,1
Landroid/view/ViewGroup;,<init>,(Landroid/content/Context; Landroid/util/AttributeSet; I)V,1
Landroid/view/ViewGroup;,setWillNotDraw,(Z)V,1
Landroid/content/res/TypedArray;,getFloat,(I F)F,1
Landroid/os/Handler;,removeMessages,(I)V,1
Landroid/view/Window;,getContext,()Landroid/content/Context;,1
Landroid/view/Window;,clearFlags,(I)V,1
Landroid/view/Window;,addFlags,(I)V,1
Landroid/widget/FrameLayout;,getLayoutParams,()Landroid/view/ViewGroup$LayoutParams;,1
Landroid/os/Bundle;,putSerializable,(Ljava/lang/String; Ljava/io/Serializable;)V,1
Landroid/view/View;,startAnimation,(Landroid/view/animation/Animation;)V,1
Landroid/widget/FrameLayout;,getVisibility,()I,1
Landroid/view/View;,clearAnimation,()V,1
Landroid/widget/LinearLayout;,removeAllViews,()V,1
Landroid/view/View;,animate,()Landroid/view/ViewPropertyAnimator;,1
Landroid/view/ViewPropertyAnimator;,cancel,()V,1
Landroid/widget/ImageButton;,getDrawableState,()[I,1
Landroid/widget/ImageButton;,getDrawable,()Landroid/graphics/drawable/Drawable;,1
Landroid/widget/ImageButton;,setVisibility,(I)V,1
Landroid/widget/ImageView;,setBackground,(Landroid/graphics/drawable/Drawable;)V,1
Landroid/graphics/drawable/Drawable;,setTint,(I)V,1
Landroid/widget/ImageButton;,setOnClickListener,(Landroid/view/View$OnClickListener;)V,1
Landroid/widget/ImageButton;,post,(Ljava/lang/Runnable;)Z,1
Landroid/widget/ImageButton;,getVisibility,()I,1
Landroid/animation/ObjectAnimator;,ofFloat,(Ljava/lang/Object; Landroid/util/Property; [F)Landroid/animation/ObjectAnimator;,1
Landroid/animation/AnimatorSet;,start,()V,1
Landroid/animation/AnimatorSet;,setInterpolator,(Landroid/animation/TimeInterpolator;)V,1
Landroid/animation/AnimatorSet;,setDuration,(J)Landroid/animation/AnimatorSet;,1
Landroid/animation/AnimatorSet;,playTogether,(Ljava/util/Collection;)V,1
Landroid/animation/AnimatorSet;,<init>,()V,1
Landroid/util/AndroidRuntimeException;,<init>,(Ljava/lang/String;)V,1
Landroid/view/ViewGroup;,getTag,(I)Ljava/lang/Object;,1
Landroid/view/ViewGroup;,setTag,(I Ljava/lang/Object;)V,1
Landroid/app/Activity;,isChangingConfigurations,()Z,1
Landroid/view/View;,setTag,(I Ljava/lang/Object;)V,1
Landroid/view/View;,setSaveFromParentEnabled,(Z)V,1
Landroid/widget/FrameLayout;,getChildCount,()I,1
Landroid/widget/FrameLayout;,addView,(Landroid/view/View;)V,1
Landroid/view/LayoutInflater;,setFactory2,(Landroid/view/LayoutInflater$Factory2;)V,1
Landroid/view/LayoutInflater;,inflate,(I Landroid/view/ViewGroup; Z)Landroid/view/View;,1
Landroid/view/ViewGroup;,indexOfChild,(Landroid/view/View;)I,1
Landroid/view/ViewGroup;,addView,(Landroid/view/View; I)V,1
Landroid/view/View;,addOnAttachStateChangeListener,(Landroid/view/View$OnAttachStateChangeListener;)V,1
Landroid/view/View;,findFocus,()Landroid/view/View;,1
Landroid/view/View;,requestApplyInsets,()V,1
Landroid/os/Bundle;,setClassLoader,(Ljava/lang/ClassLoader;)V,1
Landroid/os/Bundle;,getSparseParcelableArray,(Ljava/lang/String;)Landroid/util/SparseArray;,1
Landroid/view/ViewParent;,getParent,()Landroid/view/ViewParent;,1
Landroid/view/View;,requestFocus,()Z,1
Landroid/view/View;,saveHierarchyState,(Landroid/util/SparseArray;)V,1
Landroid/os/Bundle;,isEmpty,()Z,1
Landroid/view/View;,restoreHierarchyState,(Landroid/util/SparseArray;)V,1
Landroid/view/View;,getTransitionName,()Ljava/lang/String;,1
Landroid/view/ViewGroup;,isTransitionGroup,()Z,1
Landroid/view/ViewTreeObserver;,addOnPreDrawListener,(Landroid/view/ViewTreeObserver$OnPreDrawListener;)V,1
Landroid/view/View;,getViewTreeObserver,()Landroid/view/ViewTreeObserver;,1
Landroid/animation/Animator;,start,()V,1
Landroid/view/ViewGroup;,endViewTransition,(Landroid/view/View;)V,1
Landroid/animation/Animator;,addListener,(Landroid/animation/Animator$AnimatorListener;)V,1
Landroid/support/v4/media/session/MediaSessionCompat;,N0,(Landroid/content/Context; Landroidx/fragment/app/Fragment; Z Z)Ln3/r/a/p;,1
Landroid/view/animation/AnimationUtils;,loadAnimation,(Landroid/content/Context; I)Landroid/view/animation/Animation;,1
Landroid/animation/AnimatorInflater;,loadAnimator,(Landroid/content/Context; I)Landroid/animation/Animator;,1
Landroid/view/ViewGroup;,getLayoutTransition,()Landroid/animation/LayoutTransition;,1
Landroid/content/res/Resources;,getResourceTypeName,(I)Ljava/lang/String;,1
Landroid/view/ViewGroup;,post,(Ljava/lang/Runnable;)Z,1
Landroid/view/animation/AnimationSet;,<init>,(Z)V,1
Landroid/view/animation/AnimationSet;,addAnimation,(Landroid/view/animation/Animation;)V,1
Landroid/view/animation/Animation;,setAnimationListener,(Landroid/view/animation/Animation$AnimationListener;)V,1
Landroid/animation/AnimatorListenerAdapter;,<init>,()V,1
Landroid/view/ViewGroup;,startViewTransition,(Landroid/view/View;)V,1
Landroid/animation/Animator;,setTarget,(Ljava/lang/Object;)V,1
Landroid/util/SparseArray;,keyAt,(I)I,1
Landroid/view/View;,setTransitionName,(Ljava/lang/String;)V,1
Landroid/os/Handler;,postAtFrontOfQueue,(Ljava/lang/Runnable;)Z,1
Landroid/os/Handler;,getLooper,()Landroid/os/Looper;,1
Landroid/view/Menu;,close,()V,1
Landroid/view/ViewGroup;,addView,(Landroid/view/View;)V,1
Landroid/widget/FrameLayout;,setOnLongClickListener,(Landroid/view/View$OnLongClickListener;)V,1
Landroid/app/Activity;,getString,(I)Ljava/lang/String;,1
Landroid/view/ViewGroup;,setOnClickListener,(Landroid/view/View$OnClickListener;)V,1
Landroid/content/res/Resources;,getDrawable,(I Landroid/content/res/Resources$Theme;)Landroid/graphics/drawable/Drawable;,1
Landroid/widget/ImageView;,setOnClickListener,(Landroid/view/View$OnClickListener;)V,1
Landroid/text/TextUtils;,getLayoutDirectionFromLocale,(Ljava/util/Locale;)I,1
Landroid/text/SpannableStringBuilder;,append,(Ljava/lang/CharSequence;)Landroid/text/SpannableStringBuilder;,1
Landroid/text/SpannableStringBuilder;,append,(C)Landroid/text/SpannableStringBuilder;,1
Landroid/text/SpannableStringBuilder;,<init>,()V,1
Landroid/widget/TextView;,setMaxLines,(I)V,1
Landroid/widget/ImageView;,setContentDescription,(Ljava/lang/CharSequence;)V,1
Landroid/content/Intent;,getStringArrayListExtra,(Ljava/lang/String;)Ljava/util/ArrayList;,1
Landroid/telecom/ConnectionRequest;,getAddress,()Landroid/net/Uri;,1
Landroid/telecom/ConnectionRequest;,getExtras,()Landroid/os/Bundle;,1
Landroid/content/Intent;,setData,(Landroid/net/Uri;)Landroid/content/Intent;,1
Landroid/app/Service;,getSystemService,(Ljava/lang/String;)Ljava/lang/Object;,1
Landroid/telecom/Call$Details;,getAccountHandle,()Landroid/telecom/PhoneAccountHandle;,1
Landroid/net/Uri;,decode,(Ljava/lang/String;)Ljava/lang/String;,1
Landroid/telecom/PhoneAccountHandle;,getComponentName,()Landroid/content/ComponentName;,1
Landroid/content/Intent;,putExtras,(Landroid/os/Bundle;)Landroid/content/Intent;,1
Landroid/content/Intent;,getLongArrayExtra,(Ljava/lang/String;)[J,1
Landroid/app/RemoteInput;,getResultsFromIntent,(Landroid/content/Intent;)Landroid/os/Bundle;,1
Landroid/os/Bundle;,getCharSequence,(Ljava/lang/String;)Ljava/lang/CharSequence;,1
Landroid/os/Handler;,sendEmptyMessageDelayed,(I J)Z,1
Landroid/media/MediaPlayer;,release,()V,1
Landroid/os/Vibrator;,cancel,()V,1
Landroid/media/MediaPlayer;,stop,()V,1
Landroid/media/AudioManager;,abandonAudioFocusRequest,(Landroid/media/AudioFocusRequest;)I,1
Landroid/app/Service;,getString,(I [Ljava/lang/Object;)Ljava/lang/String;,1
Landroid/app/Service;,getApplicationContext,()Landroid/content/Context;,1
Landroid/app/Service;,stopSelf,()V,1
Landroid/os/SystemClock;,elapsedRealtime,()J,1
Landroid/app/RemoteInput$Builder;,setAllowDataType,(Ljava/lang/String; Z)Landroid/app/RemoteInput$Builder;,1
Landroid/app/Notification$BubbleMetadata$Builder;,<init>,(Landroid/app/PendingIntent; Landroid/graphics/drawable/Icon;)V,1
Landroid/app/Notification$Builder;,setLocusId,(Landroid/content/LocusId;)Landroid/app/Notification$Builder;,1
Landroid/app/Notification$Builder;,setSmallIcon,(Landroid/graphics/drawable/Icon;)Landroid/app/Notification$Builder;,1
Landroid/app/Notification$BubbleMetadata$Builder;,<init>,(Ljava/lang/String;)V,1
Landroid/content/res/Configuration;,setLocale,(Ljava/util/Locale;)V,1
Landroid/content/Context;,getText,(I)Ljava/lang/CharSequence;,1
Landroid/content/Context;,createConfigurationContext,(Landroid/content/res/Configuration;)Landroid/content/Context;,1
Landroid/app/Notification$BigTextStyle;,setBigContentTitle,(Ljava/lang/CharSequence;)Landroid/app/Notification$BigTextStyle;,1
Landroid/app/Notification$BigTextStyle;,<init>,(Landroid/app/Notification$Builder;)V,1
Landroid/support/v4/media/b;,j,(Ljava/lang/String;)Ljava/lang/StringBuilder;,1
Landroid/app/Notification$BigTextStyle;,bigText,(Ljava/lang/CharSequence;)Landroid/app/Notification$BigTextStyle;,1
Landroid/support/v4/media/b;,k,(Ljava/lang/String; I Ljava/lang/String;)Ljava/lang/StringBuilder;,1
Landroid/database/ContentObserver;,<init>,(Landroid/os/Handler;)V,1
Landroid/app/AlarmManager;,setInexactRepeating,(I J J Landroid/app/PendingIntent;)V,1
Landroid/os/Bundle;,putLong,(Ljava/lang/String; J)V,1
Landroid/content/res/XmlResourceParser;,getEventType,()I,1
Landroid/support/v4/media/a;,a,(Ljava/lang/Class;)Ljava/lang/Object;,1
Landroid/support/v4/media/b;,h,(Ljava/lang/StringBuilder; Ljava/lang/String; Ljava/lang/String;)Ljava/lang/String;,1
Landroid/telecom/Call$Details;,toString,()Ljava/lang/String;,1
Landroid/content/Intent;,putExtra,(Ljava/lang/String; Landroid/os/Bundle;)Landroid/content/Intent;,1
Landroid/content/Intent;,toString,()Ljava/lang/String;,1
Landroid/os/Process;,myTid,()I,1
Landroid/app/PendingIntent;,send,(Landroid/content/Context; I Landroid/content/Intent;)V,1
Landroid/telephony/TelephonyManager;,getNetworkCountryIso,()Ljava/lang/String;,1
Landroid/view/WindowManager$LayoutParams;,<init>,(I I I I I)V,1
Landroid/content/ComponentName;,<init>,(Ljava/lang/String; Ljava/lang/String;)V,1
Landroid/content/pm/PackageManager;,getActivityInfo,(Landroid/content/ComponentName; I)Landroid/content/pm/ActivityInfo;,1
Landroid/content/Intent;,makeMainActivity,(Landroid/content/ComponentName;)Landroid/content/Intent;,1
Landroid/content/Intent;,getComponent,()Landroid/content/ComponentName;,1
Landroid/content/Intent;,<init>,(Landroid/content/Intent;)V,1
Landroid/app/PendingIntent;,getActivities,(Landroid/content/Context; I [Landroid/content/Intent; I)Landroid/app/PendingIntent;,1
Landroid/app/PendingIntent;,getActivities,(Landroid/content/Context; I [Landroid/content/Intent; I Landroid/os/Bundle;)Landroid/app/PendingIntent;,1
Landroid/app/NotificationChannel;,setDescription,(Ljava/lang/String;)V,1
Landroid/app/NotificationChannel;,enableLights,(Z)V,1
Landroid/app/NotificationChannel;,enableVibration,(Z)V,1
Landroid/app/NotificationChannel;,setLockscreenVisibility,(I)V,1
Landroid/app/NotificationChannel;,shouldShowLights,()Z,1
Landroid/media/RingtoneManager;,getDefaultUri,(I)Landroid/net/Uri;,1
Landroid/media/AudioAttributes$Builder;,setContentType,(I)Landroid/media/AudioAttributes$Builder;,1
Landroid/telecom/Call$Details;,getCreationTimeMillis,()J,1
Landroid/telecom/GatewayInfo;,getGatewayAddress,()Landroid/net/Uri;,1
Landroid/telecom/Call$Details;,getStatusHints,()Landroid/telecom/StatusHints;,1
Landroid/telephony/TelephonyManager;,isNetworkRoaming,()Z,1
Landroid/telecom/StatusHints;,getLabel,()Ljava/lang/CharSequence;,1
Landroid/os/PowerManager;,isScreenOn,()Z,1
Landroid/telecom/InCallService;,onConnectionEvent,(Landroid/telecom/Call; Ljava/lang/String; Landroid/os/Bundle;)V,1
Landroid/content/Intent;,setClass,(Landroid/content/Context; Ljava/lang/Class;)Landroid/content/Intent;,1
Landroid/app/Application;,getSharedPreferences,(Ljava/lang/String; I)Landroid/content/SharedPreferences;,1
Landroid/database/sqlite/SQLiteOpenHelper;,getWritableDatabase,()Landroid/database/sqlite/SQLiteDatabase;,1
Landroid/app/Application;,getFilesDir,()Ljava/io/File;,1
Landroid/app/Application;,openFileInput,(Ljava/lang/String;)Ljava/io/FileInputStream;,1
Landroid/app/Application;,getPackageName,()Ljava/lang/String;,1
Landroid/app/Application;,getPackageManager,()Landroid/content/pm/PackageManager;,1
Landroid/database/sqlite/SQLiteDatabase;,query,(Z Ljava/lang/String; [Ljava/lang/String; Ljava/lang/String; [Ljava/lang/String; Ljava/lang/String; Ljava/lang/String; Ljava/lang/String; Ljava/lang/String;)Landroid/database/Cursor;,1
Landroid/database/sqlite/SQLiteOpenHelper;,getReadableDatabase,()Landroid/database/sqlite/SQLiteDatabase;,1
Landroid/app/Application;,getString,(I)Ljava/lang/String;,1
Landroid/database/Cursor;,getCount,()I,1
Landroid/database/Cursor;,getColumnCount,()I,1
Landroid/telephony/PhoneNumberUtils;,isEmergencyNumber,(Ljava/lang/String;)Z,1
Landroid/telecom/CallScreeningService$CallResponse$Builder;,setSilenceCall,(Z)Landroid/telecom/CallScreeningService$CallResponse$Builder;,1
Landroid/app/Application;,getContentResolver,()Landroid/content/ContentResolver;,1
Landroid/content/ContentUris;,withAppendedId,(Landroid/net/Uri; J)Landroid/net/Uri;,1
Landroid/app/Application;,checkSelfPermission,(Ljava/lang/String;)I,1
Landroid/app/Application;,getString,(I [Ljava/lang/Object;)Ljava/lang/String;,1
Landroid/telecom/DisconnectCause;,getCode,()I,1
Landroid/app/Application;,getSystemService,(Ljava/lang/String;)Ljava/lang/Object;,1
Landroid/content/ContentResolver;,update,(Landroid/net/Uri; Landroid/content/ContentValues; Ljava/lang/String; [Ljava/lang/String;)I,1
Landroid/app/Application;,getCacheDir,()Ljava/io/File;,1
Landroid/app/Application;,getExternalCacheDir,()Ljava/io/File;,1
Landroid/app/Application;,getExternalCacheDirs,()[Ljava/io/File;,1
Landroid/widget/EditText;,getText,()Landroid/text/Editable;,1
Landroid/widget/MultiAutoCompleteTextView;,getText,()Landroid/text/Editable;,1
Landroid/text/SpannableStringBuilder;,<init>,(Ljava/lang/CharSequence;)V,1
Landroid/widget/MultiAutoCompleteTextView;,length,()I,1
Landroid/text/SpannableStringBuilder;,getSpans,(I I Ljava/lang/Class;)[Ljava/lang/Object;,1
Landroid/app/ListActivity;,getFilesDir,()Ljava/io/File;,1
Landroid/app/ListActivity;,findViewById,(I)Landroid/view/View;,1
Landroid/app/ListActivity;,finish,()V,1
Landroid/telecom/InCallService;,startActivity,(Landroid/content/Intent;)V,1
Landroid/media/AudioManager;,setVibrateSetting,(I I)V,1
Landroid/media/AudioManager;,getVibrateSetting,(I)I,1
Landroid/app/Activity;,startService,(Landroid/content/Intent;)Landroid/content/ComponentName;,1
Landroid/app/Activity;,createPendingResult,(I Landroid/content/Intent; I)Landroid/app/PendingIntent;,1
Landroid/telephony/TelephonyManager;,getNetworkOperatorName,()Ljava/lang/String;,1
Landroid/telephony/TelephonyManager;,getLine1Number,()Ljava/lang/String;,1
Landroid/telephony/TelephonyManager;,getDeviceId,()Ljava/lang/String;,1
Landroid/telephony/TelephonyManager;,getSimState,()I,1
Landroid/telephony/TelephonyManager;,getSimSerialNumber,()Ljava/lang/String;,1
Landroid/widget/TabHost;,setVisibility,(I)V,1
Landroid/view/ViewGroup;,setVisibility,(I)V,1
Landroid/widget/ImageView;,bringToFront,()V,1
Landroid/view/View;,offsetTopAndBottom,(I)V,1
Landroid/view/View;,getTop,()I,1
Landroid/view/View;,getBottom,()I,1
Landroid/view/View;,getLeft,()I,1
Landroid/view/View;,getRight,()I,1
Landroid/graphics/Rect;,intersect,(I I I I)Z,1
Landroid/graphics/Rect;,intersects,(I I I I)Z,1
Landroid/graphics/Rect;,set,(I I I I)V,1
Landroid/view/View;,invalidate,(Landroid/graphics/Rect;)V,1
Landroid/graphics/Rect;,setEmpty,()V,1
Landroid/widget/ImageView;,getTop,()I,1
Landroid/widget/ImageView;,startAnimation,(Landroid/view/animation/Animation;)V,1
Landroid/view/animation/Animation;,reset,()V,1
Landroid/widget/ImageView;,clearAnimation,()V,1
Landroid/view/animation/Animation;,setDuration,(J)V,1
Landroid/view/animation/Animation;,setInterpolator,(Landroid/view/animation/Interpolator;)V,1
Landroid/view/animation/Animation;,<init>,()V,1
Landroid/widget/ListView;,setVisibility,(I)V,1
Landroid/widget/ListView;,setAdapter,(Landroid/widget/ListAdapter;)V,1
Landroid/widget/BaseAdapter;,<init>,()V,1
Landroid/widget/EditText;,setVisibility,(I)V,1
Landroid/widget/ListView;,getVisibility,()I,1
Landroid/widget/BaseAdapter;,notifyDataSetChanged,()V,1
Landroid/widget/FrameLayout;,clearAnimation,()V,1
Landroid/app/Activity;,startActivity,(Landroid/content/Intent;)V,1
Landroid/net/NetworkInfo;,isAvailable,()Z,1
Landroid/provider/Telephony$Sms;,getDefaultSmsPackage,(Landroid/content/Context;)Ljava/lang/String;,1
Landroid/telephony/SmsMessage;,getTimestampMillis,()J,1
Landroid/telephony/SmsMessage;,getMessageBody,()Ljava/lang/String;,1
Landroid/telephony/SmsMessage;,createFromPdu,([B)Landroid/telephony/SmsMessage;,1
Landroid/content/BroadcastReceiver;,clearAbortBroadcast,()V,1
Landroid/content/Intent;,getType,()Ljava/lang/String;,1
Landroid/content/Intent;,setClassName,(Ljava/lang/String; Ljava/lang/String;)Landroid/content/Intent;,1
Landroid/content/res/XmlResourceParser;,getAttributeValue,(I)Ljava/lang/String;,1
Landroid/content/res/XmlResourceParser;,getAttributeName,(I)Ljava/lang/String;,1
Landroid/content/res/XmlResourceParser;,close,()V,1
Landroid/content/pm/PackageManager;,getComponentEnabledSetting,(Landroid/content/ComponentName;)I,1
Landroid/telephony/PhoneNumberUtils;,normalizeNumber,(Ljava/lang/String;)Ljava/lang/String;,1
Landroid/telecom/Call$Details;,getCallerNumberVerificationStatus,()I,1
Landroid/telecom/Call$Details;,getHandlePresentation,()I,1
Landroid/content/SharedPreferences;,contains,(Ljava/lang/String;)Z,1
Landroid/content/SharedPreferences$Editor;,remove,(Ljava/lang/String;)Landroid/content/SharedPreferences$Editor;,1
Landroid/provider/Settings$System;,getInt,(Landroid/content/ContentResolver; Ljava/lang/String;)I,1
Landroid/content/Context;,getExternalCacheDir,()Ljava/io/File;,1
Landroid/app/job/JobScheduler;,schedule,(Landroid/app/job/JobInfo;)I,1
Landroid/app/job/JobScheduler;,cancelAll,()V,1
Landroid/os/Bundle;,getString,(Ljava/lang/String; Ljava/lang/String;)Ljava/lang/String;,1
Landroid/telephony/SmsMessage;,getDisplayMessageBody,()Ljava/lang/String;,1
Landroid/provider/Telephony$Sms$Intents;,getMessagesFromIntent,(Landroid/content/Intent;)[Landroid/telephony/SmsMessage;,1
Landroid/os/PowerManager$WakeLock;,acquire,()V,1
Landroid/os/PowerManager;,isWakeLockLevelSupported,(I)Z,1
Landroid/telecom/DisconnectCause;,getReason,()Ljava/lang/String;,1
Landroid/app/NotificationManager;,notify,(Ljava/lang/String; I Landroid/app/Notification;)V,1
