Landroid/telecom/ParcelableCall$1;,,<init>,()V
Landroid/telecom/ParcelableCall$1;,,createFromParcel,(Landroid/os/Parcel;)Ljava/lang/Object;
Landroid/telecom/ParcelableCall$1;,,newArray,(I)[Ljava/lang/Object;
Landroid/telecom/ParcelableCall;,,<clinit>,()V
Landroid/telecom/ParcelableCall;,,<init>,()V
Landroid/telecom/ParcelableCall;,,describeContents,()I
Landroid/telecom/ParcelableCall;,,writeToParcel,(Landroid/os/Parcel; I)V
Landroidx/appcompat/app/AppCompatDelegateImpl$f$1;,Landroid/content/BroadcastReceiver;,<init>,(Landroidx/appcompat/app/AppCompatDelegateImpl$f;)V
Landroidx/appcompat/app/AppCompatDelegateImpl$f$1;,Landroid/content/BroadcastReceiver;,onReceive,(Landroid/content/Context; Landroid/content/Intent;)V
Landroidx/legacy/content/WakefulBroadcastReceiver;,Landroid/content/BroadcastReceiver;,<clinit>,()V
Landroidx/legacy/content/WakefulBroadcastReceiver;,Landroid/content/BroadcastReceiver;,<init>,()V
Landroidx/legacy/content/WakefulBroadcastReceiver;,Landroid/content/BroadcastReceiver;,a,(Landroid/content/Context; Landroid/content/Intent;)Landroid/content/ComponentName;
Landroidx/legacy/content/WakefulBroadcastReceiver;,Landroid/content/BroadcastReceiver;,a,(Landroid/content/Intent;)Z
Landroidx/media/session/MediaButtonReceiver;,Landroid/content/BroadcastReceiver;,<init>,()V
Landroidx/media/session/MediaButtonReceiver;,Landroid/content/BroadcastReceiver;,a,(Landroid/content/Context;)Landroid/content/ComponentName;
Landroidx/media/session/MediaButtonReceiver;,Landroid/content/BroadcastReceiver;,a,(Landroid/content/Context; Ljava/lang/String;)Landroid/content/ComponentName;
Landroidx/media/session/MediaButtonReceiver;,Landroid/content/BroadcastReceiver;,onReceive,(Landroid/content/Context; Landroid/content/Intent;)V
Landroidx/media/session/MediaButtonReceiver;,Landroid/content/BroadcastReceiver;,goAsync,()Landroid/content/BroadcastReceiver$PendingResult;
Landroidx/media2/exoplayer/external/upstream/j$b;,Landroid/content/BroadcastReceiver;,<init>,()V
Landroidx/media2/exoplayer/external/upstream/j$b;,Landroid/content/BroadcastReceiver;,a,(Landroid/content/Context;)Landroidx/media2/exoplayer/external/upstream/j$b;
Landroidx/media2/exoplayer/external/upstream/j$b;,Landroid/content/BroadcastReceiver;,a,()V
Landroidx/media2/exoplayer/external/upstream/j$b;,Landroid/content/BroadcastReceiver;,b,(Landroidx/media2/exoplayer/external/upstream/j;)V
Landroidx/media2/exoplayer/external/upstream/j$b;,Landroid/content/BroadcastReceiver;,a,(Landroidx/media2/exoplayer/external/upstream/j;)V
Landroidx/media2/exoplayer/external/upstream/j$b;,Landroid/content/BroadcastReceiver;,onReceive,(Landroid/content/Context; Landroid/content/Intent;)V
Landroidx/media2/exoplayer/external/upstream/j$b;,Landroid/content/BroadcastReceiver;,isInitialStickyBroadcast,()Z
Landroidx/media2/player/a$b$b;,Landroid/content/BroadcastReceiver;,<init>,(Landroidx/media2/player/a$b;)V
Landroidx/media2/player/a$b$b;,Landroid/content/BroadcastReceiver;,onReceive,(Landroid/content/Context; Landroid/content/Intent;)V
Landroidx/media2/session/n$b;,Landroid/content/BroadcastReceiver;,<init>,(Landroidx/media2/session/n;)V
Landroidx/media2/session/n$b;,Landroid/content/BroadcastReceiver;,onReceive,(Landroid/content/Context; Landroid/content/Intent;)V
Landroidx/work/impl/a/b/c$1;,Landroid/content/BroadcastReceiver;,<init>,(Landroidx/work/impl/a/b/c;)V
Landroidx/work/impl/a/b/c$1;,Landroid/content/BroadcastReceiver;,onReceive,(Landroid/content/Context; Landroid/content/Intent;)V
Landroidx/work/impl/a/b/e$a;,Landroid/content/BroadcastReceiver;,<init>,(Landroidx/work/impl/a/b/e;)V
Landroidx/work/impl/a/b/e$a;,Landroid/content/BroadcastReceiver;,onReceive,(Landroid/content/Context; Landroid/content/Intent;)V
Landroidx/work/impl/background/systemalarm/ConstraintProxy;,Landroid/content/BroadcastReceiver;,<clinit>,()V
Landroidx/work/impl/background/systemalarm/ConstraintProxy;,Landroid/content/BroadcastReceiver;,<init>,()V
Landroidx/work/impl/background/systemalarm/ConstraintProxy;,Landroid/content/BroadcastReceiver;,a,(Landroid/content/Context; Ljava/util/List;)V
Landroidx/work/impl/background/systemalarm/ConstraintProxy;,Landroid/content/BroadcastReceiver;,onReceive,(Landroid/content/Context; Landroid/content/Intent;)V
Landroidx/work/impl/background/systemalarm/ConstraintProxyUpdateReceiver;,Landroid/content/BroadcastReceiver;,<clinit>,()V
Landroidx/work/impl/background/systemalarm/ConstraintProxyUpdateReceiver;,Landroid/content/BroadcastReceiver;,<init>,()V
Landroidx/work/impl/background/systemalarm/ConstraintProxyUpdateReceiver;,Landroid/content/BroadcastReceiver;,a,(Landroid/content/Context; Z Z Z Z)Landroid/content/Intent;
Landroidx/work/impl/background/systemalarm/ConstraintProxyUpdateReceiver;,Landroid/content/BroadcastReceiver;,onReceive,(Landroid/content/Context; Landroid/content/Intent;)V
Landroidx/work/impl/background/systemalarm/ConstraintProxyUpdateReceiver;,Landroid/content/BroadcastReceiver;,goAsync,()Landroid/content/BroadcastReceiver$PendingResult;
Landroidx/work/impl/background/systemalarm/RescheduleReceiver;,Landroid/content/BroadcastReceiver;,<clinit>,()V
Landroidx/work/impl/background/systemalarm/RescheduleReceiver;,Landroid/content/BroadcastReceiver;,<init>,()V
Landroidx/work/impl/background/systemalarm/RescheduleReceiver;,Landroid/content/BroadcastReceiver;,onReceive,(Landroid/content/Context; Landroid/content/Intent;)V
Landroidx/work/impl/background/systemalarm/RescheduleReceiver;,Landroid/content/BroadcastReceiver;,goAsync,()Landroid/content/BroadcastReceiver$PendingResult;
Landroidx/work/impl/diagnostics/DiagnosticsReceiver;,Landroid/content/BroadcastReceiver;,<clinit>,()V
Landroidx/work/impl/diagnostics/DiagnosticsReceiver;,Landroid/content/BroadcastReceiver;,<init>,()V
Landroidx/work/impl/diagnostics/DiagnosticsReceiver;,Landroid/content/BroadcastReceiver;,onReceive,(Landroid/content/Context; Landroid/content/Intent;)V
Landroidx/work/impl/utils/ForceStopRunnable$BroadcastReceiver;,Landroid/content/BroadcastReceiver;,<clinit>,()V
Landroidx/work/impl/utils/ForceStopRunnable$BroadcastReceiver;,Landroid/content/BroadcastReceiver;,<init>,()V
Landroidx/work/impl/utils/ForceStopRunnable$BroadcastReceiver;,Landroid/content/BroadcastReceiver;,onReceive,(Landroid/content/Context; Landroid/content/Intent;)V
Lcom/amazonaws/mobileconnectors/s3/transferutility/TransferNetworkLossHandler;,Landroid/content/BroadcastReceiver;,<clinit>,()V
Lcom/amazonaws/mobileconnectors/s3/transferutility/TransferNetworkLossHandler;,Landroid/content/BroadcastReceiver;,<init>,(Landroid/content/Context;)V
Lcom/amazonaws/mobileconnectors/s3/transferutility/TransferNetworkLossHandler;,Landroid/content/BroadcastReceiver;,a,()Lcom/amazonaws/mobileconnectors/s3/transferutility/TransferNetworkLossHandler;
Lcom/amazonaws/mobileconnectors/s3/transferutility/TransferNetworkLossHandler;,Landroid/content/BroadcastReceiver;,a,(Landroid/content/Context;)Lcom/amazonaws/mobileconnectors/s3/transferutility/TransferNetworkLossHandler;
Lcom/amazonaws/mobileconnectors/s3/transferutility/TransferNetworkLossHandler;,Landroid/content/BroadcastReceiver;,a,(Lcom/amazonaws/mobileconnectors/s3/transferutility/TransferNetworkLossHandler;)V
Lcom/amazonaws/mobileconnectors/s3/transferutility/TransferNetworkLossHandler;,Landroid/content/BroadcastReceiver;,b,(Lcom/amazonaws/mobileconnectors/s3/transferutility/TransferNetworkLossHandler;)V
Lcom/amazonaws/mobileconnectors/s3/transferutility/TransferNetworkLossHandler;,Landroid/content/BroadcastReceiver;,c,()V
Lcom/amazonaws/mobileconnectors/s3/transferutility/TransferNetworkLossHandler;,Landroid/content/BroadcastReceiver;,d,()V
Lcom/amazonaws/mobileconnectors/s3/transferutility/TransferNetworkLossHandler;,Landroid/content/BroadcastReceiver;,b,()Z
Lcom/amazonaws/mobileconnectors/s3/transferutility/TransferNetworkLossHandler;,Landroid/content/BroadcastReceiver;,onReceive,(Landroid/content/Context; Landroid/content/Intent;)V
Lcom/android/billingclient/api/af;,Landroid/content/BroadcastReceiver;,<init>,(Lcom/android/billingclient/api/ag; Lcom/android/billingclient/api/j; Lcom/android/billingclient/api/ae;)V
Lcom/android/billingclient/api/af;,Landroid/content/BroadcastReceiver;,a,(Lcom/android/billingclient/api/af;)Lcom/android/billingclient/api/j;
Lcom/android/billingclient/api/af;,Landroid/content/BroadcastReceiver;,onReceive,(Landroid/content/Context; Landroid/content/Intent;)V
Lcom/appsflyer/MultipleInstallBroadcastReceiver;,Landroid/content/BroadcastReceiver;,<init>,()V
Lcom/appsflyer/MultipleInstallBroadcastReceiver;,Landroid/content/BroadcastReceiver;,onReceive,(Landroid/content/Context; Landroid/content/Intent;)V
Lcom/appsflyer/SingleInstallBroadcastReceiver;,Landroid/content/BroadcastReceiver;,<init>,()V
Lcom/appsflyer/SingleInstallBroadcastReceiver;,Landroid/content/BroadcastReceiver;,onReceive,(Landroid/content/Context; Landroid/content/Intent;)V
Lcom/bumptech/glide/manager/e$1;,Landroid/content/BroadcastReceiver;,<init>,(Lcom/bumptech/glide/manager/e;)V
Lcom/bumptech/glide/manager/e$1;,Landroid/content/BroadcastReceiver;,onReceive,(Landroid/content/Context; Landroid/content/Intent;)V
Lcom/bytedance/sdk/openadsdk/activity/TTVideoLandingPageActivity$8;,Landroid/content/BroadcastReceiver;,<init>,(Lcom/bytedance/sdk/openadsdk/activity/TTVideoLandingPageActivity;)V
Lcom/bytedance/sdk/openadsdk/activity/TTVideoLandingPageActivity$8;,Landroid/content/BroadcastReceiver;,onReceive,(Landroid/content/Context; Landroid/content/Intent;)V
Lcom/bytedance/sdk/openadsdk/component/reward/c$3;,Landroid/content/BroadcastReceiver;,<init>,(Lcom/bytedance/sdk/openadsdk/component/reward/c;)V
Lcom/bytedance/sdk/openadsdk/component/reward/c$3;,Landroid/content/BroadcastReceiver;,onReceive,(Landroid/content/Context; Landroid/content/Intent;)V
Lcom/bytedance/sdk/openadsdk/component/reward/h$3;,Landroid/content/BroadcastReceiver;,<init>,(Lcom/bytedance/sdk/openadsdk/component/reward/h;)V
Lcom/bytedance/sdk/openadsdk/component/reward/h$3;,Landroid/content/BroadcastReceiver;,onReceive,(Landroid/content/Context; Landroid/content/Intent;)V
Lcom/bytedance/sdk/openadsdk/core/h/c$a;,Landroid/content/BroadcastReceiver;,<init>,(Lcom/bytedance/sdk/openadsdk/core/h/c;)V
Lcom/bytedance/sdk/openadsdk/core/h/c$a;,Landroid/content/BroadcastReceiver;,<init>,(Lcom/bytedance/sdk/openadsdk/core/h/c; Lcom/bytedance/sdk/openadsdk/core/h/c$1;)V
Lcom/bytedance/sdk/openadsdk/core/h/c$a;,Landroid/content/BroadcastReceiver;,onReceive,(Landroid/content/Context; Landroid/content/Intent;)V
Lcom/bytedance/sdk/openadsdk/core/video/c/a$5;,Landroid/content/BroadcastReceiver;,<init>,(Lcom/bytedance/sdk/openadsdk/core/video/c/a;)V
Lcom/bytedance/sdk/openadsdk/core/video/c/a$5;,Landroid/content/BroadcastReceiver;,onReceive,(Landroid/content/Context; Landroid/content/Intent;)V
Lcom/bytedance/sdk/openadsdk/core/video/nativevideo/f$7;,Landroid/content/BroadcastReceiver;,<init>,(Lcom/bytedance/sdk/openadsdk/core/video/nativevideo/f;)V
Lcom/bytedance/sdk/openadsdk/core/video/nativevideo/f$7;,Landroid/content/BroadcastReceiver;,onReceive,(Landroid/content/Context; Landroid/content/Intent;)V
Lcom/bytedance/sdk/openadsdk/d/h$c;,Landroid/content/BroadcastReceiver;,<init>,(Lcom/bytedance/sdk/openadsdk/d/h;)V
Lcom/bytedance/sdk/openadsdk/d/h$c;,Landroid/content/BroadcastReceiver;,<init>,(Lcom/bytedance/sdk/openadsdk/d/h; Lcom/bytedance/sdk/openadsdk/d/h$1;)V
Lcom/bytedance/sdk/openadsdk/d/h$c;,Landroid/content/BroadcastReceiver;,onReceive,(Landroid/content/Context; Landroid/content/Intent;)V
Lcom/bytedance/sdk/openadsdk/h/g$a;,Landroid/content/BroadcastReceiver;,<init>,(Lcom/bytedance/sdk/openadsdk/h/g;)V
Lcom/bytedance/sdk/openadsdk/h/g$a;,Landroid/content/BroadcastReceiver;,onReceive,(Landroid/content/Context; Landroid/content/Intent;)V
Lcom/bytedance/sdk/openadsdk/utils/HomeWatcherReceiver;,Landroid/content/BroadcastReceiver;,<init>,()V
Lcom/bytedance/sdk/openadsdk/utils/HomeWatcherReceiver;,Landroid/content/BroadcastReceiver;,a,(Lcom/bytedance/sdk/openadsdk/utils/HomeWatcherReceiver$a;)V
Lcom/bytedance/sdk/openadsdk/utils/HomeWatcherReceiver;,Landroid/content/BroadcastReceiver;,onReceive,(Landroid/content/Context; Landroid/content/Intent;)V
Lcom/bytedance/sdk/openadsdk/utils/h$b;,Landroid/content/BroadcastReceiver;,<init>,()V
Lcom/bytedance/sdk/openadsdk/utils/h$b;,Landroid/content/BroadcastReceiver;,onReceive,(Landroid/content/Context; Landroid/content/Intent;)V
Landroidx/work/impl/background/systemalarm/ConstraintProxy$BatteryChargingProxy;,Landroidx/work/impl/background/systemalarm/ConstraintProxy;Landroid/content/BroadcastReceiver;,<init>,()V
Landroidx/work/impl/background/systemalarm/ConstraintProxy$BatteryChargingProxy;,Landroidx/work/impl/background/systemalarm/ConstraintProxy;Landroid/content/BroadcastReceiver;,onReceive,(Landroid/content/Context; Landroid/content/Intent;)V
Landroidx/work/impl/background/systemalarm/ConstraintProxy$BatteryNotLowProxy;,Landroidx/work/impl/background/systemalarm/ConstraintProxy;Landroid/content/BroadcastReceiver;,<init>,()V
Landroidx/work/impl/background/systemalarm/ConstraintProxy$BatteryNotLowProxy;,Landroidx/work/impl/background/systemalarm/ConstraintProxy;Landroid/content/BroadcastReceiver;,onReceive,(Landroid/content/Context; Landroid/content/Intent;)V
Landroidx/work/impl/background/systemalarm/ConstraintProxy$NetworkStateProxy;,Landroidx/work/impl/background/systemalarm/ConstraintProxy;Landroid/content/BroadcastReceiver;,<init>,()V
Landroidx/work/impl/background/systemalarm/ConstraintProxy$NetworkStateProxy;,Landroidx/work/impl/background/systemalarm/ConstraintProxy;Landroid/content/BroadcastReceiver;,onReceive,(Landroid/content/Context; Landroid/content/Intent;)V
Landroidx/work/impl/background/systemalarm/ConstraintProxy$StorageNotLowProxy;,Landroidx/work/impl/background/systemalarm/ConstraintProxy;Landroid/content/BroadcastReceiver;,<init>,()V
Landroidx/work/impl/background/systemalarm/ConstraintProxy$StorageNotLowProxy;,Landroidx/work/impl/background/systemalarm/ConstraintProxy;Landroid/content/BroadcastReceiver;,onReceive,(Landroid/content/Context; Landroid/content/Intent;)V
Lcom/callapp/contacts/activity/contact/details/overlay/MultipleIncomingSmsOverlayView$2;,Landroid/content/BroadcastReceiver;,<init>,(Lcom/callapp/contacts/activity/contact/details/overlay/MultipleIncomingSmsOverlayView;)V
Lcom/callapp/contacts/activity/contact/details/overlay/MultipleIncomingSmsOverlayView$2;,Landroid/content/BroadcastReceiver;,onReceive,(Landroid/content/Context; Landroid/content/Intent;)V
Lcom/callapp/contacts/activity/records/LowDeviceStorageBroadcastReceiver;,Landroid/content/BroadcastReceiver;,<init>,()V
Lcom/callapp/contacts/activity/records/LowDeviceStorageBroadcastReceiver;,Landroid/content/BroadcastReceiver;,onReceive,(Landroid/content/Context; Landroid/content/Intent;)V
Lcom/callapp/contacts/inCallService/CallAppCallScreeningService;,Landroid/telecom/CallScreeningService;,<init>,()V
Lcom/callapp/contacts/inCallService/CallAppCallScreeningService;,Landroid/telecom/CallScreeningService;,a,(Landroid/telecom/Call$Details;)V
Lcom/callapp/contacts/inCallService/CallAppCallScreeningService;,Landroid/telecom/CallScreeningService;,onScreenCall,(Landroid/telecom/Call$Details;)V
Lcom/callapp/contacts/inCallService/CallAppCallScreeningService;,Landroid/telecom/CallScreeningService;,respondToCall,(Landroid/telecom/Call$Details; Landroid/telecom/CallScreeningService$CallResponse;)V
Lcom/callapp/contacts/inCallService/InCallScreenStateReceiver;,Landroid/content/BroadcastReceiver;,<init>,()V
Lcom/callapp/contacts/inCallService/InCallScreenStateReceiver;,Landroid/content/BroadcastReceiver;,onReceive,(Landroid/content/Context; Landroid/content/Intent;)V
Lcom/callapp/contacts/inCallService/InCallServiceImpl;,Landroid/telecom/InCallService;,<init>,()V
Lcom/callapp/contacts/inCallService/InCallServiceImpl;,Landroid/telecom/InCallService;,onBind,(Landroid/content/Intent;)Landroid/os/IBinder;
Lcom/callapp/contacts/inCallService/InCallServiceImpl;,Landroid/telecom/InCallService;,onBringToForeground,(Z)V
Lcom/callapp/contacts/inCallService/InCallServiceImpl;,Landroid/telecom/InCallService;,onCallAdded,(Landroid/telecom/Call;)V
Lcom/callapp/contacts/inCallService/InCallServiceImpl;,Landroid/telecom/InCallService;,onCallAudioStateChanged,(Landroid/telecom/CallAudioState;)V
Lcom/callapp/contacts/inCallService/InCallServiceImpl;,Landroid/telecom/InCallService;,onCallRemoved,(Landroid/telecom/Call;)V
Lcom/callapp/contacts/inCallService/InCallServiceImpl;,Landroid/telecom/InCallService;,onCanAddCallChanged,(Z)V
Lcom/callapp/contacts/inCallService/InCallServiceImpl;,Landroid/telecom/InCallService;,onSilenceRinger,()V
Lcom/callapp/contacts/inCallService/InCallServiceImpl;,Landroid/telecom/InCallService;,onUnbind,(Landroid/content/Intent;)Z
Lcom/callapp/contacts/inCallService/InCallServiceImpl;,Landroid/telecom/InCallService;,getApplication,()Landroid/app/Application;
Lcom/callapp/contacts/inCallService/InCallServiceImpl;,Landroid/telecom/InCallService;,getCallAudioState,()Landroid/telecom/CallAudioState;
Lcom/callapp/contacts/manager/FilteredReceiversManager$BroadcastReceiverWrapperFilter;,Landroid/content/BroadcastReceiver;,<init>,(Ljava/util/Set; Landroid/content/BroadcastReceiver;)V
Lcom/callapp/contacts/manager/FilteredReceiversManager$BroadcastReceiverWrapperFilter;,Landroid/content/BroadcastReceiver;,onReceive,(Landroid/content/Context; Landroid/content/Intent;)V
Lcom/callapp/contacts/manager/phone/PhoneStateManager$2;,Landroid/telecom/Call$Callback;,<init>,(Lcom/callapp/contacts/manager/phone/PhoneStateManager;)V
Lcom/callapp/contacts/manager/phone/PhoneStateManager$2;,Landroid/telecom/Call$Callback;,a,(Landroid/telecom/Call;)V
Lcom/callapp/contacts/manager/phone/PhoneStateManager$2;,Landroid/telecom/Call$Callback;,lambda$t7foFZ7JjfLPhMlvTK4Ey78n90E,(Lcom/callapp/contacts/manager/phone/PhoneStateManager$2; Landroid/telecom/Call;)V
Lcom/callapp/contacts/manager/phone/PhoneStateManager$2;,Landroid/telecom/Call$Callback;,onCallDestroyed,(Landroid/telecom/Call;)V
Lcom/callapp/contacts/manager/phone/PhoneStateManager$2;,Landroid/telecom/Call$Callback;,onCannedTextResponsesLoaded,(Landroid/telecom/Call; Ljava/util/List;)V
Lcom/callapp/contacts/manager/phone/PhoneStateManager$2;,Landroid/telecom/Call$Callback;,onChildrenChanged,(Landroid/telecom/Call; Ljava/util/List;)V
Lcom/callapp/contacts/manager/phone/PhoneStateManager$2;,Landroid/telecom/Call$Callback;,onConferenceableCallsChanged,(Landroid/telecom/Call; Ljava/util/List;)V
Lcom/callapp/contacts/manager/phone/PhoneStateManager$2;,Landroid/telecom/Call$Callback;,onDetailsChanged,(Landroid/telecom/Call; Landroid/telecom/Call$Details;)V
Lcom/callapp/contacts/manager/phone/PhoneStateManager$2;,Landroid/telecom/Call$Callback;,onParentChanged,(Landroid/telecom/Call; Landroid/telecom/Call;)V
Lcom/callapp/contacts/manager/phone/PhoneStateManager$2;,Landroid/telecom/Call$Callback;,onPostDialWait,(Landroid/telecom/Call; Ljava/lang/String;)V
Lcom/callapp/contacts/manager/phone/PhoneStateManager$2;,Landroid/telecom/Call$Callback;,onStateChanged,(Landroid/telecom/Call; I)V
Lcom/callapp/contacts/manager/phone/PhoneStateManager$2;,Landroid/telecom/Call$Callback;,onVideoCallChanged,(Landroid/telecom/Call; Landroid/telecom/InCallService$VideoCall;)V
Lcom/callapp/contacts/manager/sim/SimManager$1;,Landroid/telephony/SubscriptionManager$OnSubscriptionsChangedListener;,<init>,(Lcom/callapp/contacts/manager/sim/SimManager;)V
Lcom/callapp/contacts/manager/sim/SimManager$1;,Landroid/telephony/SubscriptionManager$OnSubscriptionsChangedListener;,onSubscriptionsChanged,()V
Lcom/callapp/contacts/receiver/BluetoothReceiver;,Landroid/content/BroadcastReceiver;,<init>,()V
Lcom/callapp/contacts/receiver/BluetoothReceiver;,Landroid/content/BroadcastReceiver;,a,()V
Lcom/callapp/contacts/receiver/BluetoothReceiver;,Landroid/content/BroadcastReceiver;,b,()Z
Lcom/callapp/contacts/receiver/BluetoothReceiver;,Landroid/content/BroadcastReceiver;,getBluetoothCarDeviceList,()Ljava/util/List;
Lcom/callapp/contacts/receiver/BluetoothReceiver;,Landroid/content/BroadcastReceiver;,isCarBluetoothConnected,()Z
Lcom/callapp/contacts/receiver/BluetoothReceiver;,Landroid/content/BroadcastReceiver;,onReceive,(Landroid/content/Context; Landroid/content/Intent;)V
Lcom/callapp/contacts/receiver/BluetoothReceiver;,Landroid/content/BroadcastReceiver;,goAsync,()Landroid/content/BroadcastReceiver$PendingResult;
Lcom/callapp/contacts/receiver/CallAppFirebaseInstanceIdReceiver;,Landroid/content/BroadcastReceiver;,<init>,()V
Lcom/callapp/contacts/receiver/CallAppFirebaseInstanceIdReceiver;,Landroid/content/BroadcastReceiver;,onReceive,(Landroid/content/Context; Landroid/content/Intent;)V
Lcom/callapp/contacts/receiver/CallAppFirebaseInstanceIdReceiver;,Landroid/content/BroadcastReceiver;,abortBroadcast,()V
Lcom/callapp/contacts/receiver/HeadsetReceiver;,Landroid/content/BroadcastReceiver;,<init>,()V
Lcom/callapp/contacts/receiver/HeadsetReceiver;,Landroid/content/BroadcastReceiver;,a,()V
Lcom/callapp/contacts/receiver/HeadsetReceiver;,Landroid/content/BroadcastReceiver;,onReceive,(Landroid/content/Context; Landroid/content/Intent;)V
Lcom/callapp/contacts/receiver/HeadsetReceiver;,Landroid/content/BroadcastReceiver;,goAsync,()Landroid/content/BroadcastReceiver$PendingResult;
Lcom/callapp/contacts/receiver/InstallationReceiver;,Landroid/content/BroadcastReceiver;,<init>,()V
Lcom/callapp/contacts/receiver/InstallationReceiver;,Landroid/content/BroadcastReceiver;,a,()Lcom/android/installreferrer/api/InstallReferrerClient;
Lcom/callapp/contacts/receiver/InstallationReceiver;,Landroid/content/BroadcastReceiver;,a,(Landroid/content/Context;)V
Lcom/callapp/contacts/receiver/InstallationReceiver;,Landroid/content/BroadcastReceiver;,a,(Landroid/content/Context; Ljava/lang/String;)V
Lcom/callapp/contacts/receiver/InstallationReceiver;,Landroid/content/BroadcastReceiver;,a,(Ljava/lang/String;)[Ljava/lang/String;
Lcom/callapp/contacts/receiver/InstallationReceiver;,Landroid/content/BroadcastReceiver;,b,(Ljava/lang/String;)Ljava/lang/String;
Lcom/callapp/contacts/receiver/InstallationReceiver;,Landroid/content/BroadcastReceiver;,setOneFreeStoreGiftReeferPromotion,(Ljava/lang/String;)V
Lcom/callapp/contacts/receiver/InstallationReceiver;,Landroid/content/BroadcastReceiver;,onReceive,(Landroid/content/Context; Landroid/content/Intent;)V
Lcom/callapp/contacts/receiver/PhoneStateReceiver;,Landroid/content/BroadcastReceiver;,<init>,()V
Lcom/callapp/contacts/receiver/PhoneStateReceiver;,Landroid/content/BroadcastReceiver;,onReceive,(Landroid/content/Context; Landroid/content/Intent;)V
Lcom/callapp/contacts/receiver/ScreenOffReceiver;,Landroid/content/BroadcastReceiver;,<init>,()V
Lcom/callapp/contacts/receiver/ScreenOffReceiver;,Landroid/content/BroadcastReceiver;,a,(Landroid/content/Context;)V
Lcom/callapp/contacts/receiver/ScreenOffReceiver;,Landroid/content/BroadcastReceiver;,b,(Landroid/content/Context;)V
Lcom/callapp/contacts/receiver/ScreenOffReceiver;,Landroid/content/BroadcastReceiver;,onReceive,(Landroid/content/Context; Landroid/content/Intent;)V
Lcom/callapp/contacts/receiver/ScreenOffReceiver;,Landroid/content/BroadcastReceiver;,goAsync,()Landroid/content/BroadcastReceiver$PendingResult;
Lcom/callapp/contacts/receiver/ScreenUnlockReceiver;,Landroid/content/BroadcastReceiver;,<clinit>,()V
Lcom/callapp/contacts/receiver/ScreenUnlockReceiver;,Landroid/content/BroadcastReceiver;,<init>,()V
Lcom/callapp/contacts/receiver/ScreenUnlockReceiver;,Landroid/content/BroadcastReceiver;,a,()V
Lcom/callapp/contacts/receiver/ScreenUnlockReceiver;,Landroid/content/BroadcastReceiver;,b,()Ljava/util/concurrent/atomic/AtomicBoolean;
Lcom/callapp/contacts/receiver/ScreenUnlockReceiver;,Landroid/content/BroadcastReceiver;,onReceive,(Landroid/content/Context; Landroid/content/Intent;)V
Lcom/callapp/contacts/receiver/ScreenUnlockReceiver;,Landroid/content/BroadcastReceiver;,goAsync,()Landroid/content/BroadcastReceiver$PendingResult;
Lcom/callapp/contacts/receiver/SdMountReceiver;,Landroid/content/BroadcastReceiver;,<init>,()V
Lcom/callapp/contacts/receiver/SdMountReceiver;,Landroid/content/BroadcastReceiver;,onReceive,(Landroid/content/Context; Landroid/content/Intent;)V
Lcom/callapp/contacts/receiver/SimChangedReceiver;,Landroid/content/BroadcastReceiver;,<init>,()V
Lcom/callapp/contacts/receiver/SimChangedReceiver;,Landroid/content/BroadcastReceiver;,onReceive,(Landroid/content/Context; Landroid/content/Intent;)V
Lcom/callapp/contacts/receiver/SimChangedReceiver;,Landroid/content/BroadcastReceiver;,goAsync,()Landroid/content/BroadcastReceiver$PendingResult;
Lcom/callapp/contacts/receiver/SmsSentReceiver;,Landroid/content/BroadcastReceiver;,<init>,()V
Lcom/callapp/contacts/receiver/SmsSentReceiver;,Landroid/content/BroadcastReceiver;,a,()V
Lcom/callapp/contacts/receiver/SmsSentReceiver;,Landroid/content/BroadcastReceiver;,b,()V
Lcom/callapp/contacts/receiver/SmsSentReceiver;,Landroid/content/BroadcastReceiver;,onReceive,(Landroid/content/Context; Landroid/content/Intent;)V
Lcom/callapp/contacts/receiver/SmsSentReceiver;,Landroid/content/BroadcastReceiver;,goAsync,()Landroid/content/BroadcastReceiver$PendingResult;
Lcom/callapp/contacts/receiver/StartupReceiver;,Landroid/content/BroadcastReceiver;,<init>,()V
Lcom/callapp/contacts/receiver/StartupReceiver;,Landroid/content/BroadcastReceiver;,a,()V
Lcom/callapp/contacts/receiver/StartupReceiver;,Landroid/content/BroadcastReceiver;,onReceive,(Landroid/content/Context; Landroid/content/Intent;)V
Lcom/callapp/contacts/receiver/StartupReceiver;,Landroid/content/BroadcastReceiver;,goAsync,()Landroid/content/BroadcastReceiver$PendingResult;
Lcom/callapp/contacts/util/ads/loaders/BaseMultiSizeAdLoader$MultiSizeAdLoaderBroadcastReceiver;,Landroid/content/BroadcastReceiver;,<init>,(Lcom/callapp/contacts/util/ads/loaders/BaseMultiSizeAdLoader;)V
Lcom/callapp/contacts/util/ads/loaders/BaseMultiSizeAdLoader$MultiSizeAdLoaderBroadcastReceiver;,Landroid/content/BroadcastReceiver;,onReceive,(Landroid/content/Context; Landroid/content/Intent;)V
Lcom/callapp/contacts/widget/floatingwidget/ui/container/WindowManagerContainer$1;,Landroid/content/BroadcastReceiver;,<init>,(Lcom/callapp/contacts/widget/floatingwidget/ui/container/WindowManagerContainer;)V
Lcom/callapp/contacts/widget/floatingwidget/ui/container/WindowManagerContainer$1;,Landroid/content/BroadcastReceiver;,onReceive,(Landroid/content/Context; Landroid/content/Intent;)V
Lcom/explorestack/iab/vast/b$1;,Landroid/content/BroadcastReceiver;,<init>,()V
Lcom/explorestack/iab/vast/b$1;,Landroid/content/BroadcastReceiver;,onReceive,(Landroid/content/Context; Landroid/content/Intent;)V
Lcom/google/android/gms/measurement/internal/dw;,Landroid/content/BroadcastReceiver;,<clinit>,()V
Lcom/google/android/gms/measurement/internal/dw;,Landroid/content/BroadcastReceiver;,<init>,(Lcom/google/android/gms/measurement/internal/jo;)V
Lcom/google/android/gms/measurement/internal/dw;,Landroid/content/BroadcastReceiver;,a,(Lcom/google/android/gms/measurement/internal/dw;)Lcom/google/android/gms/measurement/internal/jo;
Lcom/google/android/gms/measurement/internal/dw;,Landroid/content/BroadcastReceiver;,a,()V
Lcom/google/android/gms/measurement/internal/dw;,Landroid/content/BroadcastReceiver;,b,()V
Lcom/google/android/gms/measurement/internal/dw;,Landroid/content/BroadcastReceiver;,onReceive,(Landroid/content/Context; Landroid/content/Intent;)V
Lcom/callapp/contacts/manager/phone/PhoneStateManager;,Landroid/telephony/PhoneStateListener;,<clinit>,()V
Lcom/callapp/contacts/manager/phone/PhoneStateManager;,Landroid/telephony/PhoneStateListener;,<init>,()V
Lcom/callapp/contacts/manager/phone/PhoneStateManager;,Landroid/telephony/PhoneStateListener;,access$100,(Lcom/callapp/contacts/manager/phone/PhoneStateManager;)Z
Lcom/callapp/contacts/manager/phone/PhoneStateManager;,Landroid/telephony/PhoneStateListener;,access$1000,(Lcom/callapp/contacts/manager/phone/PhoneStateManager;)Z
Lcom/callapp/contacts/manager/phone/PhoneStateManager;,Landroid/telephony/PhoneStateListener;,access$1002,(Lcom/callapp/contacts/manager/phone/PhoneStateManager; Z)Z
Lcom/callapp/contacts/manager/phone/PhoneStateManager;,Landroid/telephony/PhoneStateListener;,access$102,(Lcom/callapp/contacts/manager/phone/PhoneStateManager; Z)Z
Lcom/callapp/contacts/manager/phone/PhoneStateManager;,Landroid/telephony/PhoneStateListener;,access$1100,(Lcom/callapp/contacts/manager/phone/PhoneStateManager;)Ljava/lang/Object;
Lcom/callapp/contacts/manager/phone/PhoneStateManager;,Landroid/telephony/PhoneStateListener;,access$1200,(Lcom/callapp/contacts/manager/phone/PhoneStateManager;)Landroid/media/MediaPlayer;
Lcom/callapp/contacts/manager/phone/PhoneStateManager;,Landroid/telephony/PhoneStateListener;,access$1202,(Lcom/callapp/contacts/manager/phone/PhoneStateManager; Landroid/media/MediaPlayer;)Landroid/media/MediaPlayer;
Lcom/callapp/contacts/manager/phone/PhoneStateManager;,Landroid/telephony/PhoneStateListener;,access$1300,(Lcom/callapp/contacts/manager/phone/PhoneStateManager;)Ljava/lang/Object;
Lcom/callapp/contacts/manager/phone/PhoneStateManager;,Landroid/telephony/PhoneStateListener;,access$1400,(Lcom/callapp/contacts/manager/phone/PhoneStateManager;)Ljava/util/Collection;
Lcom/callapp/contacts/manager/phone/PhoneStateManager;,Landroid/telephony/PhoneStateListener;,access$1500,(Lcom/callapp/contacts/manager/phone/PhoneStateManager;)Ljava/lang/Object;
Lcom/callapp/contacts/manager/phone/PhoneStateManager;,Landroid/telephony/PhoneStateListener;,access$1600,(Lcom/callapp/contacts/manager/phone/PhoneStateManager;)[I
Lcom/callapp/contacts/manager/phone/PhoneStateManager;,Landroid/telephony/PhoneStateListener;,access$1700,(Lcom/callapp/contacts/manager/phone/PhoneStateManager;)V
Lcom/callapp/contacts/manager/phone/PhoneStateManager;,Landroid/telephony/PhoneStateListener;,access$1800,(Lcom/callapp/contacts/manager/phone/PhoneStateManager; Lcom/callapp/contacts/manager/phone/PhoneStateManager$CallStateChangedEvent;)V
Lcom/callapp/contacts/manager/phone/PhoneStateManager;,Landroid/telephony/PhoneStateListener;,access$1900,(Lcom/callapp/contacts/manager/phone/PhoneStateManager;)Lcom/callapp/contacts/manager/TextToSpeechWrapper;
Lcom/callapp/contacts/manager/phone/PhoneStateManager;,Landroid/telephony/PhoneStateListener;,access$1902,(Lcom/callapp/contacts/manager/phone/PhoneStateManager; Lcom/callapp/contacts/manager/TextToSpeechWrapper;)Lcom/callapp/contacts/manager/TextToSpeechWrapper;
Lcom/callapp/contacts/manager/phone/PhoneStateManager;,Landroid/telephony/PhoneStateListener;,access$2000,(Lcom/callapp/contacts/manager/phone/PhoneStateManager; Ljava/lang/String;)V
Lcom/callapp/contacts/manager/phone/PhoneStateManager;,Landroid/telephony/PhoneStateListener;,access$202,(Lcom/callapp/contacts/manager/phone/PhoneStateManager; Z)Z
Lcom/callapp/contacts/manager/phone/PhoneStateManager;,Landroid/telephony/PhoneStateListener;,access$2100,(Lcom/callapp/contacts/manager/phone/PhoneStateManager; Z)V
Lcom/callapp/contacts/manager/phone/PhoneStateManager;,Landroid/telephony/PhoneStateListener;,access$2200,(Lcom/callapp/contacts/manager/phone/PhoneStateManager; Lcom/callapp/contacts/model/call/CallData; J)V
Lcom/callapp/contacts/manager/phone/PhoneStateManager;,Landroid/telephony/PhoneStateListener;,access$2302,(Lcom/callapp/contacts/manager/phone/PhoneStateManager; Z)Z
Lcom/callapp/contacts/manager/phone/PhoneStateManager;,Landroid/telephony/PhoneStateListener;,access$2400,(Ljava/util/Date;)Z
Lcom/callapp/contacts/manager/phone/PhoneStateManager;,Landroid/telephony/PhoneStateListener;,access$2500,(Lcom/callapp/contacts/manager/phone/PhoneStateManager; Landroid/content/Intent; Ljava/lang/String;)V
Lcom/callapp/contacts/manager/phone/PhoneStateManager;,Landroid/telephony/PhoneStateListener;,access$2600,(Lcom/callapp/contacts/manager/phone/PhoneStateManager; Ljava/lang/String; Landroid/content/Intent; Z)V
Lcom/callapp/contacts/manager/phone/PhoneStateManager;,Landroid/telephony/PhoneStateListener;,access$2700,(Lcom/callapp/contacts/manager/phone/PhoneStateManager;)Ljava/util/ArrayList;
Lcom/callapp/contacts/manager/phone/PhoneStateManager;,Landroid/telephony/PhoneStateListener;,access$2800,(Lcom/callapp/contacts/manager/phone/PhoneStateManager; Lcom/callapp/contacts/model/contact/ContactData;)V
Lcom/callapp/contacts/manager/phone/PhoneStateManager;,Landroid/telephony/PhoneStateListener;,access$300,(Lcom/callapp/contacts/manager/phone/PhoneStateManager; Landroid/telecom/Call;)Ljava/lang/String;
Lcom/callapp/contacts/manager/phone/PhoneStateManager;,Landroid/telephony/PhoneStateListener;,access$400,(Lcom/callapp/contacts/manager/phone/PhoneStateManager;)Ljava/util/Map;
Lcom/callapp/contacts/manager/phone/PhoneStateManager;,Landroid/telephony/PhoneStateListener;,access$500,(Lcom/callapp/contacts/manager/phone/PhoneStateManager;)Landroid/os/Handler;
Lcom/callapp/contacts/manager/phone/PhoneStateManager;,Landroid/telephony/PhoneStateListener;,access$600,(Lcom/callapp/contacts/manager/phone/PhoneStateManager; Landroid/telecom/Call;)V
Lcom/callapp/contacts/manager/phone/PhoneStateManager;,Landroid/telephony/PhoneStateListener;,access$700,(Lcom/callapp/contacts/manager/phone/PhoneStateManager; Lcom/callapp/contacts/model/call/CallData;)V
Lcom/callapp/contacts/manager/phone/PhoneStateManager;,Landroid/telephony/PhoneStateListener;,access$800,(Lcom/callapp/contacts/manager/phone/PhoneStateManager;)Z
Lcom/callapp/contacts/manager/phone/PhoneStateManager;,Landroid/telephony/PhoneStateListener;,access$802,(Lcom/callapp/contacts/manager/phone/PhoneStateManager; Z)Z
Lcom/callapp/contacts/manager/phone/PhoneStateManager;,Landroid/telephony/PhoneStateListener;,access$900,(Lcom/callapp/contacts/manager/phone/PhoneStateManager;)Z
Lcom/callapp/contacts/manager/phone/PhoneStateManager;,Landroid/telephony/PhoneStateListener;,acquireScreenWakeLock,()V
Lcom/callapp/contacts/manager/phone/PhoneStateManager;,Landroid/telephony/PhoneStateListener;,addCall,(Lcom/callapp/framework/phone/Phone; Lcom/callapp/contacts/model/call/CallState; Ljava/lang/Boolean;)Lcom/callapp/contacts/model/call/CallData;
Lcom/callapp/contacts/manager/phone/PhoneStateManager;,Landroid/telephony/PhoneStateListener;,addTelecomCall,(Lcom/callapp/contacts/model/call/CallState; Ljava/lang/Boolean; Landroid/telecom/Call;)Lcom/callapp/contacts/model/call/CallData;
Lcom/callapp/contacts/manager/phone/PhoneStateManager;,Landroid/telephony/PhoneStateListener;,callToCallData,(Landroid/telecom/Call;)Lcom/callapp/contacts/model/call/CallData;
Lcom/callapp/contacts/manager/phone/PhoneStateManager;,Landroid/telephony/PhoneStateListener;,cancelNotification,(Z)V
Lcom/callapp/contacts/manager/phone/PhoneStateManager;,Landroid/telephony/PhoneStateListener;,createContactLoader,(Lcom/callapp/framework/phone/Phone;)V
Lcom/callapp/contacts/manager/phone/PhoneStateManager;,Landroid/telephony/PhoneStateListener;,findActiveOrBackgroundAndUpdateContactDetails,(Z)V
Lcom/callapp/contacts/manager/phone/PhoneStateManager;,Landroid/telephony/PhoneStateListener;,get,()Lcom/callapp/contacts/manager/phone/PhoneStateManager;
Lcom/callapp/contacts/manager/phone/PhoneStateManager;,Landroid/telephony/PhoneStateListener;,getCallsState,()[I
Lcom/callapp/contacts/manager/phone/PhoneStateManager;,Landroid/telephony/PhoneStateListener;,getInternalSilenceRingerRunnable,()Ljava/lang/Runnable;
Lcom/callapp/contacts/manager/phone/PhoneStateManager;,Landroid/telephony/PhoneStateListener;,getPhoneNumber,(Landroid/telecom/Call;)Ljava/lang/String;
Lcom/callapp/contacts/manager/phone/PhoneStateManager;,Landroid/telephony/PhoneStateListener;,getStateName,(I)Ljava/lang/String;
Lcom/callapp/contacts/manager/phone/PhoneStateManager;,Landroid/telephony/PhoneStateListener;,getTelecomId,(Landroid/telecom/Call;)Ljava/lang/String;
Lcom/callapp/contacts/manager/phone/PhoneStateManager;,Landroid/telephony/PhoneStateListener;,handlePostCall,(Lcom/callapp/contacts/model/call/CallData;)V
Lcom/callapp/contacts/manager/phone/PhoneStateManager;,Landroid/telephony/PhoneStateListener;,handleRequestAudioFocus,()V
Lcom/callapp/contacts/manager/phone/PhoneStateManager;,Landroid/telephony/PhoneStateListener;,incrementNumOfCallsToday,()V
Lcom/callapp/contacts/manager/phone/PhoneStateManager;,Landroid/telephony/PhoneStateListener;,isDateRecent,(Ljava/util/Date;)Z
Lcom/callapp/contacts/manager/phone/PhoneStateManager;,Landroid/telephony/PhoneStateListener;,isInCallAudioMode,(I)Z
Lcom/callapp/contacts/manager/phone/PhoneStateManager;,Landroid/telephony/PhoneStateListener;,isShouldVibrateWhenRinging,()Z
Lcom/callapp/contacts/manager/phone/PhoneStateManager;,Landroid/telephony/PhoneStateListener;,isValidNumberToShowCallScreen,(Lcom/callapp/contacts/model/call/CallData;)Z
Lcom/callapp/contacts/manager/phone/PhoneStateManager;,Landroid/telephony/PhoneStateListener;,lambda$onAudioStateChanged$0,(Landroid/telecom/CallAudioState;)V
Lcom/callapp/contacts/manager/phone/PhoneStateManager;,Landroid/telephony/PhoneStateListener;,lambda$updateNotificationAndWidget$1,()V
Lcom/callapp/contacts/manager/phone/PhoneStateManager;,Landroid/telephony/PhoneStateListener;,manuallyRingOrVibrate,(Lcom/callapp/contacts/model/call/CallData;)V
Lcom/callapp/contacts/manager/phone/PhoneStateManager;,Landroid/telephony/PhoneStateListener;,notifyIncomingCall,()V
Lcom/callapp/contacts/manager/phone/PhoneStateManager;,Landroid/telephony/PhoneStateListener;,notifyListeners,(Lcom/callapp/contacts/model/call/CallData;)V
Lcom/callapp/contacts/manager/phone/PhoneStateManager;,Landroid/telephony/PhoneStateListener;,notifyListeners,(Lcom/callapp/contacts/model/call/CallData; Z)V
Lcom/callapp/contacts/manager/phone/PhoneStateManager;,Landroid/telephony/PhoneStateListener;,onCallDetailsChanged,()V
Lcom/callapp/contacts/manager/phone/PhoneStateManager;,Landroid/telephony/PhoneStateListener;,onCallStateChanged,(Lcom/callapp/contacts/manager/phone/PhoneStateManager$CallStateChangedEvent;)V
Lcom/callapp/contacts/manager/phone/PhoneStateManager;,Landroid/telephony/PhoneStateListener;,onIdleState,()V
Lcom/callapp/contacts/manager/phone/PhoneStateManager;,Landroid/telephony/PhoneStateListener;,onOffHookState,(Lcom/callapp/framework/phone/Phone;)V
Lcom/callapp/contacts/manager/phone/PhoneStateManager;,Landroid/telephony/PhoneStateListener;,onOutgoingCallStarted,(Lcom/callapp/framework/phone/Phone;)V
Lcom/callapp/contacts/manager/phone/PhoneStateManager;,Landroid/telephony/PhoneStateListener;,onRingingIncomingState,(Lcom/callapp/framework/phone/Phone;)V
Lcom/callapp/contacts/manager/phone/PhoneStateManager;,Landroid/telephony/PhoneStateListener;,openCallScreenIfNeeded,(Landroid/content/Intent; Ljava/lang/String;)V
Lcom/callapp/contacts/manager/phone/PhoneStateManager;,Landroid/telephony/PhoneStateListener;,postCall,()V
Lcom/callapp/contacts/manager/phone/PhoneStateManager;,Landroid/telephony/PhoneStateListener;,printCalls,(Ljava/util/List;)V
Lcom/callapp/contacts/manager/phone/PhoneStateManager;,Landroid/telephony/PhoneStateListener;,printState,(I Ljava/lang/String; Lcom/callapp/contacts/manager/phone/PhoneStateManager$EVENT_SOURCE;)V
Lcom/callapp/contacts/manager/phone/PhoneStateManager;,Landroid/telephony/PhoneStateListener;,registerForContactDataChanges,(Lcom/callapp/contacts/model/call/CallData; J)V
Lcom/callapp/contacts/manager/phone/PhoneStateManager;,Landroid/telephony/PhoneStateListener;,releaseScreenWakeLock,()V
Lcom/callapp/contacts/manager/phone/PhoneStateManager;,Landroid/telephony/PhoneStateListener;,removeCall,(Ljava/lang/String;)V
Lcom/callapp/contacts/manager/phone/PhoneStateManager;,Landroid/telephony/PhoneStateListener;,removeCallScreenDueToWaitingCall,(Z)V
Lcom/callapp/contacts/manager/phone/PhoneStateManager;,Landroid/telephony/PhoneStateListener;,removeEndedCalls,()V
Lcom/callapp/contacts/manager/phone/PhoneStateManager;,Landroid/telephony/PhoneStateListener;,restoreRingerMode,()V
Lcom/callapp/contacts/manager/phone/PhoneStateManager;,Landroid/telephony/PhoneStateListener;,retryRequestAudioFocusIfNeeded,()V
Lcom/callapp/contacts/manager/phone/PhoneStateManager;,Landroid/telephony/PhoneStateListener;,setCallAsFirstCallInCallList,(Landroid/telecom/Call;)V
Lcom/callapp/contacts/manager/phone/PhoneStateManager;,Landroid/telephony/PhoneStateListener;,setRecorderTestData,(Lcom/callapp/contacts/model/call/CallData;)V
Lcom/callapp/contacts/manager/phone/PhoneStateManager;,Landroid/telephony/PhoneStateListener;,showBlockedNotification,()V
Lcom/callapp/contacts/manager/phone/PhoneStateManager;,Landroid/telephony/PhoneStateListener;,showCallScreen,(Lcom/callapp/contacts/model/call/CallData; Z Z Z)V
Lcom/callapp/contacts/manager/phone/PhoneStateManager;,Landroid/telephony/PhoneStateListener;,speakNameIfNeeded,(Lcom/callapp/contacts/model/call/CallData;)V
Lcom/callapp/contacts/manager/phone/PhoneStateManager;,Landroid/telephony/PhoneStateListener;,startFullDetailsActivity,(Ljava/lang/String; Landroid/content/Intent; Z)V
Lcom/callapp/contacts/manager/phone/PhoneStateManager;,Landroid/telephony/PhoneStateListener;,startTheServiceAsForeground,(Ljava/lang/String; Z)V
Lcom/callapp/contacts/manager/phone/PhoneStateManager;,Landroid/telephony/PhoneStateListener;,startVibrating,()V
Lcom/callapp/contacts/manager/phone/PhoneStateManager;,Landroid/telephony/PhoneStateListener;,telephonyOnCallStateChanged,(I Ljava/lang/String;)V
Lcom/callapp/contacts/manager/phone/PhoneStateManager;,Landroid/telephony/PhoneStateListener;,translateState,(I)Lcom/callapp/contacts/model/call/CallState;
Lcom/callapp/contacts/manager/phone/PhoneStateManager;,Landroid/telephony/PhoneStateListener;,unRegisterForContactDataChanges,(Lcom/callapp/contacts/model/contact/ContactData;)V
Lcom/callapp/contacts/manager/phone/PhoneStateManager;,Landroid/telephony/PhoneStateListener;,unregisterAllContactData,()V
Lcom/callapp/contacts/manager/phone/PhoneStateManager;,Landroid/telephony/PhoneStateListener;,updateCallList,(Landroid/telecom/Call;)V
Lcom/callapp/contacts/manager/phone/PhoneStateManager;,Landroid/telephony/PhoneStateListener;,updateNotificationAndWidget,()V
Lcom/callapp/contacts/manager/phone/PhoneStateManager;,Landroid/telephony/PhoneStateListener;,waitForCallMode,()Z
Lcom/callapp/contacts/manager/phone/PhoneStateManager;,Landroid/telephony/PhoneStateListener;,addDetailsListener,(Lcom/callapp/contacts/manager/phone/CallDetailsListener;)V
Lcom/callapp/contacts/manager/phone/PhoneStateManager;,Landroid/telephony/PhoneStateListener;,addListener,(Lcom/callapp/contacts/manager/phone/CallStateListener;)V
Lcom/callapp/contacts/manager/phone/PhoneStateManager;,Landroid/telephony/PhoneStateListener;,addListenerIfNotPreCall,(Lcom/callapp/contacts/manager/phone/CallStateListener; Z)Z
Lcom/callapp/contacts/manager/phone/PhoneStateManager;,Landroid/telephony/PhoneStateListener;,addToCallScreeningServiceHandleList,(Landroid/telecom/Call$Details; Lcom/callapp/framework/phone/Phone; Z)V
Lcom/callapp/contacts/manager/phone/PhoneStateManager;,Landroid/telephony/PhoneStateListener;,cleanState,()V
Lcom/callapp/contacts/manager/phone/PhoneStateManager;,Landroid/telephony/PhoneStateListener;,destroy,()V
Lcom/callapp/contacts/manager/phone/PhoneStateManager;,Landroid/telephony/PhoneStateListener;,getActiveCallsInTestMode,()Ljava/util/concurrent/CopyOnWriteArrayList;
Lcom/callapp/contacts/manager/phone/PhoneStateManager;,Landroid/telephony/PhoneStateListener;,getAllConferenceCalls,()Ljava/util/List;
Lcom/callapp/contacts/manager/phone/PhoneStateManager;,Landroid/telephony/PhoneStateListener;,getAllConnectingOrConnectedCalls,()Ljava/util/List;
Lcom/callapp/contacts/manager/phone/PhoneStateManager;,Landroid/telephony/PhoneStateListener;,getAllHoldCalls,()Ljava/util/List;
Lcom/callapp/contacts/manager/phone/PhoneStateManager;,Landroid/telephony/PhoneStateListener;,getAllHoldContactData,()Ljava/util/List;
Lcom/callapp/contacts/manager/phone/PhoneStateManager;,Landroid/telephony/PhoneStateListener;,getCallForPhone,(Lcom/callapp/framework/phone/Phone;)Lcom/callapp/contacts/model/call/CallData;
Lcom/callapp/contacts/manager/phone/PhoneStateManager;,Landroid/telephony/PhoneStateListener;,getCallForPhoneByTelecomId,(Ljava/lang/String;)Lcom/callapp/contacts/model/call/CallData;
Lcom/callapp/contacts/manager/phone/PhoneStateManager;,Landroid/telephony/PhoneStateListener;,getCallListSize,()I
Lcom/callapp/contacts/manager/phone/PhoneStateManager;,Landroid/telephony/PhoneStateListener;,getCallNumberToday,()I
Lcom/callapp/contacts/manager/phone/PhoneStateManager;,Landroid/telephony/PhoneStateListener;,getConferenceManager,()Landroid/telecom/Call;
Lcom/callapp/contacts/manager/phone/PhoneStateManager;,Landroid/telephony/PhoneStateListener;,getContactDataByCallData,(Lcom/callapp/contacts/model/call/CallData;)Lcom/callapp/contacts/model/contact/ContactData;
Lcom/callapp/contacts/manager/phone/PhoneStateManager;,Landroid/telephony/PhoneStateListener;,getFirstCallDataWithState,(Lcom/callapp/contacts/model/call/CallState;)Lcom/callapp/contacts/model/call/CallData;
Lcom/callapp/contacts/manager/phone/PhoneStateManager;,Landroid/telephony/PhoneStateListener;,getFirstCallDataWithState,(Ljava/util/List;)Lcom/callapp/contacts/model/call/CallData;
Lcom/callapp/contacts/manager/phone/PhoneStateManager;,Landroid/telephony/PhoneStateListener;,getIsIncomingCallOpenedOverlay,()Z
Lcom/callapp/contacts/manager/phone/PhoneStateManager;,Landroid/telephony/PhoneStateListener;,getLastCall,()Lcom/callapp/contacts/model/call/CallData;
Lcom/callapp/contacts/manager/phone/PhoneStateManager;,Landroid/telephony/PhoneStateListener;,getLongestCallDuration,()J
Lcom/callapp/contacts/manager/phone/PhoneStateManager;,Landroid/telephony/PhoneStateListener;,getStateBeforeMerge,()Z
Lcom/callapp/contacts/manager/phone/PhoneStateManager;,Landroid/telephony/PhoneStateListener;,getTelecomCallFromCallData,(Lcom/callapp/contacts/model/call/CallData;)Landroid/telecom/Call;
Lcom/callapp/contacts/manager/phone/PhoneStateManager;,Landroid/telephony/PhoneStateListener;,handleBlockedCall,(Lcom/callapp/framework/phone/Phone; Z)Z
Lcom/callapp/contacts/manager/phone/PhoneStateManager;,Landroid/telephony/PhoneStateListener;,handleRinger,()V
Lcom/callapp/contacts/manager/phone/PhoneStateManager;,Landroid/telephony/PhoneStateListener;,init,()V
Lcom/callapp/contacts/manager/phone/PhoneStateManager;,Landroid/telephony/PhoneStateListener;,initRingerHandlerIfNeeded,()V
Lcom/callapp/contacts/manager/phone/PhoneStateManager;,Landroid/telephony/PhoneStateListener;,internalSilenceRinger,()V
Lcom/callapp/contacts/manager/phone/PhoneStateManager;,Landroid/telephony/PhoneStateListener;,isAllCallsInConference,()Z
Lcom/callapp/contacts/manager/phone/PhoneStateManager;,Landroid/telephony/PhoneStateListener;,isAnyCallActive,()Z
Lcom/callapp/contacts/manager/phone/PhoneStateManager;,Landroid/telephony/PhoneStateListener;,isAnyCallTalking,()Z
Lcom/callapp/contacts/manager/phone/PhoneStateManager;,Landroid/telephony/PhoneStateListener;,isCallDataInsideConference,(Lcom/callapp/contacts/model/call/CallData;)Z
Lcom/callapp/contacts/manager/phone/PhoneStateManager;,Landroid/telephony/PhoneStateListener;,isIncoming,()Z
Lcom/callapp/contacts/manager/phone/PhoneStateManager;,Landroid/telephony/PhoneStateListener;,isIncomingCallRingingState,()Z
Lcom/callapp/contacts/manager/phone/PhoneStateManager;,Landroid/telephony/PhoneStateListener;,listenToCallState,(Z)V
Lcom/callapp/contacts/manager/phone/PhoneStateManager;,Landroid/telephony/PhoneStateListener;,muteRingerIfNeeded,()V
Lcom/callapp/contacts/manager/phone/PhoneStateManager;,Landroid/telephony/PhoneStateListener;,onAudioFocusChange,(I)V
Lcom/callapp/contacts/manager/phone/PhoneStateManager;,Landroid/telephony/PhoneStateListener;,onAudioStateChanged,(Landroid/telecom/CallAudioState;)V
Lcom/callapp/contacts/manager/phone/PhoneStateManager;,Landroid/telephony/PhoneStateListener;,onCallAdded,(Landroid/telecom/Call;)V
Lcom/callapp/contacts/manager/phone/PhoneStateManager;,Landroid/telephony/PhoneStateListener;,onCallStateChanged,(I Ljava/lang/String;)V
Lcom/callapp/contacts/manager/phone/PhoneStateManager;,Landroid/telephony/PhoneStateListener;,onCallStateChanged,(Lcom/callapp/contacts/manager/phone/PhoneStateManager$EVENT_SOURCE; I Ljava/lang/String;)V
Lcom/callapp/contacts/manager/phone/PhoneStateManager;,Landroid/telephony/PhoneStateListener;,onContactChanged,(Lcom/callapp/contacts/model/contact/ContactData; Ljava/util/Set;)V
Lcom/callapp/contacts/manager/phone/PhoneStateManager;,Landroid/telephony/PhoneStateListener;,removeDetailsListener,(Lcom/callapp/contacts/manager/phone/CallDetailsListener;)V
Lcom/callapp/contacts/manager/phone/PhoneStateManager;,Landroid/telephony/PhoneStateListener;,removeListener,(Lcom/callapp/contacts/manager/phone/CallStateListener;)V
Lcom/callapp/contacts/manager/phone/PhoneStateManager;,Landroid/telephony/PhoneStateListener;,separateCall,(Lcom/callapp/contacts/model/call/CallData;)V
Lcom/callapp/contacts/manager/phone/PhoneStateManager;,Landroid/telephony/PhoneStateListener;,setCallActionSource,(Lcom/callapp/contacts/manager/phone/PhoneStateManager$CallActionSource;)V
Lcom/callapp/contacts/manager/phone/PhoneStateManager;,Landroid/telephony/PhoneStateListener;,setConferencesActivityVisible,(Z)V
Lcom/callapp/contacts/manager/phone/PhoneStateManager;,Landroid/telephony/PhoneStateListener;,setContactDetailsActivityVisible,(Z)V
Lcom/callapp/contacts/manager/phone/PhoneStateManager;,Landroid/telephony/PhoneStateListener;,setDefaultPhoneAppIfNeeded,()V
Lcom/callapp/contacts/manager/phone/PhoneStateManager;,Landroid/telephony/PhoneStateListener;,setStateBeforeMerge,(Z)V
Lcom/callapp/contacts/manager/phone/PhoneStateManager;,Landroid/telephony/PhoneStateListener;,shouldConferenceScreenAppear,()Z
Lcom/callapp/contacts/manager/phone/PhoneStateManager;,Landroid/telephony/PhoneStateListener;,showCallAppIfNeeded,(Lcom/callapp/contacts/model/call/CallData; Z)V
Lcom/callapp/contacts/manager/phone/PhoneStateManager;,Landroid/telephony/PhoneStateListener;,showCallAppIfNeeded,(Lcom/callapp/contacts/model/call/CallData; Z Z Z)V
Lcom/callapp/contacts/manager/phone/PhoneStateManager;,Landroid/telephony/PhoneStateListener;,showCallScreen,(Landroid/content/Intent; Z Z)V
Lcom/callapp/contacts/manager/phone/PhoneStateManager;,Landroid/telephony/PhoneStateListener;,updateCallAppInCallNotification,()V
Lcom/google/android/gms/measurement/AppMeasurementReceiver;,Landroidx/legacy/content/WakefulBroadcastReceiver;Landroid/content/BroadcastReceiver;,<init>,()V
Lcom/google/android/gms/measurement/AppMeasurementReceiver;,Landroidx/legacy/content/WakefulBroadcastReceiver;Landroid/content/BroadcastReceiver;,b,(Landroid/content/Context; Landroid/content/Intent;)V
Lcom/google/android/gms/measurement/AppMeasurementReceiver;,Landroidx/legacy/content/WakefulBroadcastReceiver;Landroid/content/BroadcastReceiver;,onReceive,(Landroid/content/Context; Landroid/content/Intent;)V
Lcom/google/android/gms/measurement/AppMeasurementReceiver;,Landroidx/legacy/content/WakefulBroadcastReceiver;Landroid/content/BroadcastReceiver;,a,(Landroid/content/Context; Landroid/content/Intent;)Landroid/content/ComponentName;
Lcom/google/android/gms/measurement/AppMeasurementReceiver;,Landroidx/legacy/content/WakefulBroadcastReceiver;Landroid/content/BroadcastReceiver;,a,(Landroid/content/Intent;)Z
Lcom/google/android/gms/stats/GCoreWakefulBroadcastReceiver;,Landroidx/legacy/content/WakefulBroadcastReceiver;Landroid/content/BroadcastReceiver;,<clinit>,()V
Lcom/google/android/gms/stats/GCoreWakefulBroadcastReceiver;,Landroidx/legacy/content/WakefulBroadcastReceiver;Landroid/content/BroadcastReceiver;,<init>,()V
Lcom/facebook/CurrentAccessTokenExpirationBroadcastReceiver;,Landroid/content/BroadcastReceiver;,<init>,()V
Lcom/facebook/CurrentAccessTokenExpirationBroadcastReceiver;,Landroid/content/BroadcastReceiver;,onReceive,(Landroid/content/Context; Landroid/content/Intent;)V
Lcom/facebook/CustomTabActivity$1;,Landroid/content/BroadcastReceiver;,<init>,(Lcom/facebook/CustomTabActivity;)V
Lcom/facebook/CustomTabActivity$1;,Landroid/content/BroadcastReceiver;,onReceive,(Landroid/content/Context; Landroid/content/Intent;)V
Lcom/facebook/CustomTabMainActivity$1;,Landroid/content/BroadcastReceiver;,<init>,(Lcom/facebook/CustomTabMainActivity;)V
Lcom/facebook/CustomTabMainActivity$1;,Landroid/content/BroadcastReceiver;,onReceive,(Landroid/content/Context; Landroid/content/Intent;)V
Lcom/facebook/FacebookBroadcastReceiver;,Landroid/content/BroadcastReceiver;,<init>,()V
Lcom/facebook/FacebookBroadcastReceiver;,Landroid/content/BroadcastReceiver;,onReceive,(Landroid/content/Context; Landroid/content/Intent;)V
Lcom/facebook/d$a;,Landroid/content/BroadcastReceiver;,<init>,(Lcom/facebook/d;)V
Lcom/facebook/d$a;,Landroid/content/BroadcastReceiver;,<init>,(Lcom/facebook/d; Lcom/facebook/d$1;)V
Lcom/facebook/d$a;,Landroid/content/BroadcastReceiver;,onReceive,(Landroid/content/Context; Landroid/content/Intent;)V
Lcom/facebook/internal/BoltsMeasurementEventListener;,Landroid/content/BroadcastReceiver;,<init>,(Landroid/content/Context;)V
Lcom/facebook/internal/BoltsMeasurementEventListener;,Landroid/content/BroadcastReceiver;,a,(Landroid/content/Context;)Lcom/facebook/internal/BoltsMeasurementEventListener;
Lcom/facebook/internal/BoltsMeasurementEventListener;,Landroid/content/BroadcastReceiver;,finalize,()V
Lcom/facebook/internal/BoltsMeasurementEventListener;,Landroid/content/BroadcastReceiver;,onReceive,(Landroid/content/Context; Landroid/content/Intent;)V
Lcom/facebook/share/widget/LikeView$d;,Landroid/content/BroadcastReceiver;,<init>,(Lcom/facebook/share/widget/LikeView;)V
Lcom/facebook/share/widget/LikeView$d;,Landroid/content/BroadcastReceiver;,<init>,(Lcom/facebook/share/widget/LikeView; Lcom/facebook/share/widget/LikeView$1;)V
Lcom/facebook/share/widget/LikeView$d;,Landroid/content/BroadcastReceiver;,onReceive,(Landroid/content/Context; Landroid/content/Intent;)V
Lcom/google/android/datatransport/runtime/scheduling/jobscheduling/AlarmManagerSchedulerBroadcastReceiver;,Landroid/content/BroadcastReceiver;,<init>,()V
Lcom/google/android/datatransport/runtime/scheduling/jobscheduling/AlarmManagerSchedulerBroadcastReceiver;,Landroid/content/BroadcastReceiver;,a,()V
Lcom/google/android/datatransport/runtime/scheduling/jobscheduling/AlarmManagerSchedulerBroadcastReceiver;,Landroid/content/BroadcastReceiver;,onReceive,(Landroid/content/Context; Landroid/content/Intent;)V
Lcom/google/android/exoplayer2/ak$b;,Landroid/content/BroadcastReceiver;,<init>,(Lcom/google/android/exoplayer2/ak;)V
Lcom/google/android/exoplayer2/ak$b;,Landroid/content/BroadcastReceiver;,<init>,(Lcom/google/android/exoplayer2/ak; Lcom/google/android/exoplayer2/ak$1;)V
Lcom/google/android/exoplayer2/ak$b;,Landroid/content/BroadcastReceiver;,a,(Lcom/google/android/exoplayer2/ak;)V
Lcom/google/android/exoplayer2/ak$b;,Landroid/content/BroadcastReceiver;,lambda$f37yomzB8Si4eVlgSUAcUB3YzuM,(Lcom/google/android/exoplayer2/ak;)V
Lcom/google/android/exoplayer2/ak$b;,Landroid/content/BroadcastReceiver;,onReceive,(Landroid/content/Context; Landroid/content/Intent;)V
Lcom/google/android/exoplayer2/b$a;,Landroid/content/BroadcastReceiver;,<init>,(Lcom/google/android/exoplayer2/b; Landroid/os/Handler; Lcom/google/android/exoplayer2/b$b;)V
Lcom/google/android/exoplayer2/b$a;,Landroid/content/BroadcastReceiver;,onReceive,(Landroid/content/Context; Landroid/content/Intent;)V
Lcom/google/android/exoplayer2/b$a;,Landroid/content/BroadcastReceiver;,run,()V
Lcom/google/android/exoplayer2/upstream/l$b;,Landroid/content/BroadcastReceiver;,<init>,()V
Lcom/google/android/exoplayer2/upstream/l$b;,Landroid/content/BroadcastReceiver;,a,(Landroid/content/Context;)Lcom/google/android/exoplayer2/upstream/l$b;
Lcom/google/android/exoplayer2/upstream/l$b;,Landroid/content/BroadcastReceiver;,a,()V
Lcom/google/android/exoplayer2/upstream/l$b;,Landroid/content/BroadcastReceiver;,b,(Lcom/google/android/exoplayer2/upstream/l;)V
Lcom/google/android/exoplayer2/upstream/l$b;,Landroid/content/BroadcastReceiver;,lambda$NfEQ4zhxeWpt1Q4lTRve9Gr2v0o,(Lcom/google/android/exoplayer2/upstream/l$b; Lcom/google/android/exoplayer2/upstream/l;)V
Lcom/google/android/exoplayer2/upstream/l$b;,Landroid/content/BroadcastReceiver;,a,(Lcom/google/android/exoplayer2/upstream/l;)V
Lcom/google/android/exoplayer2/upstream/l$b;,Landroid/content/BroadcastReceiver;,onReceive,(Landroid/content/Context; Landroid/content/Intent;)V
Lcom/google/android/exoplayer2/upstream/l$b;,Landroid/content/BroadcastReceiver;,isInitialStickyBroadcast,()Z
Lcom/google/android/gms/ads/internal/util/zzby;,Landroid/content/BroadcastReceiver;,<init>,(Lcom/google/android/gms/ads/internal/util/zzbv;)V
Lcom/google/android/gms/ads/internal/util/zzby;,Landroid/content/BroadcastReceiver;,onReceive,(Landroid/content/Context; Landroid/content/Intent;)V
Lcom/google/android/gms/ads/internal/util/zzp;,Landroid/content/BroadcastReceiver;,<init>,(Lcom/google/android/gms/ads/internal/util/zzj;)V
Lcom/google/android/gms/ads/internal/util/zzp;,Landroid/content/BroadcastReceiver;,<init>,(Lcom/google/android/gms/ads/internal/util/zzj; Lcom/google/android/gms/ads/internal/util/zzl;)V
Lcom/google/android/gms/ads/internal/util/zzp;,Landroid/content/BroadcastReceiver;,onReceive,(Landroid/content/Context; Landroid/content/Intent;)V
Lcom/google/android/gms/ads/internal/util/zzs;,Landroid/content/BroadcastReceiver;,<init>,(Lcom/google/android/gms/ads/internal/util/zzj;)V
Lcom/google/android/gms/ads/internal/util/zzs;,Landroid/content/BroadcastReceiver;,<init>,(Lcom/google/android/gms/ads/internal/util/zzj; Lcom/google/android/gms/ads/internal/util/zzl;)V
Lcom/google/android/gms/ads/internal/util/zzs;,Landroid/content/BroadcastReceiver;,onReceive,(Landroid/content/Context; Landroid/content/Intent;)V
Lcom/google/android/gms/cloudmessaging/CloudMessagingReceiver;,Landroid/content/BroadcastReceiver;,<init>,()V
Lcom/google/android/gms/cloudmessaging/CloudMessagingReceiver;,Landroid/content/BroadcastReceiver;,a,(Landroid/content/Context; Landroid/content/Intent;)I
Lcom/google/android/gms/cloudmessaging/CloudMessagingReceiver;,Landroid/content/BroadcastReceiver;,a,(Landroid/content/Context; Lcom/google/android/gms/cloudmessaging/CloudMessage;)I
Lcom/google/android/gms/cloudmessaging/CloudMessagingReceiver;,Landroid/content/BroadcastReceiver;,a,(Landroid/os/Bundle;)V
Lcom/google/android/gms/cloudmessaging/CloudMessagingReceiver;,Landroid/content/BroadcastReceiver;,b,(Landroid/content/Context; Landroid/content/Intent;)I
Lcom/google/android/gms/cloudmessaging/CloudMessagingReceiver;,Landroid/content/BroadcastReceiver;,b,(Landroid/os/Bundle;)V
Lcom/google/android/gms/cloudmessaging/CloudMessagingReceiver;,Landroid/content/BroadcastReceiver;,onReceive,(Landroid/content/Context; Landroid/content/Intent;)V
Lcom/google/android/gms/cloudmessaging/CloudMessagingReceiver;,Landroid/content/BroadcastReceiver;,isOrderedBroadcast,()Z
Lcom/google/android/gms/cloudmessaging/CloudMessagingReceiver;,Landroid/content/BroadcastReceiver;,goAsync,()Landroid/content/BroadcastReceiver$PendingResult;
Lcom/google/android/gms/common/api/internal/zabr;,Landroid/content/BroadcastReceiver;,<init>,(Lcom/google/android/gms/common/api/internal/ak;)V
Lcom/google/android/gms/common/api/internal/zabr;,Landroid/content/BroadcastReceiver;,a,()V
Lcom/google/android/gms/common/api/internal/zabr;,Landroid/content/BroadcastReceiver;,onReceive,(Landroid/content/Context; Landroid/content/Intent;)V
Lcom/google/android/gms/internal/ads/dtp;,Landroid/content/BroadcastReceiver;,<init>,(Lcom/google/android/gms/internal/ads/dtn;)V
Lcom/google/android/gms/internal/ads/dtp;,Landroid/content/BroadcastReceiver;,onReceive,(Landroid/content/Context; Landroid/content/Intent;)V
Lcom/google/android/gms/internal/ads/eee;,Landroid/content/BroadcastReceiver;,<init>,(Lcom/google/android/gms/internal/ads/eec;)V
Lcom/google/android/gms/internal/ads/eee;,Landroid/content/BroadcastReceiver;,onReceive,(Landroid/content/Context; Landroid/content/Intent;)V
Lcom/google/android/gms/internal/ads/zzfa;,Landroid/content/BroadcastReceiver;,<init>,(Landroid/content/Context;)V
Lcom/google/android/gms/internal/ads/zzfa;,Landroid/content/BroadcastReceiver;,onReceive,(Landroid/content/Context; Landroid/content/Intent;)V
Lcom/google/android/play/core/a/b;,Landroid/content/BroadcastReceiver;,<init>,(Lcom/google/android/play/core/a/c;)V
Lcom/google/android/play/core/a/b;,Landroid/content/BroadcastReceiver;,onReceive,(Landroid/content/Context; Landroid/content/Intent;)V
Lcom/google/firebase/b$c;,Landroid/content/BroadcastReceiver;,<clinit>,()V
Lcom/google/firebase/b$c;,Landroid/content/BroadcastReceiver;,<init>,(Landroid/content/Context;)V
Lcom/google/firebase/b$c;,Landroid/content/BroadcastReceiver;,a,(Landroid/content/Context;)V
Lcom/google/firebase/b$c;,Landroid/content/BroadcastReceiver;,onReceive,(Landroid/content/Context; Landroid/content/Intent;)V
Lcom/google/firebase/iid/v$a;,Landroid/content/BroadcastReceiver;,<init>,(Lcom/google/firebase/iid/v;)V
Lcom/google/firebase/iid/v$a;,Landroid/content/BroadcastReceiver;,onReceive,(Landroid/content/Context; Landroid/content/Intent;)V
Lcom/google/firebase/messaging/ap$a;,Landroid/content/BroadcastReceiver;,<init>,(Lcom/google/firebase/messaging/ap;)V
Lcom/google/firebase/messaging/ap$a;,Landroid/content/BroadcastReceiver;,onReceive,(Landroid/content/Context; Landroid/content/Intent;)V
Lcom/google/firebase/messaging/au$a;,Landroid/content/BroadcastReceiver;,<init>,(Lcom/google/firebase/messaging/au; Lcom/google/firebase/messaging/au;)V
Lcom/google/firebase/messaging/au$a;,Landroid/content/BroadcastReceiver;,onReceive,(Landroid/content/Context; Landroid/content/Intent;)V
Lcom/iab/omid/library/mopub/b/b$1;,Landroid/content/BroadcastReceiver;,<init>,(Lcom/iab/omid/library/mopub/b/b;)V
Lcom/iab/omid/library/mopub/b/b$1;,Landroid/content/BroadcastReceiver;,onReceive,(Landroid/content/Context; Landroid/content/Intent;)V
Lcom/iab/omid/library/verizonmedia/b/b$1;,Landroid/content/BroadcastReceiver;,<init>,(Lcom/iab/omid/library/verizonmedia/b/b;)V
Lcom/iab/omid/library/verizonmedia/b/b$1;,Landroid/content/BroadcastReceiver;,onReceive,(Landroid/content/Context; Landroid/content/Intent;)V
Lcom/mopub/mobileads/BaseBroadcastReceiver;,Landroid/content/BroadcastReceiver;,<init>,(J)V
Lcom/mopub/mobileads/BaseBroadcastReceiver;,Landroid/content/BroadcastReceiver;,broadcastAction,(Landroid/content/Context; J Ljava/lang/String;)V
Lcom/mopub/mobileads/BaseBroadcastReceiver;,Landroid/content/BroadcastReceiver;,getIntentFilter,()Landroid/content/IntentFilter;
Lcom/mopub/mobileads/BaseBroadcastReceiver;,Landroid/content/BroadcastReceiver;,register,(Landroid/content/BroadcastReceiver; Landroid/content/Context;)V
Lcom/mopub/mobileads/BaseBroadcastReceiver;,Landroid/content/BroadcastReceiver;,shouldConsumeBroadcast,(Landroid/content/Intent;)Z
Lcom/mopub/mobileads/BaseBroadcastReceiver;,Landroid/content/BroadcastReceiver;,unregister,(Landroid/content/BroadcastReceiver;)V
Lcom/mopub/mobileads/MoPubView$1;,Landroid/content/BroadcastReceiver;,<init>,(Lcom/mopub/mobileads/MoPubView;)V
Lcom/mopub/mobileads/MoPubView$1;,Landroid/content/BroadcastReceiver;,onReceive,(Landroid/content/Context; Landroid/content/Intent;)V
Lcom/mopub/mraid/MraidController$a;,Landroid/content/BroadcastReceiver;,<init>,(Lcom/mopub/mraid/MraidController;)V
Lcom/mopub/mraid/MraidController$a;,Landroid/content/BroadcastReceiver;,onReceive,(Landroid/content/Context; Landroid/content/Intent;)V
Lcom/mopub/mraid/MraidController$a;,Landroid/content/BroadcastReceiver;,register,(Landroid/content/Context;)V
Lcom/mopub/mraid/MraidController$a;,Landroid/content/BroadcastReceiver;,unregister,()V
Lcom/sinch/verification/flashcall/verification/interceptor/FlashCallStateListener;,Landroid/telephony/PhoneStateListener;,<init>,(Lcom/sinch/verification/flashcall/verification/interceptor/IncomingCallListener;)V
Lcom/sinch/verification/flashcall/verification/interceptor/FlashCallStateListener;,Landroid/telephony/PhoneStateListener;,onCallStateChanged,(I Ljava/lang/String;)V
Lcom/squareup/picasso/Dispatcher$NetworkBroadcastReceiver;,Landroid/content/BroadcastReceiver;,<init>,(Lcom/squareup/picasso/Dispatcher;)V
Lcom/squareup/picasso/Dispatcher$NetworkBroadcastReceiver;,Landroid/content/BroadcastReceiver;,onReceive,(Landroid/content/Context; Landroid/content/Intent;)V
Lcom/squareup/picasso/Dispatcher$NetworkBroadcastReceiver;,Landroid/content/BroadcastReceiver;,register,()V
Lcom/squareup/picasso/Dispatcher$NetworkBroadcastReceiver;,Landroid/content/BroadcastReceiver;,unregister,()V
Lcom/verizon/ads/EnvironmentInfo$PhoneStateListenerThread$1;,Landroid/telephony/PhoneStateListener;,<init>,(Lcom/verizon/ads/EnvironmentInfo$PhoneStateListenerThread;)V
Lcom/verizon/ads/EnvironmentInfo$PhoneStateListenerThread$1;,Landroid/telephony/PhoneStateListener;,onSignalStrengthsChanged,(Landroid/telephony/SignalStrength;)V
Lcom/google/firebase/iid/FirebaseInstanceIdReceiver;,Lcom/google/android/gms/cloudmessaging/CloudMessagingReceiver;Landroid/content/BroadcastReceiver;,<init>,()V
Lcom/google/firebase/iid/FirebaseInstanceIdReceiver;,Lcom/google/android/gms/cloudmessaging/CloudMessagingReceiver;Landroid/content/BroadcastReceiver;,a,(Ljava/lang/String; Landroid/os/Bundle;)Landroid/content/Intent;
Lcom/google/firebase/iid/FirebaseInstanceIdReceiver;,Lcom/google/android/gms/cloudmessaging/CloudMessagingReceiver;Landroid/content/BroadcastReceiver;,a,(Landroid/content/Context; Lcom/google/android/gms/cloudmessaging/CloudMessage;)I
Lcom/google/firebase/iid/FirebaseInstanceIdReceiver;,Lcom/google/android/gms/cloudmessaging/CloudMessagingReceiver;Landroid/content/BroadcastReceiver;,a,(Landroid/os/Bundle;)V
Lcom/google/firebase/iid/FirebaseInstanceIdReceiver;,Lcom/google/android/gms/cloudmessaging/CloudMessagingReceiver;Landroid/content/BroadcastReceiver;,b,(Landroid/os/Bundle;)V
Lcom/mopub/mobileads/EventForwardingBroadcastReceiver;,Lcom/mopub/mobileads/BaseBroadcastReceiver;Landroid/content/BroadcastReceiver;,<init>,(Lcom/mopub/mobileads/AdLifecycleListener$InteractionListener; J)V
Lcom/mopub/mobileads/EventForwardingBroadcastReceiver;,Lcom/mopub/mobileads/BaseBroadcastReceiver;Landroid/content/BroadcastReceiver;,getIntentFilter,()Landroid/content/IntentFilter;
Lcom/mopub/mobileads/EventForwardingBroadcastReceiver;,Lcom/mopub/mobileads/BaseBroadcastReceiver;Landroid/content/BroadcastReceiver;,onReceive,(Landroid/content/Context; Landroid/content/Intent;)V
Lcom/mopub/mobileads/EventForwardingBroadcastReceiver;,Lcom/mopub/mobileads/BaseBroadcastReceiver;Landroid/content/BroadcastReceiver;,shouldConsumeBroadcast,(Landroid/content/Intent;)Z
Lcom/mopub/mobileads/EventForwardingBroadcastReceiver;,Lcom/mopub/mobileads/BaseBroadcastReceiver;Landroid/content/BroadcastReceiver;,unregister,(Landroid/content/BroadcastReceiver;)V
Lcom/mopub/mobileads/EventForwardingBroadcastReceiver;,Lcom/mopub/mobileads/BaseBroadcastReceiver;Landroid/content/BroadcastReceiver;,register,(Landroid/content/BroadcastReceiver; Landroid/content/Context;)V
Lnet/pubnative/lite/sdk/interstitial/HyBidInterstitialBroadcastReceiver;,Landroid/content/BroadcastReceiver;,<init>,(J Lnet/pubnative/lite/sdk/utils/PNLocalBroadcastManager; Landroid/content/IntentFilter;)V
Lnet/pubnative/lite/sdk/interstitial/HyBidInterstitialBroadcastReceiver;,Landroid/content/BroadcastReceiver;,<init>,(Landroid/content/Context;)V
Lnet/pubnative/lite/sdk/interstitial/HyBidInterstitialBroadcastReceiver;,Landroid/content/BroadcastReceiver;,destroy,()V
Lnet/pubnative/lite/sdk/interstitial/HyBidInterstitialBroadcastReceiver;,Landroid/content/BroadcastReceiver;,getBroadcastId,()J
Lnet/pubnative/lite/sdk/interstitial/HyBidInterstitialBroadcastReceiver;,Landroid/content/BroadcastReceiver;,handleAction,(Lnet/pubnative/lite/sdk/interstitial/HyBidInterstitialBroadcastReceiver$Action; Lnet/pubnative/lite/sdk/interstitial/presenter/InterstitialPresenter; Lnet/pubnative/lite/sdk/interstitial/presenter/InterstitialPresenter$Listener;)V
Lnet/pubnative/lite/sdk/interstitial/HyBidInterstitialBroadcastReceiver;,Landroid/content/BroadcastReceiver;,onReceive,(Landroid/content/Context; Landroid/content/Intent;)V
Lnet/pubnative/lite/sdk/interstitial/HyBidInterstitialBroadcastReceiver;,Landroid/content/BroadcastReceiver;,register,()V
Lnet/pubnative/lite/sdk/interstitial/HyBidInterstitialBroadcastReceiver;,Landroid/content/BroadcastReceiver;,setListener,(Lnet/pubnative/lite/sdk/interstitial/HyBidInterstitialBroadcastReceiver$Listener;)V
Lnet/pubnative/lite/sdk/rewarded/HyBidRewardedBroadcastReceiver;,Landroid/content/BroadcastReceiver;,<init>,(J Lnet/pubnative/lite/sdk/utils/PNLocalBroadcastManager; Landroid/content/IntentFilter;)V
Lnet/pubnative/lite/sdk/rewarded/HyBidRewardedBroadcastReceiver;,Landroid/content/BroadcastReceiver;,<init>,(Landroid/content/Context;)V
Lnet/pubnative/lite/sdk/rewarded/HyBidRewardedBroadcastReceiver;,Landroid/content/BroadcastReceiver;,destroy,()V
Lnet/pubnative/lite/sdk/rewarded/HyBidRewardedBroadcastReceiver;,Landroid/content/BroadcastReceiver;,getBroadcastId,()J
Lnet/pubnative/lite/sdk/rewarded/HyBidRewardedBroadcastReceiver;,Landroid/content/BroadcastReceiver;,handleAction,(Lnet/pubnative/lite/sdk/rewarded/HyBidRewardedBroadcastReceiver$Action; Lnet/pubnative/lite/sdk/rewarded/presenter/RewardedPresenter; Lnet/pubnative/lite/sdk/rewarded/presenter/RewardedPresenter$Listener;)V
Lnet/pubnative/lite/sdk/rewarded/HyBidRewardedBroadcastReceiver;,Landroid/content/BroadcastReceiver;,onReceive,(Landroid/content/Context; Landroid/content/Intent;)V
Lnet/pubnative/lite/sdk/rewarded/HyBidRewardedBroadcastReceiver;,Landroid/content/BroadcastReceiver;,register,()V
Lnet/pubnative/lite/sdk/rewarded/HyBidRewardedBroadcastReceiver;,Landroid/content/BroadcastReceiver;,setListener,(Lnet/pubnative/lite/sdk/rewarded/HyBidRewardedBroadcastReceiver$Listener;)V
Landroid/telephony/SubscriptionManager;,,getActiveSubscriptionInfoList,()Ljava/util/List;
Landroid/telephony/SubscriptionManager;,,addOnSubscriptionsChangedListener,(Landroid/telephony/SubscriptionManager$OnSubscriptionsChangedListener;)V
Landroid/telephony/SubscriptionManager;,,removeOnSubscriptionsChangedListener,(Landroid/telephony/SubscriptionManager$OnSubscriptionsChangedListener;)V
Landroid/telephony/SubscriptionManager;,,from,(Landroid/content/Context;)Landroid/telephony/SubscriptionManager;
Landroid/telephony/SubscriptionManager;,,isNetworkRoaming,(I)Z
Landroid/telecom/TelecomManager;,,cancelMissedCallsNotification,()V
Landroid/telecom/TelecomManager;,,isOutgoingCallPermitted,(Landroid/telecom/PhoneAccountHandle;)Z
Landroid/telecom/TelecomManager;,,placeCall,(Landroid/net/Uri; Landroid/os/Bundle;)V
Landroid/telecom/TelecomManager;,,isVoiceMailNumber,(Landroid/telecom/PhoneAccountHandle; Ljava/lang/String;)Z
Landroid/telecom/TelecomManager;,,silenceRinger,()V
Landroid/telecom/TelecomManager;,,showInCallScreen,(Z)V
Landroid/telecom/TelecomManager;,,getDefaultDialerPackage,()Ljava/lang/String;
Landroid/telecom/TelecomManager;,,getCallCapablePhoneAccounts,()Ljava/util/List;
Landroid/telecom/TelecomManager;,,getPhoneAccount,(Landroid/telecom/PhoneAccountHandle;)Landroid/telecom/PhoneAccount;
Landroid/telephony/TelephonyManager;,,getNetworkCountryIso,()Ljava/lang/String;
Landroid/telephony/TelephonyManager;,,getNetworkOperatorName,()Ljava/lang/String;
Landroid/telephony/TelephonyManager;,,getPhoneType,()I
Landroid/telephony/TelephonyManager;,,getSimOperatorName,()Ljava/lang/String;
Landroid/telephony/TelephonyManager;,,getNetworkType,()I
Landroid/telephony/TelephonyManager;,,getSimState,()I
Landroid/telephony/TelephonyManager;,,getNetworkOperator,()Ljava/lang/String;
Landroid/telephony/TelephonyManager;,,getSimOperator,()Ljava/lang/String;
Landroid/telephony/TelephonyManager;,,getDataNetworkType,()I
Landroid/telephony/TelephonyManager;,,getVoiceMailNumber,()Ljava/lang/String;
Landroid/telephony/TelephonyManager;,,getLine1Number,()Ljava/lang/String;
Landroid/telephony/TelephonyManager;,,getSimCountryIso,()Ljava/lang/String;
Landroid/telephony/TelephonyManager;,,createForSubscriptionId,(I)Landroid/telephony/TelephonyManager;
Landroid/telephony/TelephonyManager;,,getVoiceMailAlphaTag,()Ljava/lang/String;
Landroid/telephony/TelephonyManager;,,getCallState,()I
Landroid/telephony/TelephonyManager;,,listen,(Landroid/telephony/PhoneStateListener; I)V
Landroid/telephony/TelephonyManager;,,getPhoneCount,()I
Landroid/telephony/TelephonyManager;,,getImei,(I)Ljava/lang/String;
Landroid/telephony/TelephonyManager;,,getMeid,(I)Ljava/lang/String;
Landroid/telephony/TelephonyManager;,,getDeviceId,(I)Ljava/lang/String;
Landroid/telephony/TelephonyManager;,,getImei,()Ljava/lang/String;
Landroid/telephony/TelephonyManager;,,getMeid,()Ljava/lang/String;
Landroid/telephony/TelephonyManager;,,getDeviceId,()Ljava/lang/String;
Landroid/telephony/TelephonyManager;,,getSimSerialNumber,()Ljava/lang/String;
Landroid/telephony/TelephonyManager;,,isDataEnabled,()Z
Landroid/telephony/TelephonyManager;,,isVoiceCapable,()Z
Landroid/telecom/Call;,,getVideoCall,()Landroid/telecom/InCallService$VideoCall;
Landroid/telecom/Call;,,getDetails,()Landroid/telecom/Call$Details;
Landroid/telecom/Call;,,playDtmfTone,(C)V
Landroid/telecom/Call;,,disconnect,()V
Landroid/telecom/Call;,,hold,()V
Landroid/telecom/Call;,,unhold,()V
Landroid/telecom/Call;,,stopDtmfTone,()V
Landroid/telecom/Call;,,unregisterCallback,(Landroid/telecom/Call$Callback;)V
Landroid/telecom/Call;,,getConferenceableCalls,()Ljava/util/List;
Landroid/telecom/Call;,,conference,(Landroid/telecom/Call;)V
Landroid/telecom/Call;,,mergeConference,()V
Landroid/telecom/Call;,,answer,(I)V
Landroid/telecom/Call;,,reject,(Z Ljava/lang/String;)V
Landroid/telecom/Call;,,getState,()I
Landroid/telecom/Call;,,getChildren,()Ljava/util/List;
Landroid/telecom/Call;,,registerCallback,(Landroid/telecom/Call$Callback;)V
Landroid/telecom/Call;,,splitFromConference,()V
Landroid/telecom/InCallService$VideoCall;,,setPreviewSurface,(Landroid/view/Surface;)V
Landroid/telecom/InCallService$VideoCall;,,setDisplaySurface,(Landroid/view/Surface;)V
Landroid/telecom/Call$Details;,,getVideoState,()I
Landroid/telecom/Call$Details;,,getHandle,()Landroid/net/Uri;
Landroid/telecom/Call$Details;,,getGatewayInfo,()Landroid/telecom/GatewayInfo;
Landroid/telecom/Call$Details;,,can,(I)Z
Landroid/telecom/Call$Details;,,getAccountHandle,()Landroid/telecom/PhoneAccountHandle;
Landroid/telecom/Call$Details;,,getCallerNumberVerificationStatus,()I
Landroid/telecom/Call$Details;,,hasProperty,(I)Z
Landroid/telecom/Call$Details;,,getConnectTimeMillis,()J
Landroid/telecom/CallAudioState;,,<init>,(Z I I)V
Landroid/telecom/CallAudioState;,,equals,(Ljava/lang/Object;)Z
Landroid/telecom/CallAudioState;,,getRoute,()I
Landroid/telecom/CallAudioState;,,getSupportedBluetoothDevices,()Ljava/util/Collection;
Landroid/telecom/CallAudioState;,,audioRouteToString,(I)Ljava/lang/String;
Landroid/telecom/CallAudioState;,,isMuted,()Z
Landroid/telecom/CallAudioState;,,getSupportedRouteMask,()I
Landroid/telecom/CallAudioState;,,getActiveBluetoothDevice,()Landroid/bluetooth/BluetoothDevice;
Landroid/telecom/CallScreeningService;,,<init>,()V
Landroid/telecom/CallScreeningService$CallResponse$Builder;,,<init>,()V
Landroid/telecom/CallScreeningService$CallResponse$Builder;,,build,()Landroid/telecom/CallScreeningService$CallResponse;
Landroid/telecom/CallScreeningService$CallResponse$Builder;,,setRejectCall,(Z)Landroid/telecom/CallScreeningService$CallResponse$Builder;
Landroid/telecom/CallScreeningService$CallResponse$Builder;,,setDisallowCall,(Z)Landroid/telecom/CallScreeningService$CallResponse$Builder;
Landroid/telecom/CallScreeningService$CallResponse$Builder;,,setSkipNotification,(Z)Landroid/telecom/CallScreeningService$CallResponse$Builder;
Landroid/telecom/InCallService;,,<init>,()V
Landroid/telecom/InCallService;,,onBind,(Landroid/content/Intent;)Landroid/os/IBinder;
Landroid/telecom/InCallService;,,onUnbind,(Landroid/content/Intent;)Z
Landroid/telecom/InCallService;,,requestBluetoothAudio,(Landroid/bluetooth/BluetoothDevice;)V
Landroid/telecom/InCallService;,,setAudioRoute,(I)V
Landroid/telecom/InCallService;,,setMuted,(Z)V
Landroid/telecom/GatewayInfo;,,getOriginalAddress,()Landroid/net/Uri;
Landroid/telecom/Call$Callback;,,<init>,()V
Landroid/telecom/Call$Callback;,,onStateChanged,(Landroid/telecom/Call; I)V
Landroid/telephony/SubscriptionManager$OnSubscriptionsChangedListener;,,<init>,()V
Landroid/telecom/PhoneAccount;,,getShortDescription,()Ljava/lang/CharSequence;
Landroid/telecom/PhoneAccount;,,getLabel,()Ljava/lang/CharSequence;
Landroid/telecom/PhoneAccount;,,hashCode,()I
Landroid/telecom/PhoneAccount;,,isEnabled,()Z
Landroid/telecom/PhoneAccount;,,getCapabilities,()I
Landroid/telecom/PhoneAccount;,,getAccountHandle,()Landroid/telecom/PhoneAccountHandle;
Landroid/telephony/PhoneNumberUtils;,,compare,(Ljava/lang/String; Ljava/lang/String;)Z
Landroid/telephony/PhoneNumberUtils;,,formatNumber,(Ljava/lang/String; Ljava/lang/String;)Ljava/lang/String;
Landroid/telephony/PhoneNumberUtils;,,formatNumber,(Ljava/lang/String;)Ljava/lang/String;
Landroid/telephony/PhoneNumberUtils;,,isNonSeparator,(C)Z
Landroid/telephony/PhoneNumberUtils;,,formatNumberToE164,(Ljava/lang/String; Ljava/lang/String;)Ljava/lang/String;
Landroid/telephony/SmsManager;,,getDefault,()Landroid/telephony/SmsManager;
Landroid/telephony/SmsManager;,,divideMessage,(Ljava/lang/String;)Ljava/util/ArrayList;
Landroid/telephony/SmsManager;,,sendMultipartTextMessage,(Ljava/lang/String; Ljava/lang/String; Ljava/util/ArrayList; Ljava/util/ArrayList; Ljava/util/ArrayList;)V
Landroid/telephony/PhoneStateListener;,,<init>,()V
Landroid/telephony/PhoneStateListener;,,onCallStateChanged,(I Ljava/lang/String;)V
Landroid/telephony/SubscriptionInfo;,,getSubscriptionId,()I
Landroid/telephony/SubscriptionInfo;,,getSimSlotIndex,()I
Landroid/telephony/SubscriptionInfo;,,getIccId,()Ljava/lang/String;
Landroid/telephony/SubscriptionInfo;,,getDisplayName,()Ljava/lang/CharSequence;
Landroid/telephony/SubscriptionInfo;,,getCountryIso,()Ljava/lang/String;
Landroid/telephony/SubscriptionInfo;,,getCarrierName,()Ljava/lang/CharSequence;
Landroid/telephony/SubscriptionInfo;,,getMccString,()Ljava/lang/String;
Landroid/telephony/SubscriptionInfo;,,getMcc,()I
Landroid/telephony/SubscriptionInfo;,,getMncString,()Ljava/lang/String;
Landroid/telephony/SubscriptionInfo;,,getMnc,()I
Landroid/telecom/PhoneAccountHandle;,,getId,()Ljava/lang/String;
Landroid/telecom/PhoneAccountHandle;,,<init>,(Landroid/content/ComponentName; Ljava/lang/String;)V
Landroid/telephony/SmsMessage;,,getDisplayOriginatingAddress,()Ljava/lang/String;
Landroid/telephony/SmsMessage;,,getDisplayMessageBody,()Ljava/lang/String;
Landroid/telephony/SignalStrength;,,isGsm,()Z
Landroid/telephony/SignalStrength;,,getGsmSignalStrength,()I
Landroid/telephony/SignalStrength;,,getCdmaDbm,()I
