Landroidx/appcompat/app/AppCompatDelegateImpl$l$a;,Landroid/content/BroadcastReceiver;,<init>,(Landroidx/appcompat/app/AppCompatDelegateImpl$l;)V
Landroidx/appcompat/app/AppCompatDelegateImpl$l$a;,Landroid/content/BroadcastReceiver;,onReceive,(Landroid/content/Context; Landroid/content/Intent;)V
Landroidx/legacy/content/WakefulBroadcastReceiver;,Landroid/content/BroadcastReceiver;,<clinit>,()V
Landroidx/legacy/content/WakefulBroadcastReceiver;,Landroid/content/BroadcastReceiver;,<init>,()V
Landroidx/legacy/content/WakefulBroadcastReceiver;,Landroid/content/BroadcastReceiver;,b,(Landroid/content/Intent;)Z
Landroidx/legacy/content/WakefulBroadcastReceiver;,Landroid/content/BroadcastReceiver;,c,(Landroid/content/Context; Landroid/content/Intent;)Landroid/content/ComponentName;
Landroidx/media/session/MediaButtonReceiver;,Landroid/content/BroadcastReceiver;,<init>,()V
Landroidx/media/session/MediaButtonReceiver;,Landroid/content/BroadcastReceiver;,a,(Landroid/content/Context; Ljava/lang/String;)Landroid/content/ComponentName;
Landroidx/media/session/MediaButtonReceiver;,Landroid/content/BroadcastReceiver;,b,(Landroid/content/Context; Landroid/content/Intent;)V
Landroidx/media/session/MediaButtonReceiver;,Landroid/content/BroadcastReceiver;,onReceive,(Landroid/content/Context; Landroid/content/Intent;)V
Landroidx/work/impl/background/systemalarm/ConstraintProxy;,Landroid/content/BroadcastReceiver;,<clinit>,()V
Landroidx/work/impl/background/systemalarm/ConstraintProxy;,Landroid/content/BroadcastReceiver;,<init>,()V
Landroidx/work/impl/background/systemalarm/ConstraintProxy;,Landroid/content/BroadcastReceiver;,a,(Landroid/content/Context; Ljava/util/List;)V
Landroidx/work/impl/background/systemalarm/ConstraintProxy;,Landroid/content/BroadcastReceiver;,onReceive,(Landroid/content/Context; Landroid/content/Intent;)V
Landroidx/work/impl/background/systemalarm/ConstraintProxyUpdateReceiver;,Landroid/content/BroadcastReceiver;,<clinit>,()V
Landroidx/work/impl/background/systemalarm/ConstraintProxyUpdateReceiver;,Landroid/content/BroadcastReceiver;,<init>,()V
Landroidx/work/impl/background/systemalarm/ConstraintProxyUpdateReceiver;,Landroid/content/BroadcastReceiver;,a,(Landroid/content/Context; Z Z Z Z)Landroid/content/Intent;
Landroidx/work/impl/background/systemalarm/ConstraintProxyUpdateReceiver;,Landroid/content/BroadcastReceiver;,onReceive,(Landroid/content/Context; Landroid/content/Intent;)V
Landroidx/work/impl/background/systemalarm/RescheduleReceiver;,Landroid/content/BroadcastReceiver;,<clinit>,()V
Landroidx/work/impl/background/systemalarm/RescheduleReceiver;,Landroid/content/BroadcastReceiver;,<init>,()V
Landroidx/work/impl/background/systemalarm/RescheduleReceiver;,Landroid/content/BroadcastReceiver;,onReceive,(Landroid/content/Context; Landroid/content/Intent;)V
Landroidx/work/impl/k/f/c$a;,Landroid/content/BroadcastReceiver;,<init>,(Landroidx/work/impl/k/f/c;)V
Landroidx/work/impl/k/f/c$a;,Landroid/content/BroadcastReceiver;,onReceive,(Landroid/content/Context; Landroid/content/Intent;)V
Landroidx/work/impl/k/f/e$a;,Landroid/content/BroadcastReceiver;,<init>,(Landroidx/work/impl/k/f/e;)V
Landroidx/work/impl/k/f/e$a;,Landroid/content/BroadcastReceiver;,onReceive,(Landroid/content/Context; Landroid/content/Intent;)V
Landroidx/work/impl/utils/ForceStopRunnable$BroadcastReceiver;,Landroid/content/BroadcastReceiver;,<clinit>,()V
Landroidx/work/impl/utils/ForceStopRunnable$BroadcastReceiver;,Landroid/content/BroadcastReceiver;,<init>,()V
Landroidx/work/impl/utils/ForceStopRunnable$BroadcastReceiver;,Landroid/content/BroadcastReceiver;,onReceive,(Landroid/content/Context; Landroid/content/Intent;)V
Lcom/android/billingclient/api/h0;,Landroid/content/BroadcastReceiver;,<init>,(Lcom/android/billingclient/api/i0; Lcom/android/billingclient/api/k; Lcom/android/billingclient/api/g0;)V
Lcom/android/billingclient/api/h0;,Landroid/content/BroadcastReceiver;,b,(Lcom/android/billingclient/api/h0;)Lcom/android/billingclient/api/k;
Lcom/android/billingclient/api/h0;,Landroid/content/BroadcastReceiver;,a,(Landroid/content/Context; Landroid/content/IntentFilter;)V
Lcom/android/billingclient/api/h0;,Landroid/content/BroadcastReceiver;,onReceive,(Landroid/content/Context; Landroid/content/Intent;)V
Lcom/android/mms/transaction/MessageStatusReceiver;,Landroid/content/BroadcastReceiver;,<init>,()V
Lcom/android/mms/transaction/MessageStatusReceiver;,Landroid/content/BroadcastReceiver;,onReceive,(Landroid/content/Context; Landroid/content/Intent;)V
Lcom/android/mms/transaction/MmsPushOutboxMessages;,Landroid/content/BroadcastReceiver;,<init>,()V
Lcom/android/mms/transaction/MmsPushOutboxMessages;,Landroid/content/BroadcastReceiver;,onReceive,(Landroid/content/Context; Landroid/content/Intent;)V
Lcom/android/mms/transaction/MmsSystemEventReceiver;,Landroid/content/BroadcastReceiver;,<clinit>,()V
Lcom/android/mms/transaction/MmsSystemEventReceiver;,Landroid/content/BroadcastReceiver;,<init>,()V
Lcom/android/mms/transaction/MmsSystemEventReceiver;,Landroid/content/BroadcastReceiver;,a,(Landroid/content/Context;)V
Lcom/android/mms/transaction/MmsSystemEventReceiver;,Landroid/content/BroadcastReceiver;,onReceive,(Landroid/content/Context; Landroid/content/Intent;)V
Lcom/android/mms/transaction/PushReceiver;,Landroid/content/BroadcastReceiver;,<clinit>,()V
Lcom/android/mms/transaction/PushReceiver;,Landroid/content/BroadcastReceiver;,<init>,()V
Lcom/android/mms/transaction/PushReceiver;,Landroid/content/BroadcastReceiver;,a,(Landroid/content/Context; Lcom/google/android/mms/c/f; I)J
Lcom/android/mms/transaction/PushReceiver;,Landroid/content/BroadcastReceiver;,b,(Landroid/content/Context; Lcom/google/android/mms/c/h;)Z
Lcom/android/mms/transaction/PushReceiver;,Landroid/content/BroadcastReceiver;,c,()Ljava/util/Set;
Lcom/android/mms/transaction/PushReceiver;,Landroid/content/BroadcastReceiver;,d,(Landroid/content/Context; Lcom/google/android/mms/c/f; I)J
Lcom/android/mms/transaction/PushReceiver;,Landroid/content/BroadcastReceiver;,e,(Landroid/content/Context; Landroid/net/Uri;)Ljava/lang/String;
Lcom/android/mms/transaction/PushReceiver;,Landroid/content/BroadcastReceiver;,f,(Landroid/content/Context; Lcom/google/android/mms/c/h;)Z
Lcom/android/mms/transaction/PushReceiver;,Landroid/content/BroadcastReceiver;,onReceive,(Landroid/content/Context; Landroid/content/Intent;)V
Lcom/android/mms/transaction/TransactionService$b;,Landroid/content/BroadcastReceiver;,<init>,(Lcom/android/mms/transaction/TransactionService;)V
Lcom/android/mms/transaction/TransactionService$b;,Landroid/content/BroadcastReceiver;,<init>,(Lcom/android/mms/transaction/TransactionService; Lcom/android/mms/transaction/TransactionService$a;)V
Lcom/android/mms/transaction/TransactionService$b;,Landroid/content/BroadcastReceiver;,onReceive,(Landroid/content/Context; Landroid/content/Intent;)V
Lcom/android/mms/transaction/c$a;,Landroid/content/BroadcastReceiver;,<init>,()V
Lcom/android/mms/transaction/c$a;,Landroid/content/BroadcastReceiver;,a,(Lcom/android/mms/transaction/c$a;)Ljava/lang/String;
Lcom/android/mms/transaction/c$a;,Landroid/content/BroadcastReceiver;,onReceive,(Landroid/content/Context; Landroid/content/Intent;)V
Lcom/bumptech/glide/manager/e$a;,Landroid/content/BroadcastReceiver;,<init>,(Lcom/bumptech/glide/manager/e;)V
Lcom/bumptech/glide/manager/e$a;,Landroid/content/BroadcastReceiver;,onReceive,(Landroid/content/Context; Landroid/content/Intent;)V
Lcom/callerid/block/customview/EZKeyboardView$a;,Landroid/telephony/PhoneNumberFormattingTextWatcher;,<init>,(Lcom/callerid/block/customview/EZKeyboardView; Ljava/lang/String;)V
Lcom/callerid/block/customview/EZKeyboardView$a;,Landroid/telephony/PhoneNumberFormattingTextWatcher;,onTextChanged,(Ljava/lang/CharSequence; I I I)V
Lcom/callerid/block/customview/EZKeyboardView$b;,Landroid/telephony/PhoneNumberFormattingTextWatcher;,<init>,(Lcom/callerid/block/customview/EZKeyboardView;)V
Lcom/callerid/block/customview/EZKeyboardView$b;,Landroid/telephony/PhoneNumberFormattingTextWatcher;,onTextChanged,(Ljava/lang/CharSequence; I I I)V
Lcom/callerid/block/fragment/EZCallLogFragment$p;,Landroid/content/BroadcastReceiver;,<init>,(Lcom/callerid/block/fragment/EZCallLogFragment;)V
Lcom/callerid/block/fragment/EZCallLogFragment$p;,Landroid/content/BroadcastReceiver;,<init>,(Lcom/callerid/block/fragment/EZCallLogFragment; Lcom/callerid/block/fragment/EZCallLogFragment$e;)V
Lcom/callerid/block/fragment/EZCallLogFragment$p;,Landroid/content/BroadcastReceiver;,onReceive,(Landroid/content/Context; Landroid/content/Intent;)V
Lcom/callerid/block/fragment/EZInterceptFragment$p;,Landroid/content/BroadcastReceiver;,<init>,(Lcom/callerid/block/fragment/EZInterceptFragment;)V
Lcom/callerid/block/fragment/EZInterceptFragment$p;,Landroid/content/BroadcastReceiver;,onReceive,(Landroid/content/Context; Landroid/content/Intent;)V
Lcom/callerid/block/fragment/a$k;,Landroid/content/BroadcastReceiver;,<init>,(Lcom/callerid/block/fragment/a;)V
Lcom/callerid/block/fragment/a$k;,Landroid/content/BroadcastReceiver;,<init>,(Lcom/callerid/block/fragment/a; Lcom/callerid/block/fragment/a$a;)V
Lcom/callerid/block/fragment/a$k;,Landroid/content/BroadcastReceiver;,onReceive,(Landroid/content/Context; Landroid/content/Intent;)V
Lcom/callerid/block/fragment/b$i;,Landroid/content/BroadcastReceiver;,<init>,(Lcom/callerid/block/fragment/b;)V
Lcom/callerid/block/fragment/b$i;,Landroid/content/BroadcastReceiver;,onReceive,(Landroid/content/Context; Landroid/content/Intent;)V
Lcom/callerid/block/fragment/b$j;,Landroid/content/BroadcastReceiver;,<init>,(Lcom/callerid/block/fragment/b;)V
Lcom/callerid/block/fragment/b$j;,Landroid/content/BroadcastReceiver;,onReceive,(Landroid/content/Context; Landroid/content/Intent;)V
Lcom/callerid/block/live/SinglePixelActivity$a;,Landroid/content/BroadcastReceiver;,<init>,(Lcom/callerid/block/live/SinglePixelActivity;)V
Lcom/callerid/block/live/SinglePixelActivity$a;,Landroid/content/BroadcastReceiver;,onReceive,(Landroid/content/Context; Landroid/content/Intent;)V
Lcom/callerid/block/main/MainActivity$q;,Landroid/content/BroadcastReceiver;,<init>,(Lcom/callerid/block/main/MainActivity;)V
Lcom/callerid/block/main/MainActivity$q;,Landroid/content/BroadcastReceiver;,onReceive,(Landroid/content/Context; Landroid/content/Intent;)V
Lcom/callerid/block/main/MainActivity$r;,Landroid/content/BroadcastReceiver;,<init>,(Lcom/callerid/block/main/MainActivity;)V
Lcom/callerid/block/main/MainActivity$r;,Landroid/content/BroadcastReceiver;,onReceive,(Landroid/content/Context; Landroid/content/Intent;)V
Lcom/callerid/block/mvc/controller/ContactActivity$j;,Landroid/content/BroadcastReceiver;,<init>,(Lcom/callerid/block/mvc/controller/ContactActivity;)V
Lcom/callerid/block/mvc/controller/ContactActivity$j;,Landroid/content/BroadcastReceiver;,onReceive,(Landroid/content/Context; Landroid/content/Intent;)V
Lcom/callerid/block/mvc/controller/UnknownContactActivity$k;,Landroid/content/BroadcastReceiver;,<init>,(Lcom/callerid/block/mvc/controller/UnknownContactActivity;)V
Lcom/callerid/block/mvc/controller/UnknownContactActivity$k;,Landroid/content/BroadcastReceiver;,onReceive,(Landroid/content/Context; Landroid/content/Intent;)V
Lcom/callerid/block/receiver/BootBroadcastReceiver;,Landroid/content/BroadcastReceiver;,<init>,()V
Lcom/callerid/block/receiver/BootBroadcastReceiver;,Landroid/content/BroadcastReceiver;,onReceive,(Landroid/content/Context; Landroid/content/Intent;)V
Lcom/callerid/block/receiver/NetworkConnectChangedReceiver;,Landroid/content/BroadcastReceiver;,<init>,()V
Lcom/callerid/block/receiver/NetworkConnectChangedReceiver;,Landroid/content/BroadcastReceiver;,onReceive,(Landroid/content/Context; Landroid/content/Intent;)V
Lcom/callerid/block/receiver/PhoneStateReceiver;,Landroid/content/BroadcastReceiver;,<clinit>,()V
Lcom/callerid/block/receiver/PhoneStateReceiver;,Landroid/content/BroadcastReceiver;,<init>,()V
Lcom/callerid/block/receiver/PhoneStateReceiver;,Landroid/content/BroadcastReceiver;,a,(I Ljava/lang/String;)V
Lcom/callerid/block/receiver/PhoneStateReceiver;,Landroid/content/BroadcastReceiver;,onReceive,(Landroid/content/Context; Landroid/content/Intent;)V
Lcom/callerid/block/receiver/ScreenReceiver;,Landroid/content/BroadcastReceiver;,<init>,()V
Lcom/callerid/block/receiver/ScreenReceiver;,Landroid/content/BroadcastReceiver;,onReceive,(Landroid/content/Context; Landroid/content/Intent;)V
Lcom/callerid/block/service/NLService$b;,Landroid/content/BroadcastReceiver;,<init>,(Lcom/callerid/block/service/NLService;)V
Lcom/callerid/block/service/NLService$b;,Landroid/content/BroadcastReceiver;,onReceive,(Landroid/content/Context; Landroid/content/Intent;)V
Lcom/callerid/block/sms/MessageBoxListActivity$SMSReceiver;,Landroid/content/BroadcastReceiver;,<init>,(Lcom/callerid/block/sms/MessageBoxListActivity;)V
Lcom/callerid/block/sms/MessageBoxListActivity$SMSReceiver;,Landroid/content/BroadcastReceiver;,onReceive,(Landroid/content/Context; Landroid/content/Intent;)V
Lcom/callerid/block/sms/MessageBoxListActivity$z;,Landroid/content/BroadcastReceiver;,<init>,(Lcom/callerid/block/sms/MessageBoxListActivity;)V
Lcom/callerid/block/sms/MessageBoxListActivity$z;,Landroid/content/BroadcastReceiver;,onReceive,(Landroid/content/Context; Landroid/content/Intent;)V
Lcom/callerid/block/sms/SmsReceiver;,Landroid/content/BroadcastReceiver;,<init>,()V
Lcom/callerid/block/sms/SmsReceiver;,Landroid/content/BroadcastReceiver;,a,(Lcom/callerid/block/sms/SmsReceiver; Ljava/lang/String; Ljava/lang/String; J Landroid/content/Context;)V
Lcom/callerid/block/sms/SmsReceiver;,Landroid/content/BroadcastReceiver;,b,(Lcom/callerid/block/sms/SmsReceiver; Landroid/content/Context;)V
Lcom/callerid/block/sms/SmsReceiver;,Landroid/content/BroadcastReceiver;,c,(Ljava/lang/String; Ljava/lang/String; J Landroid/content/Context;)V
Lcom/callerid/block/sms/SmsReceiver;,Landroid/content/BroadcastReceiver;,d,(Landroid/content/Context;)V
Lcom/callerid/block/sms/SmsReceiver;,Landroid/content/BroadcastReceiver;,onReceive,(Landroid/content/Context; Landroid/content/Intent;)V
Lcom/callerid/block/util/s$a;,Landroid/content/BroadcastReceiver;,<init>,(Lcom/callerid/block/util/s;)V
Lcom/callerid/block/util/s$a;,Landroid/content/BroadcastReceiver;,onReceive,(Landroid/content/Context; Landroid/content/Intent;)V
Lcom/google/android/datatransport/runtime/scheduling/jobscheduling/AlarmManagerSchedulerBroadcastReceiver;,Landroid/content/BroadcastReceiver;,<init>,()V
Lcom/google/android/datatransport/runtime/scheduling/jobscheduling/AlarmManagerSchedulerBroadcastReceiver;,Landroid/content/BroadcastReceiver;,a,()V
Lcom/google/android/datatransport/runtime/scheduling/jobscheduling/AlarmManagerSchedulerBroadcastReceiver;,Landroid/content/BroadcastReceiver;,onReceive,(Landroid/content/Context; Landroid/content/Intent;)V
Lcom/google/android/gms/ads/internal/util/j1;,Landroid/content/BroadcastReceiver;,<init>,(Lcom/google/android/gms/ads/internal/util/l1; Lcom/google/android/gms/ads/internal/util/f1;)V
Lcom/google/android/gms/ads/internal/util/j1;,Landroid/content/BroadcastReceiver;,onReceive,(Landroid/content/Context; Landroid/content/Intent;)V
Lcom/google/android/gms/ads/internal/util/k1;,Landroid/content/BroadcastReceiver;,<init>,(Lcom/google/android/gms/ads/internal/util/l1; Lcom/google/android/gms/ads/internal/util/f1;)V
Lcom/google/android/gms/ads/internal/util/k1;,Landroid/content/BroadcastReceiver;,onReceive,(Landroid/content/Context; Landroid/content/Intent;)V
Lcom/google/android/gms/ads/internal/util/s0;,Landroid/content/BroadcastReceiver;,<init>,(Lcom/google/android/gms/ads/internal/util/t0;)V
Lcom/google/android/gms/ads/internal/util/s0;,Landroid/content/BroadcastReceiver;,onReceive,(Landroid/content/Context; Landroid/content/Intent;)V
Lcom/google/android/gms/cloudmessaging/CloudMessagingReceiver;,Landroid/content/BroadcastReceiver;,<init>,()V
Lcom/google/android/gms/cloudmessaging/CloudMessagingReceiver;,Landroid/content/BroadcastReceiver;,e,(Landroid/content/Context; Landroid/content/Intent;)I
Lcom/google/android/gms/cloudmessaging/CloudMessagingReceiver;,Landroid/content/BroadcastReceiver;,g,(Landroid/content/Context; Landroid/content/Intent;)I
Lcom/google/android/gms/cloudmessaging/CloudMessagingReceiver;,Landroid/content/BroadcastReceiver;,a,()Ljava/util/concurrent/Executor;
Lcom/google/android/gms/cloudmessaging/CloudMessagingReceiver;,Landroid/content/BroadcastReceiver;,b,(Landroid/content/Context; Lcom/google/android/gms/cloudmessaging/CloudMessage;)I
Lcom/google/android/gms/cloudmessaging/CloudMessagingReceiver;,Landroid/content/BroadcastReceiver;,c,(Landroid/content/Context; Landroid/os/Bundle;)V
Lcom/google/android/gms/cloudmessaging/CloudMessagingReceiver;,Landroid/content/BroadcastReceiver;,d,(Landroid/content/Context; Landroid/os/Bundle;)V
Lcom/google/android/gms/cloudmessaging/CloudMessagingReceiver;,Landroid/content/BroadcastReceiver;,f,(Landroid/content/Intent; Landroid/content/Context; Z Landroid/content/BroadcastReceiver$PendingResult;)V
Lcom/google/android/gms/cloudmessaging/CloudMessagingReceiver;,Landroid/content/BroadcastReceiver;,onReceive,(Landroid/content/Context; Landroid/content/Intent;)V
Lcom/google/android/gms/internal/ads/nr1;,Landroid/content/BroadcastReceiver;,<init>,(Lcom/google/android/gms/internal/ads/or1;)V
Lcom/google/android/gms/internal/ads/nr1;,Landroid/content/BroadcastReceiver;,onReceive,(Landroid/content/Context; Landroid/content/Intent;)V
Lcom/google/android/gms/internal/ads/vs2;,Landroid/content/BroadcastReceiver;,<init>,(Lcom/google/android/gms/internal/ads/ys2;)V
Lcom/google/android/gms/internal/ads/vs2;,Landroid/content/BroadcastReceiver;,onReceive,(Landroid/content/Context; Landroid/content/Intent;)V
Lcom/google/android/gms/internal/ads/yi2;,Landroid/content/BroadcastReceiver;,<init>,(Lcom/google/android/gms/internal/ads/zi2;)V
Lcom/google/android/gms/internal/ads/yi2;,Landroid/content/BroadcastReceiver;,onReceive,(Landroid/content/Context; Landroid/content/Intent;)V
Lcom/google/android/gms/internal/ads/zzfx;,Landroid/content/BroadcastReceiver;,<init>,(Landroid/content/Context;)V
Lcom/google/android/gms/internal/ads/zzfx;,Landroid/content/BroadcastReceiver;,a,()Z
Lcom/google/android/gms/internal/ads/zzfx;,Landroid/content/BroadcastReceiver;,onReceive,(Landroid/content/Context; Landroid/content/Intent;)V
Lcom/google/android/gms/measurement/internal/w3;,Landroid/content/BroadcastReceiver;,<clinit>,()V
Lcom/google/android/gms/measurement/internal/w3;,Landroid/content/BroadcastReceiver;,<init>,(Lcom/google/android/gms/measurement/internal/o9;)V
Lcom/google/android/gms/measurement/internal/w3;,Landroid/content/BroadcastReceiver;,c,(Lcom/google/android/gms/measurement/internal/w3;)Lcom/google/android/gms/measurement/internal/o9;
Lcom/google/android/gms/measurement/internal/w3;,Landroid/content/BroadcastReceiver;,a,()V
Lcom/google/android/gms/measurement/internal/w3;,Landroid/content/BroadcastReceiver;,b,()V
Lcom/google/android/gms/measurement/internal/w3;,Landroid/content/BroadcastReceiver;,onReceive,(Landroid/content/Context; Landroid/content/Intent;)V
Lcom/google/firebase/c$e;,Landroid/content/BroadcastReceiver;,<clinit>,()V
Lcom/google/firebase/c$e;,Landroid/content/BroadcastReceiver;,<init>,(Landroid/content/Context;)V
Lcom/google/firebase/c$e;,Landroid/content/BroadcastReceiver;,a,(Landroid/content/Context;)V
Lcom/google/firebase/c$e;,Landroid/content/BroadcastReceiver;,b,(Landroid/content/Context;)V
Lcom/google/firebase/c$e;,Landroid/content/BroadcastReceiver;,c,()V
Lcom/google/firebase/c$e;,Landroid/content/BroadcastReceiver;,onReceive,(Landroid/content/Context; Landroid/content/Intent;)V
Lcom/google/firebase/iid/v$a;,Landroid/content/BroadcastReceiver;,<init>,(Lcom/google/firebase/iid/v;)V
Lcom/google/firebase/iid/v$a;,Landroid/content/BroadcastReceiver;,a,()V
Lcom/google/firebase/iid/v$a;,Landroid/content/BroadcastReceiver;,onReceive,(Landroid/content/Context; Landroid/content/Intent;)V
Lcom/google/firebase/messaging/p0$a;,Landroid/content/BroadcastReceiver;,<init>,(Lcom/google/firebase/messaging/p0;)V
Lcom/google/firebase/messaging/p0$a;,Landroid/content/BroadcastReceiver;,a,()V
Lcom/google/firebase/messaging/p0$a;,Landroid/content/BroadcastReceiver;,onReceive,(Landroid/content/Context; Landroid/content/Intent;)V
Lcom/google/firebase/messaging/u0$a;,Landroid/content/BroadcastReceiver;,<init>,(Lcom/google/firebase/messaging/u0; Lcom/google/firebase/messaging/u0;)V
Lcom/google/firebase/messaging/u0$a;,Landroid/content/BroadcastReceiver;,a,()V
Lcom/google/firebase/messaging/u0$a;,Landroid/content/BroadcastReceiver;,onReceive,(Landroid/content/Context; Landroid/content/Intent;)V
Le/a/b/e/d$a;,Landroid/content/BroadcastReceiver;,<init>,(Le/a/b/e/d;)V
Le/a/b/e/d$a;,Landroid/content/BroadcastReceiver;,onReceive,(Landroid/content/Context; Landroid/content/Intent;)V
Le/a/b/f/c$a;,Landroid/content/BroadcastReceiver;,<init>,(Le/a/b/f/c;)V
Le/a/b/f/c$a;,Landroid/content/BroadcastReceiver;,onReceive,(Landroid/content/Context; Landroid/content/Intent;)V
Le/c/a/c/a/a/b;,Landroid/content/BroadcastReceiver;,<init>,(Le/c/a/c/a/a/c;)V
Le/c/a/c/a/a/b;,Landroid/content/BroadcastReceiver;,onReceive,(Landroid/content/Context; Landroid/content/Intent;)V
Landroidx/work/impl/background/systemalarm/ConstraintProxy$BatteryChargingProxy;,Landroidx/work/impl/background/systemalarm/ConstraintProxy;Landroid/content/BroadcastReceiver;,<init>,()V
Landroidx/work/impl/background/systemalarm/ConstraintProxy$BatteryNotLowProxy;,Landroidx/work/impl/background/systemalarm/ConstraintProxy;Landroid/content/BroadcastReceiver;,<init>,()V
Landroidx/work/impl/background/systemalarm/ConstraintProxy$NetworkStateProxy;,Landroidx/work/impl/background/systemalarm/ConstraintProxy;Landroid/content/BroadcastReceiver;,<init>,()V
Landroidx/work/impl/background/systemalarm/ConstraintProxy$StorageNotLowProxy;,Landroidx/work/impl/background/systemalarm/ConstraintProxy;Landroid/content/BroadcastReceiver;,<init>,()V
Lcom/callerid/block/sms/MmsReceiver;,Lcom/android/mms/transaction/PushReceiver;Landroid/content/BroadcastReceiver;,<init>,()V
Lcom/callerid/block/sms/MmsReceiver;,Lcom/android/mms/transaction/PushReceiver;Landroid/content/BroadcastReceiver;,onReceive,(Landroid/content/Context; Landroid/content/Intent;)V
Lcom/callerid/block/sms/MyMmsReceivedReceiver;,Lcom/klinker/android/send_message/MmsReceivedReceiver;Landroid/content/BroadcastReceiver;,<init>,()V
Lcom/callerid/block/sms/MyMmsReceivedReceiver;,Lcom/klinker/android/send_message/MmsReceivedReceiver;Landroid/content/BroadcastReceiver;,j,(Lcom/callerid/block/sms/MyMmsReceivedReceiver; Ljava/lang/String; Ljava/lang/String; J Landroid/content/Context;)V
Lcom/callerid/block/sms/MyMmsReceivedReceiver;,Lcom/klinker/android/send_message/MmsReceivedReceiver;Landroid/content/BroadcastReceiver;,k,(Landroid/content/Context; Landroid/net/Uri;)V
Lcom/callerid/block/sms/MyMmsReceivedReceiver;,Lcom/klinker/android/send_message/MmsReceivedReceiver;Landroid/content/BroadcastReceiver;,l,(Ljava/lang/String; Ljava/lang/String; J Landroid/content/Context;)V
Lcom/callerid/block/sms/MyMmsReceivedReceiver;,Lcom/klinker/android/send_message/MmsReceivedReceiver;Landroid/content/BroadcastReceiver;,m,(Landroid/content/Context;)V
Lcom/callerid/block/sms/MyMmsReceivedReceiver;,Lcom/klinker/android/send_message/MmsReceivedReceiver;Landroid/content/BroadcastReceiver;,h,(Landroid/content/Context; Ljava/lang/String;)V
Lcom/callerid/block/sms/MyMmsReceivedReceiver;,Lcom/klinker/android/send_message/MmsReceivedReceiver;Landroid/content/BroadcastReceiver;,i,(Landroid/content/Context; Landroid/net/Uri;)V
Lcom/google/android/gms/measurement/AppMeasurementReceiver;,Landroidx/legacy/content/WakefulBroadcastReceiver;Landroid/content/BroadcastReceiver;,<init>,()V
Lcom/google/android/gms/measurement/AppMeasurementReceiver;,Landroidx/legacy/content/WakefulBroadcastReceiver;Landroid/content/BroadcastReceiver;,a,(Landroid/content/Context; Landroid/content/Intent;)V
Lcom/google/android/gms/measurement/AppMeasurementReceiver;,Landroidx/legacy/content/WakefulBroadcastReceiver;Landroid/content/BroadcastReceiver;,onReceive,(Landroid/content/Context; Landroid/content/Intent;)V
Lcom/google/android/gms/stats/GCoreWakefulBroadcastReceiver;,Landroidx/legacy/content/WakefulBroadcastReceiver;Landroid/content/BroadcastReceiver;,<clinit>,()V
Lcom/google/android/gms/stats/GCoreWakefulBroadcastReceiver;,Landroidx/legacy/content/WakefulBroadcastReceiver;Landroid/content/BroadcastReceiver;,<init>,()V
Lcom/google/firebase/iid/FirebaseInstanceIdReceiver;,Lcom/google/android/gms/cloudmessaging/CloudMessagingReceiver;Landroid/content/BroadcastReceiver;,<init>,()V
Lcom/google/firebase/iid/FirebaseInstanceIdReceiver;,Lcom/google/android/gms/cloudmessaging/CloudMessagingReceiver;Landroid/content/BroadcastReceiver;,h,(Landroid/content/Context; Ljava/lang/String; Landroid/os/Bundle;)Landroid/content/Intent;
Lcom/google/firebase/iid/FirebaseInstanceIdReceiver;,Lcom/google/android/gms/cloudmessaging/CloudMessagingReceiver;Landroid/content/BroadcastReceiver;,b,(Landroid/content/Context; Lcom/google/android/gms/cloudmessaging/CloudMessage;)I
Lcom/google/firebase/iid/FirebaseInstanceIdReceiver;,Lcom/google/android/gms/cloudmessaging/CloudMessagingReceiver;Landroid/content/BroadcastReceiver;,c,(Landroid/content/Context; Landroid/os/Bundle;)V
Lcom/google/firebase/iid/FirebaseInstanceIdReceiver;,Lcom/google/android/gms/cloudmessaging/CloudMessagingReceiver;Landroid/content/BroadcastReceiver;,d,(Landroid/content/Context; Landroid/os/Bundle;)V
Lcom/callerid/block/sms/MyDeliveredReceiver;,Lcom/klinker/android/send_message/DeliveredReceiver;Lcom/klinker/android/send_message/StatusUpdatedReceiver;Landroid/content/BroadcastReceiver;,<init>,()V
Lcom/callerid/block/sms/MyDeliveredReceiver;,Lcom/klinker/android/send_message/DeliveredReceiver;Lcom/klinker/android/send_message/StatusUpdatedReceiver;Landroid/content/BroadcastReceiver;,a,(Landroid/content/Context; Landroid/content/Intent; I)V
Lcom/callerid/block/sms/MyMmsSentReceiver;,Lcom/klinker/android/send_message/MmsSentReceiver;Lcom/klinker/android/send_message/StatusUpdatedReceiver;Landroid/content/BroadcastReceiver;,<init>,()V
Lcom/callerid/block/sms/MyMmsSentReceiver;,Lcom/klinker/android/send_message/MmsSentReceiver;Lcom/klinker/android/send_message/StatusUpdatedReceiver;Landroid/content/BroadcastReceiver;,a,(Landroid/content/Context; Landroid/content/Intent; I)V
Lcom/callerid/block/sms/MySentReceiver;,Lcom/klinker/android/send_message/SentReceiver;Lcom/klinker/android/send_message/StatusUpdatedReceiver;Landroid/content/BroadcastReceiver;,<init>,()V
Lcom/callerid/block/sms/MySentReceiver;,Lcom/klinker/android/send_message/SentReceiver;Lcom/klinker/android/send_message/StatusUpdatedReceiver;Landroid/content/BroadcastReceiver;,a,(Landroid/content/Context; Landroid/content/Intent; I)V
Lcom/klinker/android/send_message/MmsReceivedReceiver;,Landroid/content/BroadcastReceiver;,<clinit>,()V
Lcom/klinker/android/send_message/MmsReceivedReceiver;,Landroid/content/BroadcastReceiver;,<init>,()V
Lcom/klinker/android/send_message/MmsReceivedReceiver;,Landroid/content/BroadcastReceiver;,a,(Lcom/klinker/android/send_message/MmsReceivedReceiver; Landroid/content/Context; Landroid/content/Intent; [B)Ljava/util/List;
Lcom/klinker/android/send_message/MmsReceivedReceiver;,Landroid/content/BroadcastReceiver;,b,()Ljava/util/concurrent/ExecutorService;
Lcom/klinker/android/send_message/MmsReceivedReceiver;,Landroid/content/BroadcastReceiver;,c,(Lcom/klinker/android/send_message/MmsReceivedReceiver; Landroid/content/Context; Landroid/content/Intent;)V
Lcom/klinker/android/send_message/MmsReceivedReceiver;,Landroid/content/BroadcastReceiver;,e,(Landroid/content/Context; Landroid/content/Intent;)Lcom/google/android/mms/c/h;
Lcom/klinker/android/send_message/MmsReceivedReceiver;,Landroid/content/BroadcastReceiver;,f,(Landroid/content/Context; Landroid/content/Intent; [B)Ljava/util/List;
Lcom/klinker/android/send_message/MmsReceivedReceiver;,Landroid/content/BroadcastReceiver;,g,(Landroid/content/Context; Landroid/content/Intent;)V
Lcom/klinker/android/send_message/MmsReceivedReceiver;,Landroid/content/BroadcastReceiver;,d,()Lcom/klinker/android/send_message/MmsReceivedReceiver$d;
Lcom/klinker/android/send_message/MmsReceivedReceiver;,Landroid/content/BroadcastReceiver;,h,(Landroid/content/Context; Ljava/lang/String;)V
Lcom/klinker/android/send_message/MmsReceivedReceiver;,Landroid/content/BroadcastReceiver;,i,(Landroid/content/Context; Landroid/net/Uri;)V
Lcom/klinker/android/send_message/MmsReceivedReceiver;,Landroid/content/BroadcastReceiver;,onReceive,(Landroid/content/Context; Landroid/content/Intent;)V
Lcom/klinker/android/send_message/StatusUpdatedReceiver;,Landroid/content/BroadcastReceiver;,<init>,()V
Lcom/klinker/android/send_message/StatusUpdatedReceiver;,Landroid/content/BroadcastReceiver;,a,(Landroid/content/Context; Landroid/content/Intent; I)V
Lcom/klinker/android/send_message/StatusUpdatedReceiver;,Landroid/content/BroadcastReceiver;,b,(Landroid/content/Context; Landroid/content/Intent; I)V
Lcom/klinker/android/send_message/StatusUpdatedReceiver;,Landroid/content/BroadcastReceiver;,onReceive,(Landroid/content/Context; Landroid/content/Intent;)V
Lcom/klinker/android/send_message/i$c;,Landroid/content/BroadcastReceiver;,<init>,(Lcom/klinker/android/send_message/i;)V
Lcom/klinker/android/send_message/i$c;,Landroid/content/BroadcastReceiver;,onReceive,(Landroid/content/Context; Landroid/content/Intent;)V
Lcom/klinker/android/send_message/DeliveredReceiver;,Lcom/klinker/android/send_message/StatusUpdatedReceiver;Landroid/content/BroadcastReceiver;,<init>,()V
Lcom/klinker/android/send_message/DeliveredReceiver;,Lcom/klinker/android/send_message/StatusUpdatedReceiver;Landroid/content/BroadcastReceiver;,c,(Landroid/content/Intent;)Landroid/net/Uri;
Lcom/klinker/android/send_message/DeliveredReceiver;,Lcom/klinker/android/send_message/StatusUpdatedReceiver;Landroid/content/BroadcastReceiver;,b,(Landroid/content/Context; Landroid/content/Intent; I)V
Lcom/klinker/android/send_message/MmsSentReceiver;,Lcom/klinker/android/send_message/StatusUpdatedReceiver;Landroid/content/BroadcastReceiver;,<init>,()V
Lcom/klinker/android/send_message/MmsSentReceiver;,Lcom/klinker/android/send_message/StatusUpdatedReceiver;Landroid/content/BroadcastReceiver;,b,(Landroid/content/Context; Landroid/content/Intent; I)V
Lcom/klinker/android/send_message/SentReceiver;,Lcom/klinker/android/send_message/StatusUpdatedReceiver;Landroid/content/BroadcastReceiver;,<init>,()V
Lcom/klinker/android/send_message/SentReceiver;,Lcom/klinker/android/send_message/StatusUpdatedReceiver;Landroid/content/BroadcastReceiver;,c,(Landroid/content/Intent;)Landroid/net/Uri;
Lcom/klinker/android/send_message/SentReceiver;,Lcom/klinker/android/send_message/StatusUpdatedReceiver;Landroid/content/BroadcastReceiver;,d,(Landroid/content/Context;)V
Lcom/klinker/android/send_message/SentReceiver;,Lcom/klinker/android/send_message/StatusUpdatedReceiver;Landroid/content/BroadcastReceiver;,b,(Landroid/content/Context; Landroid/content/Intent; I)V
Landroid/telephony/SmsMessage;,,createFromPdu,([B)Landroid/telephony/SmsMessage;
Landroid/telephony/SmsMessage;,,getStatus,()I
Landroid/telephony/SmsMessage;,,isStatusReportMessage,()Z
Landroid/telephony/SmsMessage;,,getMessageBody,()Ljava/lang/String;
Landroid/telephony/SmsMessage;,,getOriginatingAddress,()Ljava/lang/String;
Landroid/telephony/SmsMessage;,,getTimestampMillis,()J
Landroid/telephony/SmsMessage;,,calculateLength,(Ljava/lang/String; Z)[I
Landroid/telephony/SmsManager;,,getDefault,()Landroid/telephony/SmsManager;
Landroid/telephony/SmsManager;,,downloadMultimediaMessage,(Landroid/content/Context; Ljava/lang/String; Landroid/net/Uri; Landroid/os/Bundle; Landroid/app/PendingIntent;)V
Landroid/telephony/SmsManager;,,divideMessage,(Ljava/lang/String;)Ljava/util/ArrayList;
Landroid/telephony/SmsManager;,,sendMultipartTextMessage,(Ljava/lang/String; Ljava/lang/String; Ljava/util/ArrayList; Ljava/util/ArrayList; Ljava/util/ArrayList;)V
Landroid/telephony/SmsManager;,,getSmsManagerForSubscriptionId,(I)Landroid/telephony/SmsManager;
Landroid/telephony/SmsManager;,,getSubscriptionId,()I
Landroid/telephony/SmsManager;,,sendMultimediaMessage,(Landroid/content/Context; Landroid/net/Uri; Ljava/lang/String; Landroid/os/Bundle; Landroid/app/PendingIntent;)V
Landroid/telephony/SmsManager;,,getDefaultSmsSubscriptionId,()I
Landroid/telephony/TelephonyManager;,,getLine1Number,()Ljava/lang/String;
Landroid/telephony/TelephonyManager;,,getVoiceMailNumber,()Ljava/lang/String;
Landroid/telephony/TelephonyManager;,,getSimCountryIso,()Ljava/lang/String;
Landroid/telephony/TelephonyManager;,,getDeviceId,()Ljava/lang/String;
Landroid/telephony/TelephonyManager;,,getSimSerialNumber,()Ljava/lang/String;
Landroid/telephony/TelephonyManager;,,getSimState,()I
Landroid/telephony/TelephonyManager;,,getNetworkCountryIso,()Ljava/lang/String;
Landroid/telephony/TelephonyManager;,,getNetworkOperator,()Ljava/lang/String;
Landroid/telephony/TelephonyManager;,,getNetworkType,()I
Landroid/telephony/TelephonyManager;,,getPhoneType,()I
Landroid/telephony/TelephonyManager;,,getMmsUserAgent,()Ljava/lang/String;
Landroid/telephony/TelephonyManager;,,getMmsUAProfUrl,()Ljava/lang/String;
Landroid/telephony/TelephonyManager;,,getSimOperator,()Ljava/lang/String;
Landroid/telephony/TelephonyManager;,,getDataState,()I
Landroid/telephony/TelephonyManager;,,isDataEnabled,()Z
Landroid/telephony/TelephonyManager;,,getCellLocation,()Landroid/telephony/CellLocation;
Landroid/telephony/SubscriptionInfo;,,getCarrierName,()Ljava/lang/CharSequence;
Landroid/telephony/SubscriptionInfo;,,getMcc,()I
Landroid/telephony/SubscriptionInfo;,,getMnc,()I
Landroid/telephony/SubscriptionInfo;,,getSubscriptionId,()I
Landroid/telephony/PhoneNumberFormattingTextWatcher;,,<init>,(Ljava/lang/String;)V
Landroid/telephony/PhoneNumberFormattingTextWatcher;,,onTextChanged,(Ljava/lang/CharSequence; I I I)V
Landroid/telephony/PhoneNumberFormattingTextWatcher;,,<init>,()V
Landroid/telephony/PhoneNumberUtils;,,compare,(Ljava/lang/String; Ljava/lang/String;)Z
Landroid/telephony/PhoneNumberUtils;,,formatNumber,(Ljava/lang/String; Ljava/lang/String;)Ljava/lang/String;
Landroid/telephony/PhoneNumberUtils;,,formatNumber,(Ljava/lang/String;)Ljava/lang/String;
Landroid/telecom/TelecomManager;,,getCallCapablePhoneAccounts,()Ljava/util/List;
Landroid/telecom/TelecomManager;,,endCall,()Z
Landroid/telecom/TelecomManager;,,getDefaultDialerPackage,()Ljava/lang/String;
Landroid/telephony/SubscriptionManager;,,from,(Landroid/content/Context;)Landroid/telephony/SubscriptionManager;
Landroid/telephony/SubscriptionManager;,,getActiveSubscriptionInfoCount,()I
Landroid/telephony/SubscriptionManager;,,getActiveSubscriptionInfoList,()Ljava/util/List;
Landroid/telephony/ServiceState;,,<init>,()V
Landroid/telephony/ServiceState;,,getOperatorNumeric,()Ljava/lang/String;
Landroid/telephony/cdma/CdmaCellLocation;,,getSystemId,()I
