Landroidx/appcompat/app/f$e$1;,Landroid/content/BroadcastReceiver;,<init>,(Landroidx/appcompat/app/f$e;)V
Landroidx/appcompat/app/f$e$1;,Landroid/content/BroadcastReceiver;,onReceive,(Landroid/content/Context; Landroid/content/Intent;)V
Landroidx/f/a/a;,Landroid/content/BroadcastReceiver;,<clinit>,()V
Landroidx/f/a/a;,Landroid/content/BroadcastReceiver;,<init>,()V
Landroidx/f/a/a;,Landroid/content/BroadcastReceiver;,a,(Landroid/content/Context; Landroid/content/Intent;)Landroid/content/ComponentName;
Landroidx/f/a/a;,Landroid/content/BroadcastReceiver;,a,(Landroid/content/Intent;)Z
Landroidx/work/impl/a/b/c$1;,Landroid/content/BroadcastReceiver;,<init>,(Landroidx/work/impl/a/b/c;)V
Landroidx/work/impl/a/b/c$1;,Landroid/content/BroadcastReceiver;,onReceive,(Landroid/content/Context; Landroid/content/Intent;)V
Landroidx/work/impl/a/b/e$a;,Landroid/content/BroadcastReceiver;,<init>,(Landroidx/work/impl/a/b/e;)V
Landroidx/work/impl/a/b/e$a;,Landroid/content/BroadcastReceiver;,onReceive,(Landroid/content/Context; Landroid/content/Intent;)V
Landroidx/work/impl/background/systemalarm/ConstraintProxy;,Landroid/content/BroadcastReceiver;,<clinit>,()V
Landroidx/work/impl/background/systemalarm/ConstraintProxy;,Landroid/content/BroadcastReceiver;,<init>,()V
Landroidx/work/impl/background/systemalarm/ConstraintProxy;,Landroid/content/BroadcastReceiver;,a,(Landroid/content/Context; Ljava/util/List;)V
Landroidx/work/impl/background/systemalarm/ConstraintProxy;,Landroid/content/BroadcastReceiver;,onReceive,(Landroid/content/Context; Landroid/content/Intent;)V
Landroidx/work/impl/background/systemalarm/ConstraintProxyUpdateReceiver;,Landroid/content/BroadcastReceiver;,<clinit>,()V
Landroidx/work/impl/background/systemalarm/ConstraintProxyUpdateReceiver;,Landroid/content/BroadcastReceiver;,<init>,()V
Landroidx/work/impl/background/systemalarm/ConstraintProxyUpdateReceiver;,Landroid/content/BroadcastReceiver;,a,(Landroid/content/Context; Z Z Z Z)Landroid/content/Intent;
Landroidx/work/impl/background/systemalarm/ConstraintProxyUpdateReceiver;,Landroid/content/BroadcastReceiver;,onReceive,(Landroid/content/Context; Landroid/content/Intent;)V
Landroidx/work/impl/background/systemalarm/ConstraintProxyUpdateReceiver;,Landroid/content/BroadcastReceiver;,goAsync,()Landroid/content/BroadcastReceiver$PendingResult;
Landroidx/work/impl/background/systemalarm/RescheduleReceiver;,Landroid/content/BroadcastReceiver;,<clinit>,()V
Landroidx/work/impl/background/systemalarm/RescheduleReceiver;,Landroid/content/BroadcastReceiver;,<init>,()V
Landroidx/work/impl/background/systemalarm/RescheduleReceiver;,Landroid/content/BroadcastReceiver;,onReceive,(Landroid/content/Context; Landroid/content/Intent;)V
Landroidx/work/impl/background/systemalarm/RescheduleReceiver;,Landroid/content/BroadcastReceiver;,goAsync,()Landroid/content/BroadcastReceiver$PendingResult;
Landroidx/work/impl/utils/ForceStopRunnable$BroadcastReceiver;,Landroid/content/BroadcastReceiver;,<clinit>,()V
Landroidx/work/impl/utils/ForceStopRunnable$BroadcastReceiver;,Landroid/content/BroadcastReceiver;,<init>,()V
Landroidx/work/impl/utils/ForceStopRunnable$BroadcastReceiver;,Landroid/content/BroadcastReceiver;,onReceive,(Landroid/content/Context; Landroid/content/Intent;)V
Lcom/bumptech/glide/c/e$1;,Landroid/content/BroadcastReceiver;,<init>,(Lcom/bumptech/glide/c/e;)V
Lcom/bumptech/glide/c/e$1;,Landroid/content/BroadcastReceiver;,onReceive,(Landroid/content/Context; Landroid/content/Intent;)V
Lcom/facebook/CurrentAccessTokenExpirationBroadcastReceiver;,Landroid/content/BroadcastReceiver;,<init>,()V
Lcom/facebook/CurrentAccessTokenExpirationBroadcastReceiver;,Landroid/content/BroadcastReceiver;,onReceive,(Landroid/content/Context; Landroid/content/Intent;)V
Lcom/facebook/CustomTabActivity$1;,Landroid/content/BroadcastReceiver;,<init>,(Lcom/facebook/CustomTabActivity;)V
Lcom/facebook/CustomTabActivity$1;,Landroid/content/BroadcastReceiver;,onReceive,(Landroid/content/Context; Landroid/content/Intent;)V
Lcom/facebook/CustomTabMainActivity$1;,Landroid/content/BroadcastReceiver;,<init>,(Lcom/facebook/CustomTabMainActivity;)V
Lcom/facebook/CustomTabMainActivity$1;,Landroid/content/BroadcastReceiver;,onReceive,(Landroid/content/Context; Landroid/content/Intent;)V
Lcom/facebook/e$a;,Landroid/content/BroadcastReceiver;,<init>,(Lcom/facebook/e;)V
Lcom/facebook/e$a;,Landroid/content/BroadcastReceiver;,<init>,(Lcom/facebook/e; Lcom/facebook/e$1;)V
Lcom/facebook/e$a;,Landroid/content/BroadcastReceiver;,onReceive,(Landroid/content/Context; Landroid/content/Intent;)V
Lcom/facebook/internal/b;,Landroid/content/BroadcastReceiver;,<init>,(Landroid/content/Context;)V
Lcom/facebook/internal/b;,Landroid/content/BroadcastReceiver;,a,(Landroid/content/Context;)Lcom/facebook/internal/b;
Lcom/facebook/internal/b;,Landroid/content/BroadcastReceiver;,a,()V
Lcom/facebook/internal/b;,Landroid/content/BroadcastReceiver;,b,()V
Lcom/facebook/internal/b;,Landroid/content/BroadcastReceiver;,finalize,()V
Lcom/facebook/internal/b;,Landroid/content/BroadcastReceiver;,onReceive,(Landroid/content/Context; Landroid/content/Intent;)V
Lcom/google/android/gms/common/api/internal/ag;,Landroid/content/BroadcastReceiver;,<init>,(Lcom/google/android/gms/common/api/internal/af;)V
Lcom/google/android/gms/common/api/internal/ag;,Landroid/content/BroadcastReceiver;,a,()V
Lcom/google/android/gms/common/api/internal/ag;,Landroid/content/BroadcastReceiver;,a,(Landroid/content/Context;)V
Lcom/google/android/gms/common/api/internal/ag;,Landroid/content/BroadcastReceiver;,onReceive,(Landroid/content/Context; Landroid/content/Intent;)V
Lcom/google/android/gms/internal/ads/dil;,Landroid/content/BroadcastReceiver;,<init>,(Landroid/content/Context;)V
Lcom/google/android/gms/internal/ads/dil;,Landroid/content/BroadcastReceiver;,a,()Z
Lcom/google/android/gms/internal/ads/dil;,Landroid/content/BroadcastReceiver;,onReceive,(Landroid/content/Context; Landroid/content/Intent;)V
Lcom/google/android/gms/internal/ads/diw;,Landroid/content/BroadcastReceiver;,<init>,(Lcom/google/android/gms/internal/ads/diu;)V
Lcom/google/android/gms/internal/ads/diw;,Landroid/content/BroadcastReceiver;,onReceive,(Landroid/content/Context; Landroid/content/Intent;)V
Lcom/google/android/gms/internal/ads/dtp;,Landroid/content/BroadcastReceiver;,<init>,(Lcom/google/android/gms/internal/ads/dtn;)V
Lcom/google/android/gms/internal/ads/dtp;,Landroid/content/BroadcastReceiver;,onReceive,(Landroid/content/Context; Landroid/content/Intent;)V
Lcom/google/android/gms/internal/ads/vh;,Landroid/content/BroadcastReceiver;,<init>,(Lcom/google/android/gms/internal/ads/ve;)V
Lcom/google/android/gms/internal/ads/vh;,Landroid/content/BroadcastReceiver;,<init>,(Lcom/google/android/gms/internal/ads/ve; Lcom/google/android/gms/internal/ads/vg;)V
Lcom/google/android/gms/internal/ads/vh;,Landroid/content/BroadcastReceiver;,onReceive,(Landroid/content/Context; Landroid/content/Intent;)V
Lcom/google/android/gms/internal/ads/vk;,Landroid/content/BroadcastReceiver;,<init>,(Lcom/google/android/gms/internal/ads/ve;)V
Lcom/google/android/gms/internal/ads/vk;,Landroid/content/BroadcastReceiver;,<init>,(Lcom/google/android/gms/internal/ads/ve; Lcom/google/android/gms/internal/ads/vg;)V
Lcom/google/android/gms/internal/ads/vk;,Landroid/content/BroadcastReceiver;,onReceive,(Landroid/content/Context; Landroid/content/Intent;)V
Lcom/google/android/gms/internal/ads/xm;,Landroid/content/BroadcastReceiver;,<init>,(Lcom/google/android/gms/internal/ads/xn;)V
Lcom/google/android/gms/internal/ads/xm;,Landroid/content/BroadcastReceiver;,onReceive,(Landroid/content/Context; Landroid/content/Intent;)V
Lcom/google/android/gms/measurement/internal/ej;,Landroid/content/BroadcastReceiver;,<clinit>,()V
Lcom/google/android/gms/measurement/internal/ej;,Landroid/content/BroadcastReceiver;,<init>,(Lcom/google/android/gms/measurement/internal/jo;)V
Lcom/google/android/gms/measurement/internal/ej;,Landroid/content/BroadcastReceiver;,a,(Lcom/google/android/gms/measurement/internal/ej;)Lcom/google/android/gms/measurement/internal/jo;
Lcom/google/android/gms/measurement/internal/ej;,Landroid/content/BroadcastReceiver;,a,()V
Lcom/google/android/gms/measurement/internal/ej;,Landroid/content/BroadcastReceiver;,b,()V
Lcom/google/android/gms/measurement/internal/ej;,Landroid/content/BroadcastReceiver;,onReceive,(Landroid/content/Context; Landroid/content/Intent;)V
Lcom/google/firebase/b$d;,Landroid/content/BroadcastReceiver;,<clinit>,()V
Lcom/google/firebase/b$d;,Landroid/content/BroadcastReceiver;,<init>,(Landroid/content/Context;)V
Lcom/google/firebase/b$d;,Landroid/content/BroadcastReceiver;,a,(Landroid/content/Context;)V
Lcom/google/firebase/b$d;,Landroid/content/BroadcastReceiver;,b,(Landroid/content/Context;)V
Lcom/google/firebase/b$d;,Landroid/content/BroadcastReceiver;,a,()V
Lcom/google/firebase/b$d;,Landroid/content/BroadcastReceiver;,onReceive,(Landroid/content/Context; Landroid/content/Intent;)V
Lcom/google/firebase/iid/ab;,Landroid/content/BroadcastReceiver;,<init>,(Lcom/google/firebase/iid/ac;)V
Lcom/google/firebase/iid/ab;,Landroid/content/BroadcastReceiver;,a,()V
Lcom/google/firebase/iid/ab;,Landroid/content/BroadcastReceiver;,onReceive,(Landroid/content/Context; Landroid/content/Intent;)V
Lcom/unknownphone/callblocker/receiver/PhoneStateReceiver;,Landroid/content/BroadcastReceiver;,<clinit>,()V
Lcom/unknownphone/callblocker/receiver/PhoneStateReceiver;,Landroid/content/BroadcastReceiver;,<init>,()V
Lcom/unknownphone/callblocker/receiver/PhoneStateReceiver;,Landroid/content/BroadcastReceiver;,onReceive,(Landroid/content/Context; Landroid/content/Intent;)V
Lcom/unknownphone/callblocker/receiver/a;,Landroid/telephony/PhoneStateListener;,<init>,(Landroid/content/Context;)V
Lcom/unknownphone/callblocker/receiver/a;,Landroid/telephony/PhoneStateListener;,a,(Ljava/util/List; Ljava/lang/String;)Ljava/lang/String;
Lcom/unknownphone/callblocker/receiver/a;,Landroid/telephony/PhoneStateListener;,a,(Landroid/content/Context;)Ljava/util/List;
Lcom/unknownphone/callblocker/receiver/a;,Landroid/telephony/PhoneStateListener;,a,(I)V
Lcom/unknownphone/callblocker/receiver/a;,Landroid/telephony/PhoneStateListener;,a,(Landroid/content/Context; Ljava/lang/String;)V
Lcom/unknownphone/callblocker/receiver/a;,Landroid/telephony/PhoneStateListener;,a,(Landroid/content/Context; Ljava/lang/String; Ljava/lang/String;)V
Lcom/unknownphone/callblocker/receiver/a;,Landroid/telephony/PhoneStateListener;,a,(Landroid/telephony/TelephonyManager; Landroid/telecom/TelecomManager; Landroid/media/AudioManager;)V
Lcom/unknownphone/callblocker/receiver/a;,Landroid/telephony/PhoneStateListener;,a,(Lcom/unknownphone/callblocker/d/b; Ljava/lang/String; Ljava/lang/String; Z)V
Lcom/unknownphone/callblocker/receiver/a;,Landroid/telephony/PhoneStateListener;,a,(Ljava/lang/String; Ljava/lang/String;)Z
Lcom/unknownphone/callblocker/receiver/a;,Landroid/telephony/PhoneStateListener;,b,(Landroid/content/Context; Ljava/lang/String;)Ljava/lang/String;
Lcom/unknownphone/callblocker/receiver/a;,Landroid/telephony/PhoneStateListener;,b,(Ljava/lang/String; Ljava/lang/String;)Z
Lcom/unknownphone/callblocker/receiver/a;,Landroid/telephony/PhoneStateListener;,onCallStateChanged,(I Ljava/lang/String;)V
Landroidx/work/impl/background/systemalarm/ConstraintProxy$BatteryChargingProxy;,Landroidx/work/impl/background/systemalarm/ConstraintProxy;Landroid/content/BroadcastReceiver;,<init>,()V
Landroidx/work/impl/background/systemalarm/ConstraintProxy$BatteryChargingProxy;,Landroidx/work/impl/background/systemalarm/ConstraintProxy;Landroid/content/BroadcastReceiver;,onReceive,(Landroid/content/Context; Landroid/content/Intent;)V
Landroidx/work/impl/background/systemalarm/ConstraintProxy$BatteryNotLowProxy;,Landroidx/work/impl/background/systemalarm/ConstraintProxy;Landroid/content/BroadcastReceiver;,<init>,()V
Landroidx/work/impl/background/systemalarm/ConstraintProxy$BatteryNotLowProxy;,Landroidx/work/impl/background/systemalarm/ConstraintProxy;Landroid/content/BroadcastReceiver;,onReceive,(Landroid/content/Context; Landroid/content/Intent;)V
Landroidx/work/impl/background/systemalarm/ConstraintProxy$NetworkStateProxy;,Landroidx/work/impl/background/systemalarm/ConstraintProxy;Landroid/content/BroadcastReceiver;,<init>,()V
Landroidx/work/impl/background/systemalarm/ConstraintProxy$NetworkStateProxy;,Landroidx/work/impl/background/systemalarm/ConstraintProxy;Landroid/content/BroadcastReceiver;,onReceive,(Landroid/content/Context; Landroid/content/Intent;)V
Landroidx/work/impl/background/systemalarm/ConstraintProxy$StorageNotLowProxy;,Landroidx/work/impl/background/systemalarm/ConstraintProxy;Landroid/content/BroadcastReceiver;,<init>,()V
Landroidx/work/impl/background/systemalarm/ConstraintProxy$StorageNotLowProxy;,Landroidx/work/impl/background/systemalarm/ConstraintProxy;Landroid/content/BroadcastReceiver;,onReceive,(Landroid/content/Context; Landroid/content/Intent;)V
Lcom/google/android/gms/measurement/AppMeasurementReceiver;,Landroidx/f/a/a;Landroid/content/BroadcastReceiver;,<init>,()V
Lcom/google/android/gms/measurement/AppMeasurementReceiver;,Landroidx/f/a/a;Landroid/content/BroadcastReceiver;,b,(Landroid/content/Context; Landroid/content/Intent;)V
Lcom/google/android/gms/measurement/AppMeasurementReceiver;,Landroidx/f/a/a;Landroid/content/BroadcastReceiver;,onReceive,(Landroid/content/Context; Landroid/content/Intent;)V
Lcom/google/android/gms/measurement/AppMeasurementReceiver;,Landroidx/f/a/a;Landroid/content/BroadcastReceiver;,a,(Landroid/content/Context; Landroid/content/Intent;)Landroid/content/ComponentName;
Lcom/google/android/gms/measurement/AppMeasurementReceiver;,Landroidx/f/a/a;Landroid/content/BroadcastReceiver;,a,(Landroid/content/Intent;)Z
Lcom/google/firebase/iid/FirebaseInstanceIdReceiver;,Landroidx/f/a/a;Landroid/content/BroadcastReceiver;,<init>,()V
Lcom/google/firebase/iid/FirebaseInstanceIdReceiver;,Landroidx/f/a/a;Landroid/content/BroadcastReceiver;,a,(Z Landroid/content/BroadcastReceiver$PendingResult; Lcom/google/android/gms/tasks/g;)V
Lcom/google/firebase/iid/FirebaseInstanceIdReceiver;,Landroidx/f/a/a;Landroid/content/BroadcastReceiver;,onReceive,(Landroid/content/Context; Landroid/content/Intent;)V
Lcom/google/firebase/iid/FirebaseInstanceIdReceiver;,Landroidx/f/a/a;Landroid/content/BroadcastReceiver;,isOrderedBroadcast,()Z
Lcom/google/firebase/iid/FirebaseInstanceIdReceiver;,Landroidx/f/a/a;Landroid/content/BroadcastReceiver;,goAsync,()Landroid/content/BroadcastReceiver$PendingResult;
Landroid/telephony/TelephonyManager;,,getNetworkOperatorName,()Ljava/lang/String;
Landroid/telephony/TelephonyManager;,,getNetworkOperator,()Ljava/lang/String;
Landroid/telephony/TelephonyManager;,,getNetworkType,()I
Landroid/telephony/TelephonyManager;,,getPhoneType,()I
Landroid/telephony/TelephonyManager;,,getSimCountryIso,()Ljava/lang/String;
Landroid/telephony/TelephonyManager;,,getNetworkCountryIso,()Ljava/lang/String;
Landroid/telephony/TelephonyManager;,,createForSubscriptionId,(I)Landroid/telephony/TelephonyManager;
Landroid/telephony/TelephonyManager;,,listen,(Landroid/telephony/PhoneStateListener; I)V
Landroid/telephony/TelephonyManager;,,isDataEnabled,()Z
Landroid/telephony/SubscriptionManager;,,getActiveSubscriptionInfoList,()Ljava/util/List;
Landroid/telephony/SubscriptionInfo;,,getSubscriptionId,()I
Landroid/telephony/PhoneStateListener;,,<init>,()V
Landroid/telephony/PhoneStateListener;,,onCallStateChanged,(I Ljava/lang/String;)V
Landroid/telecom/TelecomManager;,,endCall,()Z
