Landroidx/work/impl/background/systemalarm/ConstraintProxy;,Landroid/content/BroadcastReceiver;,<clinit>,()V
Landroidx/work/impl/background/systemalarm/ConstraintProxy;,Landroid/content/BroadcastReceiver;,<init>,()V
Landroidx/work/impl/background/systemalarm/ConstraintProxy;,Landroid/content/BroadcastReceiver;,onReceive,(Landroid/content/Context; Landroid/content/Intent;)V
Landroidx/work/impl/background/systemalarm/ConstraintProxyUpdateReceiver;,Landroid/content/BroadcastReceiver;,<clinit>,()V
Landroidx/work/impl/background/systemalarm/ConstraintProxyUpdateReceiver;,Landroid/content/BroadcastReceiver;,<init>,()V
Landroidx/work/impl/background/systemalarm/ConstraintProxyUpdateReceiver;,Landroid/content/BroadcastReceiver;,onReceive,(Landroid/content/Context; Landroid/content/Intent;)V
Landroidx/work/impl/background/systemalarm/RescheduleReceiver;,Landroid/content/BroadcastReceiver;,<clinit>,()V
Landroidx/work/impl/background/systemalarm/RescheduleReceiver;,Landroid/content/BroadcastReceiver;,<init>,()V
Landroidx/work/impl/background/systemalarm/RescheduleReceiver;,Landroid/content/BroadcastReceiver;,onReceive,(Landroid/content/Context; Landroid/content/Intent;)V
Landroidx/work/impl/diagnostics/DiagnosticsReceiver;,Landroid/content/BroadcastReceiver;,<clinit>,()V
Landroidx/work/impl/diagnostics/DiagnosticsReceiver;,Landroid/content/BroadcastReceiver;,<init>,()V
Landroidx/work/impl/diagnostics/DiagnosticsReceiver;,Landroid/content/BroadcastReceiver;,onReceive,(Landroid/content/Context; Landroid/content/Intent;)V
Landroidx/work/impl/utils/ForceStopRunnable$BroadcastReceiver;,Landroid/content/BroadcastReceiver;,<clinit>,()V
Landroidx/work/impl/utils/ForceStopRunnable$BroadcastReceiver;,Landroid/content/BroadcastReceiver;,<init>,()V
Landroidx/work/impl/utils/ForceStopRunnable$BroadcastReceiver;,Landroid/content/BroadcastReceiver;,onReceive,(Landroid/content/Context; Landroid/content/Intent;)V
Lcom/appsflyer/MultipleInstallBroadcastReceiver;,Landroid/content/BroadcastReceiver;,<init>,()V
Lcom/appsflyer/MultipleInstallBroadcastReceiver;,Landroid/content/BroadcastReceiver;,onReceive,(Landroid/content/Context; Landroid/content/Intent;)V
Lcom/appsflyer/SingleInstallBroadcastReceiver;,Landroid/content/BroadcastReceiver;,<init>,()V
Lcom/appsflyer/SingleInstallBroadcastReceiver;,Landroid/content/BroadcastReceiver;,onReceive,(Landroid/content/Context; Landroid/content/Intent;)V
Lcom/clevertap/android/pushtemplates/PushTemplateReceiver;,Landroid/content/BroadcastReceiver;,<init>,()V
Lcom/clevertap/android/pushtemplates/PushTemplateReceiver;,Landroid/content/BroadcastReceiver;,a,(Lcom/clevertap/android/pushtemplates/PushTemplateReceiver; Landroid/content/Context; Landroid/os/Bundle;)V
Lcom/clevertap/android/pushtemplates/PushTemplateReceiver;,Landroid/content/BroadcastReceiver;,b,(Lcom/clevertap/android/pushtemplates/PushTemplateReceiver; Landroid/content/Context; Landroid/os/Bundle;)V
Lcom/clevertap/android/pushtemplates/PushTemplateReceiver;,Landroid/content/BroadcastReceiver;,c,(Lcom/clevertap/android/pushtemplates/PushTemplateReceiver; Landroid/content/Context; Landroid/os/Bundle;)V
Lcom/clevertap/android/pushtemplates/PushTemplateReceiver;,Landroid/content/BroadcastReceiver;,d,(Lcom/clevertap/android/pushtemplates/PushTemplateReceiver; Landroid/content/Context; Landroid/os/Bundle; Landroid/content/Intent;)V
Lcom/clevertap/android/pushtemplates/PushTemplateReceiver;,Landroid/content/BroadcastReceiver;,e,(Lcom/clevertap/android/pushtemplates/PushTemplateReceiver; Landroid/content/Context; Landroid/os/Bundle;)V
Lcom/clevertap/android/pushtemplates/PushTemplateReceiver;,Landroid/content/BroadcastReceiver;,f,(Landroid/content/Context; Landroid/os/Bundle; I Ljava/lang/String; Lcom/clevertap/android/sdk/CleverTapInstanceConfig;)V
Lcom/clevertap/android/pushtemplates/PushTemplateReceiver;,Landroid/content/BroadcastReceiver;,g,(Z Ljava/lang/String; Landroid/content/Context;)Ln3/k/a/q;
Lcom/clevertap/android/pushtemplates/PushTemplateReceiver;,Landroid/content/BroadcastReceiver;,h,(Landroid/widget/RemoteViews; Landroid/content/Context;)V
Lcom/clevertap/android/pushtemplates/PushTemplateReceiver;,Landroid/content/BroadcastReceiver;,i,(Ln3/k/a/q; Landroid/widget/RemoteViews; Landroid/widget/RemoteViews; Ljava/lang/String; Landroid/app/PendingIntent; Landroid/app/PendingIntent;)V
Lcom/clevertap/android/pushtemplates/PushTemplateReceiver;,Landroid/content/BroadcastReceiver;,j,(Landroid/content/Context;)V
Lcom/clevertap/android/pushtemplates/PushTemplateReceiver;,Landroid/content/BroadcastReceiver;,onReceive,(Landroid/content/Context; Landroid/content/Intent;)V
Lcom/clevertap/android/sdk/pushnotification/CTPushNotificationReceiver;,Landroid/content/BroadcastReceiver;,<init>,()V
Lcom/clevertap/android/sdk/pushnotification/CTPushNotificationReceiver;,Landroid/content/BroadcastReceiver;,onReceive,(Landroid/content/Context; Landroid/content/Intent;)V
Le/d/a/a/c0;,Landroid/content/BroadcastReceiver;,<init>,(Le/d/a/a/d0; Le/d/a/a/q;)V
Le/d/a/a/c0;,Landroid/content/BroadcastReceiver;,onReceive,(Landroid/content/Context; Landroid/content/Intent;)V
Le/f/a/o/e$a;,Landroid/content/BroadcastReceiver;,<init>,(Le/f/a/o/e;)V
Le/f/a/o/e$a;,Landroid/content/BroadcastReceiver;,onReceive,(Landroid/content/Context; Landroid/content/Intent;)V
Ln3/b/a/k$g$a;,Landroid/content/BroadcastReceiver;,<init>,(Ln3/b/a/k$g;)V
Ln3/b/a/k$g$a;,Landroid/content/BroadcastReceiver;,onReceive,(Landroid/content/Context; Landroid/content/Intent;)V
Ln3/m0/c0/q/f/c$a;,Landroid/content/BroadcastReceiver;,<init>,(Ln3/m0/c0/q/f/c;)V
Ln3/m0/c0/q/f/c$a;,Landroid/content/BroadcastReceiver;,onReceive,(Landroid/content/Context; Landroid/content/Intent;)V
Ln3/m0/c0/q/f/e$a;,Landroid/content/BroadcastReceiver;,<init>,(Ln3/m0/c0/q/f/e;)V
Ln3/m0/c0/q/f/e$a;,Landroid/content/BroadcastReceiver;,onReceive,(Landroid/content/Context; Landroid/content/Intent;)V
Ln3/u/a/a;,Landroid/content/BroadcastReceiver;,<clinit>,()V
Ln3/u/a/a;,Landroid/content/BroadcastReceiver;,<init>,()V
Ln3/y/b/a/w0/n$b;,Landroid/content/BroadcastReceiver;,<init>,()V
Ln3/y/b/a/w0/n$b;,Landroid/content/BroadcastReceiver;,a,()V
Ln3/y/b/a/w0/n$b;,Landroid/content/BroadcastReceiver;,b,(Ln3/y/b/a/w0/n;)V
Ln3/y/b/a/w0/n$b;,Landroid/content/BroadcastReceiver;,onReceive,(Landroid/content/Context; Landroid/content/Intent;)V
Ln3/y/c/d$b$b;,Landroid/content/BroadcastReceiver;,<init>,(Ln3/y/c/d$b;)V
Ln3/y/c/d$b$b;,Landroid/content/BroadcastReceiver;,onReceive,(Landroid/content/Context; Landroid/content/Intent;)V
Landroidx/work/impl/background/systemalarm/ConstraintProxy$BatteryChargingProxy;,Landroidx/work/impl/background/systemalarm/ConstraintProxy;Landroid/content/BroadcastReceiver;,<init>,()V
Landroidx/work/impl/background/systemalarm/ConstraintProxy$BatteryNotLowProxy;,Landroidx/work/impl/background/systemalarm/ConstraintProxy;Landroid/content/BroadcastReceiver;,<init>,()V
Landroidx/work/impl/background/systemalarm/ConstraintProxy$NetworkStateProxy;,Landroidx/work/impl/background/systemalarm/ConstraintProxy;Landroid/content/BroadcastReceiver;,<init>,()V
Landroidx/work/impl/background/systemalarm/ConstraintProxy$StorageNotLowProxy;,Landroidx/work/impl/background/systemalarm/ConstraintProxy;Landroid/content/BroadcastReceiver;,<init>,()V
Lcom/clevertap/android/pushtemplates/PTPushNotificationReceiver;,Lcom/clevertap/android/sdk/pushnotification/CTPushNotificationReceiver;Landroid/content/BroadcastReceiver;,<init>,()V
Lcom/clevertap/android/pushtemplates/PTPushNotificationReceiver;,Lcom/clevertap/android/sdk/pushnotification/CTPushNotificationReceiver;Landroid/content/BroadcastReceiver;,onReceive,(Landroid/content/Context; Landroid/content/Intent;)V
Lcom/truecaller/insights/reminders/receiver/ReminderBootReceiver;,Landroid/content/BroadcastReceiver;,<init>,()V
Lcom/truecaller/insights/reminders/receiver/ReminderBootReceiver;,Landroid/content/BroadcastReceiver;,onReceive,(Landroid/content/Context; Landroid/content/Intent;)V
Le/a/a4/j0;,Landroid/content/BroadcastReceiver;,<init>,(Ls1/w/f; Le/a/r/v/a;)V
Le/a/a4/j0;,Landroid/content/BroadcastReceiver;,onReceive,(Landroid/content/Context; Landroid/content/Intent;)V
Le/a/c/v/i/c;,Landroid/content/BroadcastReceiver;,<init>,()V
Le/a/c/v/i/c;,Landroid/content/BroadcastReceiver;,onReceive,(Landroid/content/Context; Landroid/content/Intent;)V
Le/a/c/v/i/d;,Landroid/content/BroadcastReceiver;,<init>,()V
Le/a/c/v/i/d;,Landroid/content/BroadcastReceiver;,onReceive,(Landroid/content/Context; Landroid/content/Intent;)V
Le/a/f/y/e$a;,Landroid/telecom/Call$Callback;,<init>,(Le/a/f/y/e;)V
Le/a/f/y/e$a;,Landroid/telecom/Call$Callback;,onCallDestroyed,(Landroid/telecom/Call;)V
Le/a/f/y/e$a;,Landroid/telecom/Call$Callback;,onChildrenChanged,(Landroid/telecom/Call; Ljava/util/List;)V
Le/a/f/y/e$a;,Landroid/telecom/Call$Callback;,onParentChanged,(Landroid/telecom/Call; Landroid/telecom/Call;)V
Le/a/f/y/e$a;,Landroid/telecom/Call$Callback;,onPostDialWait,(Landroid/telecom/Call; Ljava/lang/String;)V
Le/a/f/y/e$a;,Landroid/telecom/Call$Callback;,onStateChanged,(Landroid/telecom/Call; I)V
Le/a/f/z/o0/b/a;,Landroid/content/BroadcastReceiver;,<init>,()V
Le/a/f/z/o0/b/a;,Landroid/content/BroadcastReceiver;,onReceive,(Landroid/content/Context; Landroid/content/Intent;)V
Lcom/truecaller/incallui/utils/notification/actionreceiver/NotificationActionReceiver;,Le/a/f/z/o0/b/a;Landroid/content/BroadcastReceiver;,<init>,()V
Lcom/truecaller/incallui/utils/notification/actionreceiver/NotificationActionReceiver;,Le/a/f/z/o0/b/a;Landroid/content/BroadcastReceiver;,a,()V
Lcom/truecaller/incallui/utils/notification/actionreceiver/NotificationActionReceiver;,Le/a/f/z/o0/b/a;Landroid/content/BroadcastReceiver;,onReceive,(Landroid/content/Context; Landroid/content/Intent;)V
Lcom/truecaller/insights/reminders/receiver/BillReminderReceiver;,Le/a/c/v/i/c;Landroid/content/BroadcastReceiver;,<init>,()V
Lcom/truecaller/insights/reminders/receiver/BillReminderReceiver;,Le/a/c/v/i/c;Landroid/content/BroadcastReceiver;,a,(Ljava/util/List; Ls1/w/d;)Ljava/lang/Object;
Lcom/truecaller/insights/reminders/receiver/BillReminderReceiver;,Le/a/c/v/i/c;Landroid/content/BroadcastReceiver;,b,()Le/a/c/v/a;
Lcom/truecaller/insights/reminders/receiver/BillReminderReceiver;,Le/a/c/v/i/c;Landroid/content/BroadcastReceiver;,c,(Lcom/truecaller/insights/models/InsightsReminder; Ls1/w/d;)Ljava/lang/Object;
Lcom/truecaller/insights/reminders/receiver/BillReminderReceiver;,Le/a/c/v/i/c;Landroid/content/BroadcastReceiver;,onReceive,(Landroid/content/Context; Landroid/content/Intent;)V
Lcom/truecaller/insights/reminders/receiver/InsightsReminderActionReceiver;,Le/a/c/v/i/d;Landroid/content/BroadcastReceiver;,<init>,()V
Lcom/truecaller/insights/reminders/receiver/InsightsReminderActionReceiver;,Le/a/c/v/i/d;Landroid/content/BroadcastReceiver;,onReceive,(Landroid/content/Context; Landroid/content/Intent;)V
Le/a/f/y/g;,Landroid/telecom/InCallService;,<init>,()V
Le/a/f/y/g;,Landroid/telecom/InCallService;,Yt,()Ljava/lang/Object;
Le/a/f/y/g;,Landroid/telecom/InCallService;,onCreate,()V
Lcom/truecaller/incallui/service/InCallUIService;,Le/a/f/y/g;Landroid/telecom/InCallService;,<init>,()V
Lcom/truecaller/incallui/service/InCallUIService;,Le/a/f/y/g;Landroid/telecom/InCallService;,A,(Ljava/lang/String;)V
Lcom/truecaller/incallui/service/InCallUIService;,Le/a/f/y/g;Landroid/telecom/InCallService;,B,()V
Lcom/truecaller/incallui/service/InCallUIService;,Le/a/f/y/g;Landroid/telecom/InCallService;,C,()V
Lcom/truecaller/incallui/service/InCallUIService;,Le/a/f/y/g;Landroid/telecom/InCallService;,D,(Le/a/f/z/a;)V
Lcom/truecaller/incallui/service/InCallUIService;,Le/a/f/y/g;Landroid/telecom/InCallService;,E,()Z
Lcom/truecaller/incallui/service/InCallUIService;,Le/a/f/y/g;Landroid/telecom/InCallService;,F,()Le/a/p5/r0/b;
Lcom/truecaller/incallui/service/InCallUIService;,Le/a/f/y/g;Landroid/telecom/InCallService;,G,(Le/a/g4/a/a;)V
Lcom/truecaller/incallui/service/InCallUIService;,Le/a/f/y/g;Landroid/telecom/InCallService;,H,()V
Lcom/truecaller/incallui/service/InCallUIService;,Le/a/f/y/g;Landroid/telecom/InCallService;,R0,()Z
Lcom/truecaller/incallui/service/InCallUIService;,Le/a/f/y/g;Landroid/telecom/InCallService;,a,()V
Lcom/truecaller/incallui/service/InCallUIService;,Le/a/f/y/g;Landroid/telecom/InCallService;,b,()V
Lcom/truecaller/incallui/service/InCallUIService;,Le/a/f/y/g;Landroid/telecom/InCallService;,c,()V
Lcom/truecaller/incallui/service/InCallUIService;,Le/a/f/y/g;Landroid/telecom/InCallService;,d,()V
Lcom/truecaller/incallui/service/InCallUIService;,Le/a/f/y/g;Landroid/telecom/InCallService;,e,()V
Lcom/truecaller/incallui/service/InCallUIService;,Le/a/f/y/g;Landroid/telecom/InCallService;,f,(Le/a/g4/a/a;)Le/a/g4/a/d/b;
Lcom/truecaller/incallui/service/InCallUIService;,Le/a/f/y/g;Landroid/telecom/InCallService;,g,()V
Lcom/truecaller/incallui/service/InCallUIService;,Le/a/f/y/g;Landroid/telecom/InCallService;,h,(Ljava/lang/String;)V
Lcom/truecaller/incallui/service/InCallUIService;,Le/a/f/y/g;Landroid/telecom/InCallService;,i,()V
Lcom/truecaller/incallui/service/InCallUIService;,Le/a/f/y/g;Landroid/telecom/InCallService;,j,(Z)V
Lcom/truecaller/incallui/service/InCallUIService;,Le/a/f/y/g;Landroid/telecom/InCallService;,k,()V
Lcom/truecaller/incallui/service/InCallUIService;,Le/a/f/y/g;Landroid/telecom/InCallService;,l,()V
Lcom/truecaller/incallui/service/InCallUIService;,Le/a/f/y/g;Landroid/telecom/InCallService;,m,()V
Lcom/truecaller/incallui/service/InCallUIService;,Le/a/f/y/g;Landroid/telecom/InCallService;,n,()V
Lcom/truecaller/incallui/service/InCallUIService;,Le/a/f/y/g;Landroid/telecom/InCallService;,o,()V
Lcom/truecaller/incallui/service/InCallUIService;,Le/a/f/y/g;Landroid/telecom/InCallService;,onCallAdded,(Landroid/telecom/Call;)V
Lcom/truecaller/incallui/service/InCallUIService;,Le/a/f/y/g;Landroid/telecom/InCallService;,onCallAudioStateChanged,(Landroid/telecom/CallAudioState;)V
Lcom/truecaller/incallui/service/InCallUIService;,Le/a/f/y/g;Landroid/telecom/InCallService;,onCallRemoved,(Landroid/telecom/Call;)V
Lcom/truecaller/incallui/service/InCallUIService;,Le/a/f/y/g;Landroid/telecom/InCallService;,onCreate,()V
Lcom/truecaller/incallui/service/InCallUIService;,Le/a/f/y/g;Landroid/telecom/InCallService;,onDestroy,()V
Lcom/truecaller/incallui/service/InCallUIService;,Le/a/f/y/g;Landroid/telecom/InCallService;,p,()V
Lcom/truecaller/incallui/service/InCallUIService;,Le/a/f/y/g;Landroid/telecom/InCallService;,q,(J)V
Lcom/truecaller/incallui/service/InCallUIService;,Le/a/f/y/g;Landroid/telecom/InCallService;,r,()Landroid/telecom/Call;
Lcom/truecaller/incallui/service/InCallUIService;,Le/a/f/y/g;Landroid/telecom/InCallService;,s,()Lq3/a/w2/r;
Lcom/truecaller/incallui/service/InCallUIService;,Le/a/f/y/g;Landroid/telecom/InCallService;,t,(Le/a/f/z/k0;)V
Lcom/truecaller/incallui/service/InCallUIService;,Le/a/f/y/g;Landroid/telecom/InCallService;,u,(Ljava/lang/String;)V
Lcom/truecaller/incallui/service/InCallUIService;,Le/a/f/y/g;Landroid/telecom/InCallService;,v,(I Ljava/lang/Long; Le/a/k0/h;)V
Lcom/truecaller/incallui/service/InCallUIService;,Le/a/f/y/g;Landroid/telecom/InCallService;,w,()V
Lcom/truecaller/incallui/service/InCallUIService;,Le/a/f/y/g;Landroid/telecom/InCallService;,x,()V
Lcom/truecaller/incallui/service/InCallUIService;,Le/a/f/y/g;Landroid/telecom/InCallService;,y,()V
Lcom/truecaller/incallui/service/InCallUIService;,Le/a/f/y/g;Landroid/telecom/InCallService;,z,(Le/a/f3/c; Ls1/z/b/a;)V
Lcom/truecaller/messaging/transport/im/ImUnreadRemindersBroadcastReceiver;,Landroid/content/BroadcastReceiver;,<init>,()V
Lcom/truecaller/messaging/transport/im/ImUnreadRemindersBroadcastReceiver;,Landroid/content/BroadcastReceiver;,onReceive,(Landroid/content/Context; Landroid/content/Intent;)V
Lcom/truecaller/messaging/transport/mms/MmsStatusReceiver;,Landroid/content/BroadcastReceiver;,<init>,()V
Lcom/truecaller/messaging/transport/mms/MmsStatusReceiver;,Landroid/content/BroadcastReceiver;,onReceive,(Landroid/content/Context; Landroid/content/Intent;)V
Lcom/truecaller/messaging/transport/mms/MmsWapPushDeliverReceiver;,Landroid/content/BroadcastReceiver;,<init>,()V
Lcom/truecaller/messaging/transport/mms/MmsWapPushDeliverReceiver;,Landroid/content/BroadcastReceiver;,onReceive,(Landroid/content/Context; Landroid/content/Intent;)V
Lcom/truecaller/messaging/transport/sms/SmsReceiver;,Landroid/content/BroadcastReceiver;,<init>,()V
Lcom/truecaller/messaging/transport/sms/SmsReceiver;,Landroid/content/BroadcastReceiver;,onReceive,(Landroid/content/Context; Landroid/content/Intent;)V
Lcom/truecaller/messaging/urgent/UrgentMessageKeyguardActivity$b;,Landroid/content/BroadcastReceiver;,<init>,(Lcom/truecaller/messaging/urgent/UrgentMessageKeyguardActivity;)V
Lcom/truecaller/messaging/urgent/UrgentMessageKeyguardActivity$b;,Landroid/content/BroadcastReceiver;,onReceive,(Landroid/content/Context; Landroid/content/Intent;)V
Lcom/truecaller/messaging/urgent/service/UrgentMessageService$b;,Landroid/content/BroadcastReceiver;,<init>,(Lcom/truecaller/messaging/urgent/service/UrgentMessageService;)V
Lcom/truecaller/messaging/urgent/service/UrgentMessageService$b;,Landroid/content/BroadcastReceiver;,onReceive,(Landroid/content/Context; Landroid/content/Intent;)V
Lcom/truecaller/notifications/AnalyticsNotificationReceiver;,Landroid/content/BroadcastReceiver;,<init>,()V
Lcom/truecaller/notifications/AnalyticsNotificationReceiver;,Landroid/content/BroadcastReceiver;,onReceive,(Landroid/content/Context; Landroid/content/Intent;)V
Lcom/truecaller/notifications/MissedCallsNotificationActionReceiver;,Landroid/content/BroadcastReceiver;,<init>,()V
Lcom/truecaller/notifications/MissedCallsNotificationActionReceiver;,Landroid/content/BroadcastReceiver;,b,(Landroid/content/Context;)Landroid/app/PendingIntent;
Lcom/truecaller/notifications/MissedCallsNotificationActionReceiver;,Landroid/content/BroadcastReceiver;,a,(Z)V
Lcom/truecaller/notifications/MissedCallsNotificationActionReceiver;,Landroid/content/BroadcastReceiver;,onReceive,(Landroid/content/Context; Landroid/content/Intent;)V
Le/a/f4/b/h/d$a;,Landroid/content/BroadcastReceiver;,<init>,(Le/a/f4/b/h/d;)V
Le/a/f4/b/h/d$a;,Landroid/content/BroadcastReceiver;,onReceive,(Landroid/content/Context; Landroid/content/Intent;)V
Le/a/i4/x/d$a;,Landroid/content/BroadcastReceiver;,<init>,(Le/a/i4/x/d;)V
Le/a/i4/x/d$a;,Landroid/content/BroadcastReceiver;,onReceive,(Landroid/content/Context; Landroid/content/Intent;)V
Lcom/truecaller/presence/PresenceSchedulerReceiver;,Landroid/content/BroadcastReceiver;,<init>,()V
Lcom/truecaller/presence/PresenceSchedulerReceiver;,Landroid/content/BroadcastReceiver;,onReceive,(Landroid/content/Context; Landroid/content/Intent;)V
Lcom/truecaller/sdk/push/SdkActionReceiver;,Landroid/content/BroadcastReceiver;,<init>,()V
Lcom/truecaller/sdk/push/SdkActionReceiver;,Landroid/content/BroadcastReceiver;,onReceive,(Landroid/content/Context; Landroid/content/Intent;)V
Lcom/truecaller/service/AccountsChangedReceiver;,Landroid/content/BroadcastReceiver;,<init>,()V
Lcom/truecaller/service/AccountsChangedReceiver;,Landroid/content/BroadcastReceiver;,onReceive,(Landroid/content/Context; Landroid/content/Intent;)V
Lcom/truecaller/service/AlarmReceiver;,Landroid/content/BroadcastReceiver;,<clinit>,()V
Lcom/truecaller/service/AlarmReceiver;,Landroid/content/BroadcastReceiver;,<init>,()V
Lcom/truecaller/service/AlarmReceiver;,Landroid/content/BroadcastReceiver;,a,(Landroid/content/Context; Z)V
Lcom/truecaller/service/AlarmReceiver;,Landroid/content/BroadcastReceiver;,b,(Landroid/content/Context;)V
Lcom/truecaller/service/AlarmReceiver;,Landroid/content/BroadcastReceiver;,d,(Landroid/content/Context; Lcom/truecaller/service/AlarmReceiver$AlarmType;)V
Lcom/truecaller/service/AlarmReceiver;,Landroid/content/BroadcastReceiver;,c,(Landroid/content/Context; Lcom/truecaller/service/AlarmReceiver$AlarmType;)V
Lcom/truecaller/service/AlarmReceiver;,Landroid/content/BroadcastReceiver;,onReceive,(Landroid/content/Context; Landroid/content/Intent;)V
Lcom/truecaller/service/BootReceiver;,Landroid/content/BroadcastReceiver;,<init>,()V
Lcom/truecaller/service/BootReceiver;,Landroid/content/BroadcastReceiver;,onReceive,(Landroid/content/Context; Landroid/content/Intent;)V
Lcom/truecaller/service/Receiver;,Landroid/content/BroadcastReceiver;,<init>,()V
Lcom/truecaller/service/Receiver;,Landroid/content/BroadcastReceiver;,onReceive,(Landroid/content/Context; Landroid/content/Intent;)V
Lcom/truecaller/stats/IntentChooserReceiver;,Landroid/content/BroadcastReceiver;,<init>,()V
Lcom/truecaller/stats/IntentChooserReceiver;,Landroid/content/BroadcastReceiver;,onReceive,(Landroid/content/Context; Landroid/content/Intent;)V
Le/a/w4/t/b/a;,Landroid/content/BroadcastReceiver;,<init>,(Le/a/o5/f0; Le/a/w4/t/b/b; Le/a/b0/e/l; Le/a/a/i0; Le/a/r2/f; Le/a/l4/q; Le/a/d/f;)V
Le/a/w4/t/b/a;,Landroid/content/BroadcastReceiver;,I1,()V
Le/a/w4/t/b/a;,Landroid/content/BroadcastReceiver;,Y,()V
Le/a/w4/t/b/a;,Landroid/content/BroadcastReceiver;,a,()Z
Le/a/w4/t/b/a;,Landroid/content/BroadcastReceiver;,b,([Ljava/lang/String;)Le/a/l4/e;
Le/a/w4/t/b/a;,Landroid/content/BroadcastReceiver;,c,([Ljava/lang/String;)Le/a/l4/c$a;
Le/a/w4/t/b/a;,Landroid/content/BroadcastReceiver;,d,(Ljava/lang/String;)Le/a/l4/e;
Le/a/w4/t/b/a;,Landroid/content/BroadcastReceiver;,e,()V
Le/a/w4/t/b/a;,Landroid/content/BroadcastReceiver;,f,()Z
Le/a/w4/t/b/a;,Landroid/content/BroadcastReceiver;,g,()V
Le/a/w4/t/b/a;,Landroid/content/BroadcastReceiver;,onReceive,(Landroid/content/Context; Landroid/content/Intent;)V
Le/a/w4/t/b/a;,Landroid/content/BroadcastReceiver;,run,()V
Lcom/truecaller/ui/TruecallerInit$b;,Landroid/content/BroadcastReceiver;,<init>,(Lcom/truecaller/ui/TruecallerInit;)V
Lcom/truecaller/ui/TruecallerInit$b;,Landroid/content/BroadcastReceiver;,onReceive,(Landroid/content/Context; Landroid/content/Intent;)V
Lcom/truecaller/ui/TruecallerInit$c;,Landroid/content/BroadcastReceiver;,<init>,(Lcom/truecaller/ui/TruecallerInit;)V
Lcom/truecaller/ui/TruecallerInit$c;,Landroid/content/BroadcastReceiver;,onReceive,(Landroid/content/Context; Landroid/content/Intent;)V
Lcom/truecaller/ui/TruecallerInit$d;,Landroid/content/BroadcastReceiver;,<init>,(Lcom/truecaller/ui/TruecallerInit;)V
Lcom/truecaller/ui/TruecallerInit$d;,Landroid/content/BroadcastReceiver;,onReceive,(Landroid/content/Context; Landroid/content/Intent;)V
Lcom/truecaller/ui/TruecallerInit$e;,Landroid/content/BroadcastReceiver;,<init>,(Lcom/truecaller/ui/TruecallerInit;)V
Lcom/truecaller/ui/TruecallerInit$e;,Landroid/content/BroadcastReceiver;,onReceive,(Landroid/content/Context; Landroid/content/Intent;)V
Lcom/truecaller/ui/settings/SettingsActivity$b;,Landroid/content/BroadcastReceiver;,<init>,(Lcom/truecaller/ui/settings/SettingsActivity;)V
Lcom/truecaller/ui/settings/SettingsActivity$b;,Landroid/content/BroadcastReceiver;,onReceive,(Landroid/content/Context; Landroid/content/Intent;)V
Lcom/truecaller/util/CallMonitoringReceiver;,Landroid/content/BroadcastReceiver;,<clinit>,()V
Lcom/truecaller/util/CallMonitoringReceiver;,Landroid/content/BroadcastReceiver;,<init>,()V
Lcom/truecaller/util/CallMonitoringReceiver;,Landroid/content/BroadcastReceiver;,onReceive,(Landroid/content/Context; Landroid/content/Intent;)V
Lcom/truecaller/util/RingerModeChangedReceiver;,Landroid/content/BroadcastReceiver;,<init>,()V
Lcom/truecaller/util/RingerModeChangedReceiver;,Landroid/content/BroadcastReceiver;,onReceive,(Landroid/content/Context; Landroid/content/Intent;)V
Lcom/truecaller/util/ScreenUnlockedBroadcastReceiver;,Landroid/content/BroadcastReceiver;,<init>,()V
Lcom/truecaller/util/ScreenUnlockedBroadcastReceiver;,Landroid/content/BroadcastReceiver;,onReceive,(Landroid/content/Context; Landroid/content/Intent;)V
Lcom/truecaller/voip/contacts/ui/VoipContactsActivity$g;,Landroid/content/BroadcastReceiver;,<init>,(Lcom/truecaller/voip/contacts/ui/VoipContactsActivity;)V
Lcom/truecaller/voip/contacts/ui/VoipContactsActivity$g;,Landroid/content/BroadcastReceiver;,onReceive,(Landroid/content/Context; Landroid/content/Intent;)V
Lcom/truecaller/voip/ui/VoipActivity$c;,Landroid/content/BroadcastReceiver;,<init>,(Le/a/d/c/f;)V
Lcom/truecaller/voip/ui/VoipActivity$c;,Landroid/content/BroadcastReceiver;,onReceive,(Landroid/content/Context; Landroid/content/Intent;)V
Le/a/d/b/b/e;,Landroid/content/BroadcastReceiver;,<init>,(Lcom/truecaller/voip/legacy/incoming/LegacyIncomingVoipService;)V
Le/a/d/b/b/e;,Landroid/content/BroadcastReceiver;,onReceive,(Landroid/content/Context; Landroid/content/Intent;)V
Le/a/d/c0/p$d$b;,Landroid/content/BroadcastReceiver;,<init>,(Lq3/a/w2/x;)V
Le/a/d/c0/p$d$b;,Landroid/content/BroadcastReceiver;,onReceive,(Landroid/content/Context; Landroid/content/Intent;)V
Le/a/d/c0/u$b$b;,Landroid/telephony/PhoneStateListener;,<init>,(Le/a/d/c0/u$b; Lq3/a/w2/x;)V
Le/a/d/c0/u$b$b;,Landroid/telephony/PhoneStateListener;,onCallStateChanged,(I Ljava/lang/String;)V
Le/a/d/c0/u$c;,Landroid/telephony/PhoneStateListener;,<init>,(Le/a/d/c0/u; Lq3/a/w2/d0;)V
Le/a/d/c0/u$c;,Landroid/telephony/PhoneStateListener;,onCallStateChanged,(I Ljava/lang/String;)V
Le/a/d/q/k$a;,Landroid/telecom/Connection;,<init>,()V
Le/a/d/y/c/a;,Landroid/content/BroadcastReceiver;,<init>,()V
Le/a/d/y/c/a;,Landroid/content/BroadcastReceiver;,onReceive,(Landroid/content/Context; Landroid/content/Intent;)V
Le/a/p5/r0/b;,Landroid/content/BroadcastReceiver;,<init>,(Landroid/content/Context; I Le/a/p5/a0;)V
Le/a/p5/r0/b;,Landroid/content/BroadcastReceiver;,a,()Z
Le/a/p5/r0/b;,Landroid/content/BroadcastReceiver;,b,()Le/a/p5/r0/d;
Le/a/p5/r0/b;,Landroid/content/BroadcastReceiver;,c,()Le/a/p5/r0/d;
Le/a/p5/r0/b;,Landroid/content/BroadcastReceiver;,d,()Z
Le/a/p5/r0/b;,Landroid/content/BroadcastReceiver;,e,()V
Le/a/p5/r0/b;,Landroid/content/BroadcastReceiver;,f,(Landroid/bluetooth/BluetoothDevice; Landroid/content/Context; Ljava/lang/String;)Ljava/lang/String;
Le/a/p5/r0/b;,Landroid/content/BroadcastReceiver;,g,()V
Le/a/p5/r0/b;,Landroid/content/BroadcastReceiver;,h,(Lq3/a/i0; Lq3/a/x2/i1;)V
Le/a/p5/r0/b;,Landroid/content/BroadcastReceiver;,i,()V
Le/a/p5/r0/b;,Landroid/content/BroadcastReceiver;,onReceive,(Landroid/content/Context; Landroid/content/Intent;)V
Le/a/p5/r0/b;,Landroid/content/BroadcastReceiver;,onServiceConnected,(I Landroid/bluetooth/BluetoothProfile;)V
Le/a/p5/r0/b;,Landroid/content/BroadcastReceiver;,onServiceDisconnected,(I)V
Le/a/p5/v0/c$a$b;,Landroid/telephony/PhoneStateListener;,<init>,(Ls1/z/b/p; Ljava/util/concurrent/Executor;)V
Le/a/p5/v0/c$a$b;,Landroid/telephony/PhoneStateListener;,onCallStateChanged,(I Ljava/lang/String;)V
Le/a/p5/v0/c$a$c$a;,Landroid/telephony/PhoneStateListener;,<init>,(Le/a/p5/v0/c$a$c;)V
Le/a/p5/v0/c$a$c$a;,Landroid/telephony/PhoneStateListener;,onCallStateChanged,(I Ljava/lang/String;)V
Lcom/truecaller/voip/notification/missed/MissedVoipCallMessageBroadcast;,Le/a/d/y/c/a;Landroid/content/BroadcastReceiver;,<init>,()V
Lcom/truecaller/voip/notification/missed/MissedVoipCallMessageBroadcast;,Le/a/d/y/c/a;Landroid/content/BroadcastReceiver;,onReceive,(Landroid/content/Context; Landroid/content/Intent;)V
Le/a/d/c0/x1/i;,Landroid/content/BroadcastReceiver;,<init>,(Ls1/w/f; Landroid/content/Context;)V
Le/a/d/c0/x1/i;,Landroid/content/BroadcastReceiver;,a,()V
Le/a/d/c0/x1/i;,Landroid/content/BroadcastReceiver;,getCoroutineContext,()Ls1/w/f;
Le/a/d/c0/x1/i;,Landroid/content/BroadcastReceiver;,onReceive,(Landroid/content/Context; Landroid/content/Intent;)V
Le/a/d/q/a;,Landroid/telecom/ConnectionService;,<init>,()V
Le/a/d/q/a;,Landroid/telecom/ConnectionService;,Yt,()Ljava/lang/Object;
Le/a/d/q/a;,Landroid/telecom/ConnectionService;,onCreate,()V
Le/a/d/q/b;,Landroid/telecom/Connection;,<init>,(Ls1/w/f; Landroid/content/Context; Z)V
Le/a/d/q/b;,Landroid/telecom/Connection;,a,(Ls1/z/b/l;)V
Le/a/d/q/b;,Landroid/telecom/Connection;,b,()V
Le/a/d/q/b;,Landroid/telecom/Connection;,c,(Ls1/z/b/a;)V
Le/a/d/q/b;,Landroid/telecom/Connection;,d,()Landroid/telecom/Connection;
Le/a/d/q/b;,Landroid/telecom/Connection;,e,(Ljava/lang/Class; Ls1/z/b/l; Ls1/z/b/a;)V
Le/a/d/q/b;,Landroid/telecom/Connection;,f,(I)V
Le/a/d/q/b;,Landroid/telecom/Connection;,getCoroutineContext,()Ls1/w/f;
Le/a/d/q/b;,Landroid/telecom/Connection;,initialize,()V
Le/a/d/q/b;,Landroid/telecom/Connection;,onCallAudioStateChanged,(Landroid/telecom/CallAudioState;)V
Le/a/d/q/b;,Landroid/telecom/Connection;,onDisconnect,()V
Le/a/d/q/b;,Landroid/telecom/Connection;,onHold,()V
Le/a/d/q/b;,Landroid/telecom/Connection;,onShowIncomingCallUi,()V
Le/a/d/q/b;,Landroid/telecom/Connection;,onSilence,()V
Le/a/d/q/b;,Landroid/telecom/Connection;,onStateChanged,(I)V
Le/a/d/q/b;,Landroid/telecom/Connection;,onUnhold,()V
Le/a/d/q/u;,Landroid/telecom/Connection;,<init>,(Ls1/w/f; Le/a/d/v/d; Le/a/d/w/d;)V
Le/a/d/q/u;,Landroid/telecom/Connection;,a,(Ls1/z/b/l;)V
Le/a/d/q/u;,Landroid/telecom/Connection;,b,()V
Le/a/d/q/u;,Landroid/telecom/Connection;,c,(Ls1/z/b/a;)V
Le/a/d/q/u;,Landroid/telecom/Connection;,d,()Landroid/telecom/Connection;
Le/a/d/q/u;,Landroid/telecom/Connection;,getCoroutineContext,()Ls1/w/f;
Le/a/d/q/u;,Landroid/telecom/Connection;,initialize,()V
Le/a/d/q/u;,Landroid/telecom/Connection;,onCallAudioStateChanged,(Landroid/telecom/CallAudioState;)V
Le/a/d/q/u;,Landroid/telecom/Connection;,onDisconnect,()V
Le/a/d/q/u;,Landroid/telecom/Connection;,onHold,()V
Le/a/d/q/u;,Landroid/telecom/Connection;,onSilence,()V
Le/a/d/q/u;,Landroid/telecom/Connection;,onStateChanged,(I)V
Le/a/d/q/u;,Landroid/telecom/Connection;,onUnhold,()V
Lcom/truecaller/voip/callconnection/VoipCallConnectionService;,Le/a/d/q/a;Landroid/telecom/ConnectionService;,<init>,()V
Lcom/truecaller/voip/callconnection/VoipCallConnectionService;,Le/a/d/q/a;Landroid/telecom/ConnectionService;,onCreateIncomingConnection,(Landroid/telecom/PhoneAccountHandle; Landroid/telecom/ConnectionRequest;)Landroid/telecom/Connection;
Lcom/truecaller/voip/callconnection/VoipCallConnectionService;,Le/a/d/q/a;Landroid/telecom/ConnectionService;,onCreateIncomingConnectionFailed,(Landroid/telecom/PhoneAccountHandle; Landroid/telecom/ConnectionRequest;)V
Lcom/truecaller/voip/callconnection/VoipCallConnectionService;,Le/a/d/q/a;Landroid/telecom/ConnectionService;,onCreateOutgoingConnection,(Landroid/telecom/PhoneAccountHandle; Landroid/telecom/ConnectionRequest;)Landroid/telecom/Connection;
Lcom/truecaller/voip/callconnection/VoipCallConnectionService;,Le/a/d/q/a;Landroid/telecom/ConnectionService;,onCreateOutgoingConnectionFailed,(Landroid/telecom/PhoneAccountHandle; Landroid/telecom/ConnectionRequest;)V
Lcom/truecaller/voip/callconnection/VoipCallConnectionService;,Le/a/d/q/a;Landroid/telecom/ConnectionService;,onDestroy,()V
Le/a/r/c/k;,Landroid/content/BroadcastReceiver;,<init>,()V
Le/a/r/c/k;,Landroid/content/BroadcastReceiver;,onReceive,(Landroid/content/Context; Landroid/content/Intent;)V
Le/a/r/z/l$a;,Landroid/telephony/PhoneStateListener;,<init>,(Le/a/r/z/l;)V
Le/a/r/z/l$a;,Landroid/telephony/PhoneStateListener;,onCallStateChanged,(I Ljava/lang/String;)V
Le/a/r/z/l$b;,Landroid/telephony/PhoneStateListener;,<init>,(Le/a/r/z/l; I)V
Le/a/r/z/l$b;,Landroid/telephony/PhoneStateListener;,onCallStateChanged,(I Ljava/lang/String;)V
Le/a/r/z/l$g;,Landroid/content/BroadcastReceiver;,<init>,(Le/a/r/z/l;)V
Le/a/r/z/l$g;,Landroid/content/BroadcastReceiver;,onReceive,(Landroid/content/Context; Landroid/content/Intent;)V
Lio/agora/rtc/audio/VolumeBroadcastReceiver;,Landroid/content/BroadcastReceiver;,<init>,(Lio/agora/rtc/audio/AudioDevice;)V
Lio/agora/rtc/audio/VolumeBroadcastReceiver;,Landroid/content/BroadcastReceiver;,onReceive,(Landroid/content/Context; Landroid/content/Intent;)V
Lio/agora/rtc/internal/AudioRoutingController$BTHeadsetBroadcastReceiver;,Landroid/content/BroadcastReceiver;,<init>,(Lio/agora/rtc/internal/AudioRoutingController;)V
Lio/agora/rtc/internal/AudioRoutingController$BTHeadsetBroadcastReceiver;,Landroid/content/BroadcastReceiver;,<init>,(Lio/agora/rtc/internal/AudioRoutingController; Lio/agora/rtc/internal/AudioRoutingController$1;)V
Lio/agora/rtc/internal/AudioRoutingController$BTHeadsetBroadcastReceiver;,Landroid/content/BroadcastReceiver;,getRegistered,()Z
Lio/agora/rtc/internal/AudioRoutingController$BTHeadsetBroadcastReceiver;,Landroid/content/BroadcastReceiver;,onReceive,(Landroid/content/Context; Landroid/content/Intent;)V
Lio/agora/rtc/internal/AudioRoutingController$BTHeadsetBroadcastReceiver;,Landroid/content/BroadcastReceiver;,setRegistered,(Z)V
Lio/agora/rtc/internal/AudioRoutingController$HeadsetBroadcastReceiver;,Landroid/content/BroadcastReceiver;,<init>,(Lio/agora/rtc/internal/AudioRoutingController;)V
Lio/agora/rtc/internal/AudioRoutingController$HeadsetBroadcastReceiver;,Landroid/content/BroadcastReceiver;,<init>,(Lio/agora/rtc/internal/AudioRoutingController; Lio/agora/rtc/internal/AudioRoutingController$1;)V
Lio/agora/rtc/internal/AudioRoutingController$HeadsetBroadcastReceiver;,Landroid/content/BroadcastReceiver;,getRegistered,()Z
Lio/agora/rtc/internal/AudioRoutingController$HeadsetBroadcastReceiver;,Landroid/content/BroadcastReceiver;,onReceive,(Landroid/content/Context; Landroid/content/Intent;)V
Lio/agora/rtc/internal/AudioRoutingController$HeadsetBroadcastReceiver;,Landroid/content/BroadcastReceiver;,setRegistered,(Z)V
Lio/agora/rtc/internal/CommonUtility$2;,Landroid/content/BroadcastReceiver;,<init>,(Lio/agora/rtc/internal/CommonUtility;)V
Lio/agora/rtc/internal/CommonUtility$2;,Landroid/content/BroadcastReceiver;,onReceive,(Landroid/content/Context; Landroid/content/Intent;)V
Lio/agora/rtc/internal/CommonUtility$AgoraPhoneStateListener;,Landroid/telephony/PhoneStateListener;,<init>,(Lio/agora/rtc/internal/CommonUtility;)V
Lio/agora/rtc/internal/CommonUtility$AgoraPhoneStateListener;,Landroid/telephony/PhoneStateListener;,invokeMethod,(Ljava/lang/String;)I
Lio/agora/rtc/internal/CommonUtility$AgoraPhoneStateListener;,Landroid/telephony/PhoneStateListener;,getAsuLevel,()I
Lio/agora/rtc/internal/CommonUtility$AgoraPhoneStateListener;,Landroid/telephony/PhoneStateListener;,getLevel,()I
Lio/agora/rtc/internal/CommonUtility$AgoraPhoneStateListener;,Landroid/telephony/PhoneStateListener;,getRssi,()I
Lio/agora/rtc/internal/CommonUtility$AgoraPhoneStateListener;,Landroid/telephony/PhoneStateListener;,onCallStateChanged,(I Ljava/lang/String;)V
Lio/agora/rtc/internal/CommonUtility$AgoraPhoneStateListener;,Landroid/telephony/PhoneStateListener;,onSignalStrengthsChanged,(Landroid/telephony/SignalStrength;)V
Lio/agora/rtc/internal/ConnectionChangeBroadcastReceiver;,Landroid/content/BroadcastReceiver;,<init>,(Lio/agora/rtc/internal/CommonUtility;)V
Lio/agora/rtc/internal/ConnectionChangeBroadcastReceiver;,Landroid/content/BroadcastReceiver;,onReceive,(Landroid/content/Context; Landroid/content/Intent;)V
Lio/agora/rtc/internal/PowerConnectionReceiver;,Landroid/content/BroadcastReceiver;,<init>,(Lio/agora/rtc/internal/CommonUtility;)V
Lio/agora/rtc/internal/PowerConnectionReceiver;,Landroid/content/BroadcastReceiver;,onReceive,(Landroid/content/Context; Landroid/content/Intent;)V
Lio/agora/rtc/internal/RtcEngineImpl$1;,Landroid/content/BroadcastReceiver;,<init>,(Lio/agora/rtc/internal/RtcEngineImpl;)V
Lio/agora/rtc/internal/RtcEngineImpl$1;,Landroid/content/BroadcastReceiver;,onReceive,(Landroid/content/Context; Landroid/content/Intent;)V
Ls3/a/a/a/d;,Landroid/content/BroadcastReceiver;,<init>,()V
Ls3/a/a/a/d;,Landroid/content/BroadcastReceiver;,onReceive,(Landroid/content/Context; Landroid/content/Intent;)V
Le/a/s/q/f/b$c;,Landroid/telephony/PhoneStateListener;,<init>,(Le/a/s/q/f/b;)V
Le/a/s/q/f/b$c;,Landroid/telephony/PhoneStateListener;,onCallStateChanged,(I Ljava/lang/String;)V
Lcom/facebook/AuthenticationTokenManager$CurrentAuthenticationTokenChangedBroadcastReceiver;,Landroid/content/BroadcastReceiver;,<init>,()V
Lcom/facebook/AuthenticationTokenManager$CurrentAuthenticationTokenChangedBroadcastReceiver;,Landroid/content/BroadcastReceiver;,onReceive,(Landroid/content/Context; Landroid/content/Intent;)V
Lcom/facebook/CurrentAccessTokenExpirationBroadcastReceiver;,Landroid/content/BroadcastReceiver;,<init>,()V
Lcom/facebook/CurrentAccessTokenExpirationBroadcastReceiver;,Landroid/content/BroadcastReceiver;,onReceive,(Landroid/content/Context; Landroid/content/Intent;)V
Lcom/facebook/CustomTabActivity$a;,Landroid/content/BroadcastReceiver;,<init>,(Lcom/facebook/CustomTabActivity;)V
Lcom/facebook/CustomTabActivity$a;,Landroid/content/BroadcastReceiver;,onReceive,(Landroid/content/Context; Landroid/content/Intent;)V
Lcom/facebook/CustomTabMainActivity$c;,Landroid/content/BroadcastReceiver;,<init>,(Lcom/facebook/CustomTabMainActivity;)V
Lcom/facebook/CustomTabMainActivity$c;,Landroid/content/BroadcastReceiver;,onReceive,(Landroid/content/Context; Landroid/content/Intent;)V
Lcom/facebook/internal/r;,Landroid/content/BroadcastReceiver;,<init>,(Landroid/content/Context; Ls1/z/c/f;)V
Lcom/facebook/internal/r;,Landroid/content/BroadcastReceiver;,a,()Lcom/facebook/internal/r;
Lcom/facebook/internal/r;,Landroid/content/BroadcastReceiver;,b,(Landroid/content/Context;)Lcom/facebook/internal/r;
Lcom/facebook/internal/r;,Landroid/content/BroadcastReceiver;,finalize,()V
Lcom/facebook/internal/r;,Landroid/content/BroadcastReceiver;,onReceive,(Landroid/content/Context; Landroid/content/Intent;)V
Lcom/freshchat/consumer/sdk/activity/aj;,Landroid/content/BroadcastReceiver;,<init>,(Lcom/freshchat/consumer/sdk/activity/ah;)V
Lcom/freshchat/consumer/sdk/activity/aj;,Landroid/content/BroadcastReceiver;,onReceive,(Landroid/content/Context; Landroid/content/Intent;)V
Lcom/freshchat/consumer/sdk/activity/b$1;,Landroid/content/BroadcastReceiver;,<init>,(Lcom/freshchat/consumer/sdk/activity/b;)V
Lcom/freshchat/consumer/sdk/activity/b$1;,Landroid/content/BroadcastReceiver;,onReceive,(Landroid/content/Context; Landroid/content/Intent;)V
Lcom/freshchat/consumer/sdk/receiver/FreshchatNetworkChangeReceiver;,Landroid/content/BroadcastReceiver;,<init>,()V
Lcom/freshchat/consumer/sdk/receiver/FreshchatNetworkChangeReceiver;,Landroid/content/BroadcastReceiver;,e,(Landroid/content/Intent;)Z
Lcom/freshchat/consumer/sdk/receiver/FreshchatNetworkChangeReceiver;,Landroid/content/BroadcastReceiver;,onReceive,(Landroid/content/Context; Landroid/content/Intent;)V
Lcom/freshchat/consumer/sdk/receiver/FreshchatReceiver;,Landroid/content/BroadcastReceiver;,<init>,()V
Lcom/freshchat/consumer/sdk/receiver/FreshchatReceiver;,Landroid/content/BroadcastReceiver;,a,(Landroid/content/Intent; Ljava/lang/String;)Z
Lcom/freshchat/consumer/sdk/receiver/FreshchatReceiver;,Landroid/content/BroadcastReceiver;,c,(Landroid/content/Context; Landroid/content/Intent;)V
Lcom/freshchat/consumer/sdk/receiver/FreshchatReceiver;,Landroid/content/BroadcastReceiver;,f,(Landroid/content/Intent;)Z
Lcom/freshchat/consumer/sdk/receiver/FreshchatReceiver;,Landroid/content/BroadcastReceiver;,g,(Landroid/content/Intent;)Z
Lcom/freshchat/consumer/sdk/receiver/FreshchatReceiver;,Landroid/content/BroadcastReceiver;,h,(Landroid/content/Intent;)Z
Lcom/freshchat/consumer/sdk/receiver/FreshchatReceiver;,Landroid/content/BroadcastReceiver;,i,(Landroid/content/Intent;)Z
Lcom/freshchat/consumer/sdk/receiver/FreshchatReceiver;,Landroid/content/BroadcastReceiver;,p,(Landroid/content/Context;)V
Lcom/freshchat/consumer/sdk/receiver/FreshchatReceiver;,Landroid/content/BroadcastReceiver;,q,(Landroid/content/Context;)V
Lcom/freshchat/consumer/sdk/receiver/FreshchatReceiver;,Landroid/content/BroadcastReceiver;,onReceive,(Landroid/content/Context; Landroid/content/Intent;)V
Lcom/google/android/datatransport/runtime/scheduling/jobscheduling/AlarmManagerSchedulerBroadcastReceiver;,Landroid/content/BroadcastReceiver;,<init>,()V
Lcom/google/android/datatransport/runtime/scheduling/jobscheduling/AlarmManagerSchedulerBroadcastReceiver;,Landroid/content/BroadcastReceiver;,onReceive,(Landroid/content/Context; Landroid/content/Intent;)V
Lcom/google/android/gms/ads/internal/util/zzci;,Landroid/content/BroadcastReceiver;,<init>,(Lcom/google/android/gms/ads/internal/util/zzcj;)V
Lcom/google/android/gms/ads/internal/util/zzci;,Landroid/content/BroadcastReceiver;,onReceive,(Landroid/content/Context; Landroid/content/Intent;)V
Lcom/google/android/gms/ads/internal/util/zzp;,Landroid/content/BroadcastReceiver;,<init>,(Lcom/google/android/gms/ads/internal/util/zzs; Lcom/google/android/gms/ads/internal/util/zzq;)V
Lcom/google/android/gms/ads/internal/util/zzp;,Landroid/content/BroadcastReceiver;,onReceive,(Landroid/content/Context; Landroid/content/Intent;)V
Lcom/google/android/gms/ads/internal/util/zzr;,Landroid/content/BroadcastReceiver;,<init>,(Lcom/google/android/gms/ads/internal/util/zzs; Lcom/google/android/gms/ads/internal/util/zzq;)V
Lcom/google/android/gms/ads/internal/util/zzr;,Landroid/content/BroadcastReceiver;,onReceive,(Landroid/content/Context; Landroid/content/Intent;)V
Lcom/google/android/gms/cloudmessaging/CloudMessagingReceiver;,Landroid/content/BroadcastReceiver;,<init>,()V
Lcom/google/android/gms/cloudmessaging/CloudMessagingReceiver;,Landroid/content/BroadcastReceiver;,a,(Landroid/content/Context; Lcom/google/android/gms/cloudmessaging/CloudMessage;)I
Lcom/google/android/gms/cloudmessaging/CloudMessagingReceiver;,Landroid/content/BroadcastReceiver;,b,(Landroid/content/Context; Landroid/os/Bundle;)V
Lcom/google/android/gms/cloudmessaging/CloudMessagingReceiver;,Landroid/content/BroadcastReceiver;,c,(Landroid/content/Context; Landroid/content/Intent;)I
Lcom/google/android/gms/cloudmessaging/CloudMessagingReceiver;,Landroid/content/BroadcastReceiver;,onReceive,(Landroid/content/Context; Landroid/content/Intent;)V
Lcom/google/android/gms/common/api/internal/zabr;,Landroid/content/BroadcastReceiver;,<init>,(Lcom/google/android/gms/common/api/internal/zabq;)V
Lcom/google/android/gms/common/api/internal/zabr;,Landroid/content/BroadcastReceiver;,a,()V
Lcom/google/android/gms/common/api/internal/zabr;,Landroid/content/BroadcastReceiver;,onReceive,(Landroid/content/Context; Landroid/content/Intent;)V
Lcom/google/android/gms/internal/ads/zzabk;,Landroid/content/BroadcastReceiver;,<init>,(Landroid/content/Context;)V
Lcom/google/android/gms/internal/ads/zzabk;,Landroid/content/BroadcastReceiver;,onReceive,(Landroid/content/Context; Landroid/content/Intent;)V
Lcom/google/android/gms/internal/ads/zzabk;,Landroid/content/BroadcastReceiver;,zza,()Z
Lcom/google/android/gms/internal/ads/zzabx;,Landroid/content/BroadcastReceiver;,<init>,(Lcom/google/android/gms/internal/ads/zzaby;)V
Lcom/google/android/gms/internal/ads/zzabx;,Landroid/content/BroadcastReceiver;,onReceive,(Landroid/content/Context; Landroid/content/Intent;)V
Lcom/google/android/gms/internal/ads/zzadn;,Landroid/content/BroadcastReceiver;,<init>,(Lcom/google/android/gms/internal/ads/zzadp; Landroid/os/Handler; Lcom/google/android/gms/internal/ads/zzado;)V
Lcom/google/android/gms/internal/ads/zzadn;,Landroid/content/BroadcastReceiver;,onReceive,(Landroid/content/Context; Landroid/content/Intent;)V
Lcom/google/android/gms/internal/ads/zzadn;,Landroid/content/BroadcastReceiver;,run,()V
Lcom/google/android/gms/internal/ads/zzaii;,Landroid/content/BroadcastReceiver;,<init>,(Lcom/google/android/gms/internal/ads/zzaij; Lcom/google/android/gms/internal/ads/zzaig;)V
Lcom/google/android/gms/internal/ads/zzaii;,Landroid/content/BroadcastReceiver;,onReceive,(Landroid/content/Context; Landroid/content/Intent;)V
Lcom/google/android/gms/internal/ads/zzamb;,Landroid/content/BroadcastReceiver;,<init>,(Lcom/google/android/gms/internal/ads/zzamd; Lcom/google/android/gms/internal/ads/zzama;)V
Lcom/google/android/gms/internal/ads/zzamb;,Landroid/content/BroadcastReceiver;,onReceive,(Landroid/content/Context; Landroid/content/Intent;)V
Lcom/google/android/gms/internal/ads/zzamc;,Landroid/telephony/PhoneStateListener;,<init>,(Lcom/google/android/gms/internal/ads/zzamd; Lcom/google/android/gms/internal/ads/zzama;)V
Lcom/google/android/gms/internal/ads/zzamc;,Landroid/telephony/PhoneStateListener;,onDisplayInfoChanged,(Landroid/telephony/TelephonyDisplayInfo;)V
Lcom/google/android/gms/internal/ads/zzamc;,Landroid/telephony/PhoneStateListener;,onServiceStateChanged,(Landroid/telephony/ServiceState;)V
Lcom/google/android/gms/internal/ads/zzawb;,Landroid/content/BroadcastReceiver;,<init>,(Lcom/google/android/gms/internal/ads/zzawe;)V
Lcom/google/android/gms/internal/ads/zzawb;,Landroid/content/BroadcastReceiver;,onReceive,(Landroid/content/Context; Landroid/content/Intent;)V
Lcom/google/android/gms/internal/ads/zzfgs;,Landroid/content/BroadcastReceiver;,<init>,(Lcom/google/android/gms/internal/ads/zzfgt;)V
Lcom/google/android/gms/internal/ads/zzfgs;,Landroid/content/BroadcastReceiver;,onReceive,(Landroid/content/Context; Landroid/content/Intent;)V
Le/m/a/c/k1/b$b;,Landroid/content/BroadcastReceiver;,<init>,(Le/m/a/c/k1/b; Le/m/a/c/k1/b$a;)V
Le/m/a/c/k1/b$b;,Landroid/content/BroadcastReceiver;,onReceive,(Landroid/content/Context; Landroid/content/Intent;)V
Le/m/a/c/p1/p$b;,Landroid/content/BroadcastReceiver;,<init>,()V
Le/m/a/c/p1/p$b;,Landroid/content/BroadcastReceiver;,a,()V
Le/m/a/c/p1/p$b;,Landroid/content/BroadcastReceiver;,b,(Le/m/a/c/p1/p;)V
Le/m/a/c/p1/p$b;,Landroid/content/BroadcastReceiver;,onReceive,(Landroid/content/Context; Landroid/content/Intent;)V
Le/m/a/c/r$a;,Landroid/content/BroadcastReceiver;,<init>,(Le/m/a/c/r; Landroid/os/Handler; Le/m/a/c/r$b;)V
Le/m/a/c/r$a;,Landroid/content/BroadcastReceiver;,onReceive,(Landroid/content/Context; Landroid/content/Intent;)V
Le/m/a/c/r$a;,Landroid/content/BroadcastReceiver;,run,()V
Lcom/huawei/hms/availableupdate/o;,Landroid/content/BroadcastReceiver;,<init>,(Landroid/os/Handler;)V
Lcom/huawei/hms/availableupdate/o;,Landroid/content/BroadcastReceiver;,onReceive,(Landroid/content/Context; Landroid/content/Intent;)V
Lcom/huawei/hms/support/api/push/PushMsgReceiver;,Landroid/content/BroadcastReceiver;,<init>,()V
Lcom/huawei/hms/support/api/push/PushMsgReceiver;,Landroid/content/BroadcastReceiver;,a,(Landroid/content/Context; Landroid/content/Intent;)V
Lcom/huawei/hms/support/api/push/PushMsgReceiver;,Landroid/content/BroadcastReceiver;,onReceive,(Landroid/content/Context; Landroid/content/Intent;)V
Lcom/huawei/hms/support/api/push/PushReceiver;,Landroid/content/BroadcastReceiver;,<init>,()V
Lcom/huawei/hms/support/api/push/PushReceiver;,Landroid/content/BroadcastReceiver;,a,(Landroid/content/Intent;)Lorg/json/JSONObject;
Lcom/huawei/hms/support/api/push/PushReceiver;,Landroid/content/BroadcastReceiver;,a,(Lorg/json/JSONObject;)Lorg/json/JSONObject;
Lcom/huawei/hms/support/api/push/PushReceiver;,Landroid/content/BroadcastReceiver;,a,([B)Lorg/json/JSONObject;
Lcom/huawei/hms/support/api/push/PushReceiver;,Landroid/content/BroadcastReceiver;,b,(Landroid/content/Intent;)Lorg/json/JSONObject;
Lcom/huawei/hms/support/api/push/PushReceiver;,Landroid/content/BroadcastReceiver;,b,(Lorg/json/JSONObject;)Lorg/json/JSONObject;
Lcom/huawei/hms/support/api/push/PushReceiver;,Landroid/content/BroadcastReceiver;,a,(Landroid/content/Context; Landroid/content/Intent;)V
Lcom/huawei/hms/support/api/push/PushReceiver;,Landroid/content/BroadcastReceiver;,b,(Landroid/content/Context; Landroid/content/Intent;)V
Lcom/huawei/hms/support/api/push/PushReceiver;,Landroid/content/BroadcastReceiver;,onReceive,(Landroid/content/Context; Landroid/content/Intent;)V
Lcom/huawei/updatesdk/a/b/b/a;,Landroid/content/BroadcastReceiver;,<init>,()V
Lcom/huawei/updatesdk/a/b/b/a;,Landroid/content/BroadcastReceiver;,a,(Landroid/content/Context; Lcom/huawei/updatesdk/a/b/b/b;)V
Lcom/huawei/updatesdk/a/b/b/a;,Landroid/content/BroadcastReceiver;,onReceive,(Landroid/content/Context; Landroid/content/Intent;)V
Lcom/iab/omid/library/mopub/b/b$1;,Landroid/content/BroadcastReceiver;,<init>,(Lcom/iab/omid/library/mopub/b/b;)V
Lcom/iab/omid/library/mopub/b/b$1;,Landroid/content/BroadcastReceiver;,onReceive,(Landroid/content/Context; Landroid/content/Intent;)V
Lcom/mopub/mobileads/BaseBroadcastReceiver;,Landroid/content/BroadcastReceiver;,<init>,(J)V
Lcom/mopub/mobileads/BaseBroadcastReceiver;,Landroid/content/BroadcastReceiver;,broadcastAction,(Landroid/content/Context; J Ljava/lang/String;)V
Lcom/mopub/mobileads/BaseBroadcastReceiver;,Landroid/content/BroadcastReceiver;,getIntentFilter,()Landroid/content/IntentFilter;
Lcom/mopub/mobileads/BaseBroadcastReceiver;,Landroid/content/BroadcastReceiver;,register,(Landroid/content/BroadcastReceiver; Landroid/content/Context;)V
Lcom/mopub/mobileads/BaseBroadcastReceiver;,Landroid/content/BroadcastReceiver;,shouldConsumeBroadcast,(Landroid/content/Intent;)Z
Lcom/mopub/mobileads/BaseBroadcastReceiver;,Landroid/content/BroadcastReceiver;,unregister,(Landroid/content/BroadcastReceiver;)V
Lcom/mopub/mraid/MraidController$e;,Landroid/content/BroadcastReceiver;,<init>,(Lcom/mopub/mraid/MraidController;)V
Lcom/mopub/mraid/MraidController$e;,Landroid/content/BroadcastReceiver;,onReceive,(Landroid/content/Context; Landroid/content/Intent;)V
Lcom/mopub/mraid/MraidController$e;,Landroid/content/BroadcastReceiver;,register,(Landroid/content/Context;)V
Lcom/mopub/mraid/MraidController$e;,Landroid/content/BroadcastReceiver;,unregister,()V
Lcom/razorpay/AutoReadOtpHelper;,Landroid/content/BroadcastReceiver;,<init>,(Landroid/app/Activity;)V
Lcom/razorpay/AutoReadOtpHelper;,Landroid/content/BroadcastReceiver;,onReceive,(Landroid/content/Context; Landroid/content/Intent;)V
Lcom/razorpay/L__R$;,Landroid/content/BroadcastReceiver;,<init>,()V
Lcom/razorpay/L__R$;,Landroid/content/BroadcastReceiver;,onReceive,(Landroid/content/Context; Landroid/content/Intent;)V
Lcom/razorpay/O_$B_;,Landroid/telephony/PhoneStateListener;,<init>,()V
Lcom/razorpay/O_$B_;,Landroid/telephony/PhoneStateListener;,onSignalStrengthsChanged,(Landroid/telephony/SignalStrength;)V
Lcom/razorpay/RzpTokenReceiver;,Landroid/content/BroadcastReceiver;,<init>,()V
Lcom/razorpay/RzpTokenReceiver;,Landroid/content/BroadcastReceiver;,onReceive,(Landroid/content/Context; Landroid/content/Intent;)V
Lcom/razorpay/SmsReceiver;,Landroid/content/BroadcastReceiver;,<init>,()V
Lcom/razorpay/SmsReceiver;,Landroid/content/BroadcastReceiver;,<init>,(Lcom/razorpay/i;)V
Lcom/razorpay/SmsReceiver;,Landroid/content/BroadcastReceiver;,onReceive,(Landroid/content/Context; Landroid/content/Intent;)V
Lcom/razorpay/n__T$;,Landroid/content/BroadcastReceiver;,<init>,(Lcom/razorpay/CheckoutPresenterImpl;)V
Lcom/razorpay/n__T$;,Landroid/content/BroadcastReceiver;,onReceive,(Landroid/content/Context; Landroid/content/Intent;)V
Lcom/truecaller/aftercall/AfterCallPromotionActivity$a;,Landroid/content/BroadcastReceiver;,<init>,(Lcom/truecaller/aftercall/AfterCallPromotionActivity; Lcom/truecaller/aftercall/PromotionType;)V
Lcom/truecaller/aftercall/AfterCallPromotionActivity$a;,Landroid/content/BroadcastReceiver;,onReceive,(Landroid/content/Context; Landroid/content/Intent;)V
Lcom/truecaller/calling/missedcallreminder/MissedCallReminderNotificationReceiver;,Landroid/content/BroadcastReceiver;,<init>,()V
Lcom/truecaller/calling/missedcallreminder/MissedCallReminderNotificationReceiver;,Landroid/content/BroadcastReceiver;,b,(Landroid/content/Context; Lcom/truecaller/calling/missedcallreminder/MissedCallReminder;)Landroid/content/Intent;
Lcom/truecaller/calling/missedcallreminder/MissedCallReminderNotificationReceiver;,Landroid/content/BroadcastReceiver;,a,(Ls1/w/d;)Ljava/lang/Object;
Lcom/truecaller/calling/missedcallreminder/MissedCallReminderNotificationReceiver;,Landroid/content/BroadcastReceiver;,c,()Landroid/content/Context;
Lcom/truecaller/calling/missedcallreminder/MissedCallReminderNotificationReceiver;,Landroid/content/BroadcastReceiver;,d,()Lo3/a;
Lcom/truecaller/calling/missedcallreminder/MissedCallReminderNotificationReceiver;,Landroid/content/BroadcastReceiver;,onReceive,(Landroid/content/Context; Landroid/content/Intent;)V
Lcom/truecaller/calling/notifications/CallingNotificationsBroadcastReceiver;,Landroid/content/BroadcastReceiver;,<init>,()V
Lcom/truecaller/calling/notifications/CallingNotificationsBroadcastReceiver;,Landroid/content/BroadcastReceiver;,a,(Landroid/content/Context; Ljava/lang/String;)Landroid/app/PendingIntent;
Lcom/truecaller/calling/notifications/CallingNotificationsBroadcastReceiver;,Landroid/content/BroadcastReceiver;,onReceive,(Landroid/content/Context; Landroid/content/Intent;)V
Le/m/a/f/l/a/t;,Landroid/content/BroadcastReceiver;,<clinit>,()V
Le/m/a/f/l/a/t;,Landroid/content/BroadcastReceiver;,<init>,(Lcom/google/android/gms/measurement/internal/zzkp;)V
Le/m/a/f/l/a/t;,Landroid/content/BroadcastReceiver;,a,()V
Le/m/a/f/l/a/t;,Landroid/content/BroadcastReceiver;,onReceive,(Landroid/content/Context; Landroid/content/Intent;)V
Le/m/a/h/a/e/b;,Landroid/content/BroadcastReceiver;,<init>,(Le/m/a/h/a/e/c;)V
Le/m/a/h/a/e/b;,Landroid/content/BroadcastReceiver;,onReceive,(Landroid/content/Context; Landroid/content/Intent;)V
Le/m/d/g$e;,Landroid/content/BroadcastReceiver;,<clinit>,()V
Le/m/d/g$e;,Landroid/content/BroadcastReceiver;,<init>,(Landroid/content/Context;)V
Le/m/d/g$e;,Landroid/content/BroadcastReceiver;,onReceive,(Landroid/content/Context; Landroid/content/Intent;)V
Le/m/d/y/r0$a;,Landroid/content/BroadcastReceiver;,<init>,(Le/m/d/y/r0;)V
Le/m/d/y/r0$a;,Landroid/content/BroadcastReceiver;,a,()V
Le/m/d/y/r0$a;,Landroid/content/BroadcastReceiver;,onReceive,(Landroid/content/Context; Landroid/content/Intent;)V
Le/m/d/y/w0$a;,Landroid/content/BroadcastReceiver;,<init>,(Le/m/d/y/w0; Le/m/d/y/w0;)V
Le/m/d/y/w0$a;,Landroid/content/BroadcastReceiver;,onReceive,(Landroid/content/Context; Landroid/content/Intent;)V
Le/m/h/b/b/e/g;,Landroid/content/BroadcastReceiver;,<init>,(Le/m/h/b/b/e/e;)V
Le/m/h/b/b/e/g;,Landroid/content/BroadcastReceiver;,onReceive,(Landroid/content/Context; Landroid/content/Intent;)V
Le/n/b/o0;,Landroid/content/BroadcastReceiver;,<init>,(Lcom/mopub/mobileads/MoPubView;)V
Le/n/b/o0;,Landroid/content/BroadcastReceiver;,onReceive,(Landroid/content/Context; Landroid/content/Intent;)V
Le/p/b/i$c;,Landroid/content/BroadcastReceiver;,<init>,(Le/p/b/i;)V
Le/p/b/i$c;,Landroid/content/BroadcastReceiver;,onReceive,(Landroid/content/Context; Landroid/content/Intent;)V
Lcom/google/android/gms/measurement/AppMeasurementReceiver;,Ln3/u/a/a;Landroid/content/BroadcastReceiver;,<init>,()V
Lcom/google/android/gms/measurement/AppMeasurementReceiver;,Ln3/u/a/a;Landroid/content/BroadcastReceiver;,a,(Landroid/content/Context; Landroid/content/Intent;)V
Lcom/google/android/gms/measurement/AppMeasurementReceiver;,Ln3/u/a/a;Landroid/content/BroadcastReceiver;,onReceive,(Landroid/content/Context; Landroid/content/Intent;)V
Lcom/google/android/gms/stats/GCoreWakefulBroadcastReceiver;,Ln3/u/a/a;Landroid/content/BroadcastReceiver;,<init>,()V
Lcom/google/firebase/iid/FirebaseInstanceIdReceiver;,Lcom/google/android/gms/cloudmessaging/CloudMessagingReceiver;Landroid/content/BroadcastReceiver;,<init>,()V
Lcom/google/firebase/iid/FirebaseInstanceIdReceiver;,Lcom/google/android/gms/cloudmessaging/CloudMessagingReceiver;Landroid/content/BroadcastReceiver;,a,(Landroid/content/Context; Lcom/google/android/gms/cloudmessaging/CloudMessage;)I
Lcom/google/firebase/iid/FirebaseInstanceIdReceiver;,Lcom/google/android/gms/cloudmessaging/CloudMessagingReceiver;Landroid/content/BroadcastReceiver;,b,(Landroid/content/Context; Landroid/os/Bundle;)V
Lcom/huawei/updatesdk/service/otaupdate/AppUpdateActivity$s;,Lcom/huawei/updatesdk/a/b/b/a;Landroid/content/BroadcastReceiver;,<init>,(Lcom/huawei/updatesdk/service/otaupdate/AppUpdateActivity;)V
Lcom/huawei/updatesdk/service/otaupdate/AppUpdateActivity$s;,Lcom/huawei/updatesdk/a/b/b/a;Landroid/content/BroadcastReceiver;,<init>,(Lcom/huawei/updatesdk/service/otaupdate/AppUpdateActivity; Lcom/huawei/updatesdk/service/otaupdate/AppUpdateActivity$g;)V
Lcom/huawei/updatesdk/service/otaupdate/AppUpdateActivity$s;,Lcom/huawei/updatesdk/a/b/b/a;Landroid/content/BroadcastReceiver;,a,(Landroid/content/Context; Lcom/huawei/updatesdk/a/b/b/b;)V
Lcom/mopub/mobileads/EventForwardingBroadcastReceiver;,Lcom/mopub/mobileads/BaseBroadcastReceiver;Landroid/content/BroadcastReceiver;,<init>,(Lcom/mopub/mobileads/AdLifecycleListener$InteractionListener; J)V
Lcom/mopub/mobileads/EventForwardingBroadcastReceiver;,Lcom/mopub/mobileads/BaseBroadcastReceiver;Landroid/content/BroadcastReceiver;,getIntentFilter,()Landroid/content/IntentFilter;
Lcom/mopub/mobileads/EventForwardingBroadcastReceiver;,Lcom/mopub/mobileads/BaseBroadcastReceiver;Landroid/content/BroadcastReceiver;,onReceive,(Landroid/content/Context; Landroid/content/Intent;)V
Lcom/truecaller/TrueApp$b;,Landroid/content/BroadcastReceiver;,<init>,(Lcom/truecaller/TrueApp; Lcom/truecaller/TrueApp$a;)V
Lcom/truecaller/TrueApp$b;,Landroid/content/BroadcastReceiver;,onReceive,(Landroid/content/Context; Landroid/content/Intent;)V
Lcom/truecaller/analytics/InstallReferrerReceiver;,Landroid/content/BroadcastReceiver;,<init>,()V
Lcom/truecaller/analytics/InstallReferrerReceiver;,Landroid/content/BroadcastReceiver;,onReceive,(Landroid/content/Context; Landroid/content/Intent;)V
Le/a/g/a/a/a$g;,Landroid/content/BroadcastReceiver;,<init>,(Le/a/g/a/a/a;)V
Le/a/g/a/a/a$g;,Landroid/content/BroadcastReceiver;,onReceive,(Landroid/content/Context; Landroid/content/Intent;)V
Le/a/g/a/b/t;,Landroid/content/BroadcastReceiver;,<init>,(Le/a/g/a/b/s;)V
Le/a/g/a/b/t;,Landroid/content/BroadcastReceiver;,onReceive,(Landroid/content/Context; Landroid/content/Intent;)V
Le/a/q2/q;,Landroid/content/BroadcastReceiver;,<init>,()V
Le/a/q2/q;,Landroid/content/BroadcastReceiver;,onReceive,(Landroid/content/Context; Landroid/content/Intent;)V
Lcom/truecaller/TrueApp$a;,Le/a/r/c/k;Landroid/content/BroadcastReceiver;,<init>,(Lcom/truecaller/TrueApp;)V
Lcom/truecaller/analytics/ChosenComponentReceiver;,Le/a/q2/q;Landroid/content/BroadcastReceiver;,<init>,()V
Lcom/truecaller/analytics/ChosenComponentReceiver;,Le/a/q2/q;Landroid/content/BroadcastReceiver;,a,(Landroid/content/Context; Ljava/lang/String;)Landroid/app/PendingIntent;
Le/a/a/c/e5$b;,Landroid/content/BroadcastReceiver;,<init>,(Le/a/a/c/e5;)V
Le/a/a/c/e5$b;,Landroid/content/BroadcastReceiver;,onReceive,(Landroid/content/Context; Landroid/content/Intent;)V
Le/a/a/c/y3$d;,Landroid/telephony/PhoneStateListener;,<init>,(Le/a/a/c/y3;)V
Le/a/a/c/y3$d;,Landroid/telephony/PhoneStateListener;,onCallStateChanged,(I Ljava/lang/String;)V
Le/a/a/c/y3$h;,Landroid/telephony/TelephonyCallback;,<init>,(Le/a/a/c/y3; Le/a/a/c/y3$a;)V
Le/a/a/c/y3$h;,Landroid/telephony/TelephonyCallback;,onCallStateChanged,(I)V
Le/a/n/w1;,Landroid/content/BroadcastReceiver;,<init>,(Le/a/n/b$d;)V
Le/a/n/w1;,Landroid/content/BroadcastReceiver;,onReceive,(Landroid/content/Context; Landroid/content/Intent;)V
Le/a/n/x;,Landroid/content/BroadcastReceiver;,<init>,(Le/a/n/a;)V
Le/a/n/x;,Landroid/content/BroadcastReceiver;,onReceive,(Landroid/content/Context; Landroid/content/Intent;)V
Le/a/t/b/c/k/d;,Landroid/telephony/PhoneStateListener;,<init>,(Le/a/t/b/c/l/e;)V
Le/a/t/b/c/k/d;,Landroid/telephony/PhoneStateListener;,onCallStateChanged,(I Ljava/lang/String;)V
Le/a/t/b/c/m/b;,Landroid/content/BroadcastReceiver;,<clinit>,()V
Le/a/t/b/c/m/b;,Landroid/content/BroadcastReceiver;,<init>,(Lcom/truecaller/android/sdk/clients/VerificationCallback;)V
Le/a/t/b/c/m/b;,Landroid/content/BroadcastReceiver;,onReceive,(Landroid/content/Context; Landroid/content/Intent;)V
Le/a/q2/w0/h/m;,Landroid/telecom/Call$Callback;,<init>,(Ls1/w/f; Le/a/f/y/x; Le/a/p5/c; Le/a/q2/w0/h/h; Lo3/a;)V
Le/a/q2/w0/h/m;,Landroid/telecom/Call$Callback;,a,(Z)V
Le/a/q2/w0/h/m;,Landroid/telecom/Call$Callback;,b,()Lcom/truecaller/analytics/call/CallDirection;
Le/a/q2/w0/h/m;,Landroid/telecom/Call$Callback;,c,(Ls1/z/b/a;)V
Le/a/q2/w0/h/m;,Landroid/telecom/Call$Callback;,d,()Lcom/truecaller/analytics/call/CallAnswered;
Le/a/q2/w0/h/m;,Landroid/telecom/Call$Callback;,e,()Ljava/lang/String;
Le/a/q2/w0/h/m;,Landroid/telecom/Call$Callback;,f,()Le/a/f/y/x;
Le/a/q2/w0/h/m;,Landroid/telecom/Call$Callback;,g,(Ls1/z/b/a;)V
Le/a/q2/w0/h/m;,Landroid/telecom/Call$Callback;,getNumber,()Ljava/lang/String;
Le/a/q2/w0/h/m;,Landroid/telecom/Call$Callback;,h,(Ls1/w/d;)Ljava/lang/Object;
Le/a/q2/w0/h/m;,Landroid/telecom/Call$Callback;,i,()J
Le/a/q2/w0/h/m;,Landroid/telecom/Call$Callback;,j,()V
Le/a/q2/w0/h/m;,Landroid/telecom/Call$Callback;,k,()J
Le/a/q2/w0/h/m;,Landroid/telecom/Call$Callback;,onCallDestroyed,(Landroid/telecom/Call;)V
Le/a/q2/w0/h/m;,Landroid/telecom/Call$Callback;,onStateChanged,(Landroid/telecom/Call; I)V
Lcom/truecaller/bizmon/AppUpdateReceiver;,Landroid/content/BroadcastReceiver;,<init>,()V
Lcom/truecaller/bizmon/AppUpdateReceiver;,Landroid/content/BroadcastReceiver;,onReceive,(Landroid/content/Context; Landroid/content/Intent;)V
Lcom/truecaller/call_alert/receive_notification/CallAlertDismissBroadcastReceiver;,Landroid/content/BroadcastReceiver;,<init>,()V
Lcom/truecaller/call_alert/receive_notification/CallAlertDismissBroadcastReceiver;,Landroid/content/BroadcastReceiver;,onReceive,(Landroid/content/Context; Landroid/content/Intent;)V
Lcom/truecaller/call_alert/receive_notification/CallSilenceBroadcastReceiver;,Landroid/content/BroadcastReceiver;,<init>,()V
Lcom/truecaller/call_alert/receive_notification/CallSilenceBroadcastReceiver;,Landroid/content/BroadcastReceiver;,onReceive,(Landroid/content/Context; Landroid/content/Intent;)V
Lcom/truecaller/callerid/callstate/CallStateService$b;,Landroid/telephony/PhoneStateListener;,<init>,(Lcom/truecaller/callerid/callstate/CallStateService; Lcom/truecaller/callerid/callstate/CallStateService$a;)V
Lcom/truecaller/callerid/callstate/CallStateService$b;,Landroid/telephony/PhoneStateListener;,onCallStateChanged,(I Ljava/lang/String;)V
Lcom/truecaller/callerid/callstate/TruecallerCallScreeningService;,Landroid/telecom/CallScreeningService;,<init>,()V
Lcom/truecaller/callerid/callstate/TruecallerCallScreeningService;,Landroid/telecom/CallScreeningService;,a,(Landroid/telecom/Call$Details;)V
Lcom/truecaller/callerid/callstate/TruecallerCallScreeningService;,Landroid/telecom/CallScreeningService;,onScreenCall,(Landroid/telecom/Call$Details;)V
Le/a/a/g/h0$c;,Landroid/content/BroadcastReceiver;,<init>,(Le/a/a/g/h0;)V
Le/a/a/g/h0$c;,Landroid/content/BroadcastReceiver;,onReceive,(Landroid/content/Context; Landroid/content/Intent;)V
Lcom/truecaller/common/background/DelayedServiceBroadcastReceiver;,Landroid/content/BroadcastReceiver;,<init>,()V
Lcom/truecaller/common/background/DelayedServiceBroadcastReceiver;,Landroid/content/BroadcastReceiver;,onReceive,(Landroid/content/Context; Landroid/content/Intent;)V
Lcom/truecaller/messaging/inboxcleanup/InboxCleanerBroadcastReceiver;,Landroid/content/BroadcastReceiver;,<init>,()V
Lcom/truecaller/messaging/inboxcleanup/InboxCleanerBroadcastReceiver;,Landroid/content/BroadcastReceiver;,onReceive,(Landroid/content/Context; Landroid/content/Intent;)V
Lcom/truecaller/messaging/notifications/NotificationBroadcastReceiver;,Landroid/content/BroadcastReceiver;,<init>,()V
Lcom/truecaller/messaging/notifications/NotificationBroadcastReceiver;,Landroid/content/BroadcastReceiver;,a,(Landroid/content/Context; Ljava/lang/String; Ljava/util/List; Z Lcom/truecaller/messaging/notifications/NotificationIdentifier; Ljava/lang/String;)Landroid/content/Intent;
Lcom/truecaller/messaging/notifications/NotificationBroadcastReceiver;,Landroid/content/BroadcastReceiver;,b,(Landroid/content/Context; Ljava/lang/String; Ljava/util/List; Z Lcom/truecaller/messaging/notifications/NotificationIdentifier;)Landroid/app/PendingIntent;
Lcom/truecaller/messaging/notifications/NotificationBroadcastReceiver;,Landroid/content/BroadcastReceiver;,onReceive,(Landroid/content/Context; Landroid/content/Intent;)V
Lcom/truecaller/messaging/notifications/ReactionBroadcastReceiver;,Landroid/content/BroadcastReceiver;,<init>,()V
Lcom/truecaller/messaging/notifications/ReactionBroadcastReceiver;,Landroid/content/BroadcastReceiver;,onReceive,(Landroid/content/Context; Landroid/content/Intent;)V
Lcom/truecaller/messaging/nudgetosend/MessageToNudgeBroadcastReceiver;,Landroid/content/BroadcastReceiver;,<init>,()V
Lcom/truecaller/messaging/nudgetosend/MessageToNudgeBroadcastReceiver;,Landroid/content/BroadcastReceiver;,onReceive,(Landroid/content/Context; Landroid/content/Intent;)V
Le/a/a/b/s$j;,Landroid/content/BroadcastReceiver;,<init>,(Le/a/a/b/s;)V
Le/a/a/b/s$j;,Landroid/content/BroadcastReceiver;,onReceive,(Landroid/content/Context; Landroid/content/Intent;)V
Le/a/a/e/t;,Landroid/content/BroadcastReceiver;,<init>,(Le/a/a/e/b;)V
Le/a/a/e/t;,Landroid/content/BroadcastReceiver;,onReceive,(Landroid/content/Context; Landroid/content/Intent;)V
Le/a/a/u0/d;,Landroid/content/BroadcastReceiver;,<init>,()V
Le/a/a/u0/d;,Landroid/content/BroadcastReceiver;,onReceive,(Landroid/content/Context; Landroid/content/Intent;)V
Le/a/k0/n/b/k$a;,Landroid/content/BroadcastReceiver;,<init>,(Le/a/k0/n/b/k;)V
Le/a/k0/n/b/k$a;,Landroid/content/BroadcastReceiver;,onReceive,(Landroid/content/Context; Landroid/content/Intent;)V
Lcom/truecaller/messaging/insights/SmartNotifBroadcastReceiver;,Le/a/a/u0/d;Landroid/content/BroadcastReceiver;,<init>,()V
Lcom/truecaller/messaging/insights/SmartNotifBroadcastReceiver;,Le/a/a/u0/d;Landroid/content/BroadcastReceiver;,onReceive,(Landroid/content/Context; Landroid/content/Intent;)V
Lcom/truecaller/content/TruecallerContentProvider$a;,Landroid/content/BroadcastReceiver;,<init>,(Lcom/truecaller/content/TruecallerContentProvider;)V
Lcom/truecaller/content/TruecallerContentProvider$a;,Landroid/content/BroadcastReceiver;,onReceive,(Landroid/content/Context; Landroid/content/Intent;)V
Lcom/truecaller/flashsdk/core/KidFlashService$a;,Landroid/content/BroadcastReceiver;,<init>,(Lcom/truecaller/flashsdk/core/KidFlashService;)V
Lcom/truecaller/flashsdk/core/KidFlashService$a;,Landroid/content/BroadcastReceiver;,onReceive,(Landroid/content/Context; Landroid/content/Intent;)V
Lcom/truecaller/flashsdk/receiver/ActionReceiver;,Landroid/content/BroadcastReceiver;,<init>,()V
Lcom/truecaller/flashsdk/receiver/ActionReceiver;,Landroid/content/BroadcastReceiver;,onReceive,(Landroid/content/Context; Landroid/content/Intent;)V
Lcom/truecaller/flashsdk/receiver/PhoneStateReceiver;,Landroid/content/BroadcastReceiver;,<init>,()V
Lcom/truecaller/flashsdk/receiver/PhoneStateReceiver;,Landroid/content/BroadcastReceiver;,onReceive,(Landroid/content/Context; Landroid/content/Intent;)V
Lcom/truecaller/flashsdk/ui/incoming/FlashActivity$d;,Landroid/content/BroadcastReceiver;,<init>,(Lcom/truecaller/flashsdk/ui/incoming/FlashActivity;)V
Lcom/truecaller/flashsdk/ui/incoming/FlashActivity$d;,Landroid/content/BroadcastReceiver;,onReceive,(Landroid/content/Context; Landroid/content/Intent;)V
Lcom/truecaller/flashsdk/ui/incoming/FlashActivity$o;,Landroid/content/BroadcastReceiver;,<init>,(Lcom/truecaller/flashsdk/ui/incoming/FlashActivity;)V
Lcom/truecaller/flashsdk/ui/incoming/FlashActivity$o;,Landroid/content/BroadcastReceiver;,onReceive,(Landroid/content/Context; Landroid/content/Intent;)V
Lcom/truecaller/flashsdk/ui/send/SendActivity$f;,Landroid/content/BroadcastReceiver;,<init>,(Lcom/truecaller/flashsdk/ui/send/SendActivity;)V
Lcom/truecaller/flashsdk/ui/send/SendActivity$f;,Landroid/content/BroadcastReceiver;,onReceive,(Landroid/content/Context; Landroid/content/Intent;)V
Lcom/truecaller/flashsdk/ui/send/SendActivity$m;,Landroid/content/BroadcastReceiver;,<init>,(Lcom/truecaller/flashsdk/ui/send/SendActivity;)V
Lcom/truecaller/flashsdk/ui/send/SendActivity$m;,Landroid/content/BroadcastReceiver;,onReceive,(Landroid/content/Context; Landroid/content/Intent;)V
Le/a/x/d0;,Landroid/content/BroadcastReceiver;,<init>,()V
Le/a/x/d0;,Landroid/content/BroadcastReceiver;,onReceive,(Landroid/content/Context; Landroid/content/Intent;)V
Lcom/truecaller/ghost_call/GhostCallBroadcastReceiver;,Le/a/x/d0;Landroid/content/BroadcastReceiver;,<init>,()V
Lcom/truecaller/ghost_call/GhostCallBroadcastReceiver;,Le/a/x/d0;Landroid/content/BroadcastReceiver;,onReceive,(Landroid/content/Context; Landroid/content/Intent;)V
Landroid/telephony/TelephonyManager;,,getNetworkOperatorName,()Ljava/lang/String;
Landroid/telephony/TelephonyManager;,,getPhoneType,()I
Landroid/telephony/TelephonyManager;,,getSimState,()I
Landroid/telephony/TelephonyManager;,,getSimOperator,()Ljava/lang/String;
Landroid/telephony/TelephonyManager;,,getSimOperatorName,()Ljava/lang/String;
Landroid/telephony/TelephonyManager;,,getSimCountryIso,()Ljava/lang/String;
Landroid/telephony/TelephonyManager;,,getDataNetworkType,()I
Landroid/telephony/TelephonyManager;,,getNetworkType,()I
Landroid/telephony/TelephonyManager;,,getNetworkCountryIso,()Ljava/lang/String;
Landroid/telephony/TelephonyManager;,,isNetworkRoaming,()Z
Landroid/telephony/TelephonyManager;,,isDataEnabled,()Z
Landroid/telephony/TelephonyManager;,,createForSubscriptionId,(I)Landroid/telephony/TelephonyManager;
Landroid/telephony/TelephonyManager;,,getDeviceId,()Ljava/lang/String;
Landroid/telephony/TelephonyManager;,,getSimSerialNumber,()Ljava/lang/String;
Landroid/telephony/TelephonyManager;,,getSubscriberId,()Ljava/lang/String;
Landroid/telephony/TelephonyManager;,,getLine1Number,()Ljava/lang/String;
Landroid/telephony/TelephonyManager;,,getSubscriptionId,(Landroid/telecom/PhoneAccountHandle;)I
Landroid/telephony/TelephonyManager;,,getImei,(I)Ljava/lang/String;
Landroid/telephony/TelephonyManager;,,isMultiSimSupported,()I
Landroid/telephony/TelephonyManager;,,getSimState,(I)I
Landroid/telephony/TelephonyManager;,,getDeviceId,(I)Ljava/lang/String;
Landroid/telephony/TelephonyManager;,,getVoiceMailNumber,()Ljava/lang/String;
Landroid/telephony/TelephonyManager;,,listen,(Landroid/telephony/PhoneStateListener; I)V
Landroid/telephony/TelephonyManager;,,getCallState,()I
Landroid/telephony/TelephonyManager;,,getSubscriptionId,()I
Landroid/telephony/TelephonyManager;,,getNetworkOperator,()Ljava/lang/String;
Landroid/telephony/TelephonyManager;,,getServiceState,()Landroid/telephony/ServiceState;
Landroid/telephony/TelephonyManager;,,getSignalStrength,()Landroid/telephony/SignalStrength;
Landroid/telephony/TelephonyManager;,,getAllCellInfo,()Ljava/util/List;
Landroid/telephony/TelephonyManager;,,getCellLocation,()Landroid/telephony/CellLocation;
Landroid/telephony/TelephonyManager;,,registerTelephonyCallback,(Ljava/util/concurrent/Executor; Landroid/telephony/TelephonyCallback;)V
Landroid/telephony/PhoneNumberUtils;,,toaFromString,(Ljava/lang/String;)I
Landroid/telephony/PhoneNumberUtils;,,isNonSeparator,(C)Z
Landroid/telephony/PhoneNumberUtils;,,isGlobalPhoneNumber,(Ljava/lang/String;)Z
Landroid/telephony/PhoneNumberUtils;,,isDialable,(C)Z
Landroid/telephony/PhoneNumberUtils;,,formatNumber,(Landroid/text/Editable; I)V
Landroid/telephony/PhoneNumberUtils;,,stripSeparators,(Ljava/lang/String;)Ljava/lang/String;
Landroid/telephony/PhoneNumberUtils;,,extractNetworkPortion,(Ljava/lang/String;)Ljava/lang/String;
Landroid/telephony/PhoneNumberUtils;,,isEmergencyNumber,(Ljava/lang/String;)Z
Landroid/telephony/PhoneNumberUtils;,,isLocalEmergencyNumber,(Landroid/content/Context; Ljava/lang/String;)Z
Landroid/telecom/Call$Callback;,,<init>,()V
Landroid/telecom/Call$Callback;,,onCallDestroyed,(Landroid/telecom/Call;)V
Landroid/telecom/Call$Callback;,,onChildrenChanged,(Landroid/telecom/Call; Ljava/util/List;)V
Landroid/telecom/Call$Callback;,,onParentChanged,(Landroid/telecom/Call; Landroid/telecom/Call;)V
Landroid/telecom/Call$Callback;,,onPostDialWait,(Landroid/telecom/Call; Ljava/lang/String;)V
Landroid/telecom/Call;,,getDetails,()Landroid/telecom/Call$Details;
Landroid/telecom/Call;,,unregisterCallback,(Landroid/telecom/Call$Callback;)V
Landroid/telecom/Call;,,getParent,()Landroid/telecom/Call;
Landroid/telecom/Call;,,disconnect,()V
Landroid/telecom/Call;,,getState,()I
Landroid/telecom/Call;,,playDtmfTone,(C)V
Landroid/telecom/Call;,,postDialContinue,(Z)V
Landroid/telecom/Call;,,stopDtmfTone,()V
Landroid/telecom/Call;,,registerCallback,(Landroid/telecom/Call$Callback;)V
Landroid/telecom/Call;,,getChildren,()Ljava/util/List;
Landroid/telecom/Call;,,getConferenceableCalls,()Ljava/util/List;
Landroid/telecom/Call;,,conference,(Landroid/telecom/Call;)V
Landroid/telecom/Call;,,reject,(Z Ljava/lang/String;)V
Landroid/telecom/Call;,,hold,()V
Landroid/telecom/Call;,,unhold,()V
Landroid/telecom/Call;,,answer,(I)V
Landroid/telecom/Call;,,phoneAccountSelected,(Landroid/telecom/PhoneAccountHandle; Z)V
Landroid/telecom/Call;,,splitFromConference,()V
Landroid/telecom/Call$Details;,,getDisconnectCause,()Landroid/telecom/DisconnectCause;
Landroid/telecom/Call$Details;,,getAccountHandle,()Landroid/telecom/PhoneAccountHandle;
Landroid/telecom/Call$Details;,,getConnectTimeMillis,()J
Landroid/telecom/Call$Details;,,can,(I)Z
Landroid/telecom/Call$Details;,,getIntentExtras,()Landroid/os/Bundle;
Landroid/telecom/Call$Details;,,hasProperty,(I)Z
Landroid/telecom/Call$Details;,,getCreationTimeMillis,()J
Landroid/telecom/Call$Details;,,getHandle,()Landroid/net/Uri;
Landroid/telecom/Call$Details;,,getCallDirection,()I
Landroid/telecom/DisconnectCause;,,getLabel,()Ljava/lang/CharSequence;
Landroid/telecom/DisconnectCause;,,getCode,()I
Landroid/telecom/DisconnectCause;,,<init>,(I)V
Landroid/telecom/PhoneAccount;,,builder,(Landroid/telecom/PhoneAccountHandle; Ljava/lang/CharSequence;)Landroid/telecom/PhoneAccount$Builder;
Landroid/telecom/PhoneAccount;,,hasCapabilities,(I)Z
Landroid/telecom/TelecomManager;,,getPhoneAccount,(Landroid/telecom/PhoneAccountHandle;)Landroid/telecom/PhoneAccount;
Landroid/telecom/TelecomManager;,,getCallCapablePhoneAccounts,()Ljava/util/List;
Landroid/telecom/TelecomManager;,,isOutgoingCallPermitted,(Landroid/telecom/PhoneAccountHandle;)Z
Landroid/telecom/TelecomManager;,,placeCall,(Landroid/net/Uri; Landroid/os/Bundle;)V
Landroid/telecom/TelecomManager;,,addNewIncomingCall,(Landroid/telecom/PhoneAccountHandle; Landroid/os/Bundle;)V
Landroid/telecom/TelecomManager;,,unregisterPhoneAccount,(Landroid/telecom/PhoneAccountHandle;)V
Landroid/telecom/TelecomManager;,,registerPhoneAccount,(Landroid/telecom/PhoneAccount;)V
Landroid/telecom/TelecomManager;,,getDefaultDialerPackage,()Ljava/lang/String;
Landroid/telecom/TelecomManager;,,endCall,()Z
Landroid/telecom/TelecomManager;,,isInCall,()Z
Landroid/telecom/PhoneAccountHandle;,,getId,()Ljava/lang/String;
Landroid/telecom/PhoneAccountHandle;,,<init>,(Landroid/content/ComponentName; Ljava/lang/String;)V
Landroid/telecom/PhoneAccountHandle;,,writeToParcel,(Landroid/os/Parcel; I)V
Landroid/telecom/PhoneAccountHandle;,,getComponentName,()Landroid/content/ComponentName;
Landroid/telecom/InCallService;,,<init>,()V
Landroid/telecom/InCallService;,,onCreate,()V
Landroid/telecom/InCallService;,,setMuted,(Z)V
Landroid/telecom/InCallService;,,canAddCall,()Z
Landroid/telecom/InCallService;,,stopForeground,(Z)V
Landroid/telecom/InCallService;,,setAudioRoute,(I)V
Landroid/telecom/InCallService;,,startActivity,(Landroid/content/Intent;)V
Landroid/telecom/InCallService;,,getCallAudioState,()Landroid/telecom/CallAudioState;
Landroid/telecom/InCallService;,,onDestroy,()V
Landroid/telecom/InCallService;,,requestBluetoothAudio,(Landroid/bluetooth/BluetoothDevice;)V
Landroid/telecom/CallAudioState;,,getRoute,()I
Landroid/telecom/CallAudioState;,,getSupportedRouteMask,()I
Landroid/telecom/CallAudioState;,,isMuted,()Z
Landroid/telecom/CallAudioState;,,getSupportedBluetoothDevices,()Ljava/util/Collection;
Landroid/telecom/CallAudioState;,,getActiveBluetoothDevice,()Landroid/bluetooth/BluetoothDevice;
Landroid/telephony/SmsMessage;,,createFromPdu,([B)Landroid/telephony/SmsMessage;
Landroid/telephony/SmsMessage;,,getStatus,()I
Landroid/telephony/SmsMessage;,,getMessageClass,()Landroid/telephony/SmsMessage$MessageClass;
Landroid/telephony/SmsMessage;,,getServiceCenterAddress,()Ljava/lang/String;
Landroid/telephony/SmsMessage;,,getProtocolIdentifier,()I
Landroid/telephony/SmsMessage;,,isReplyPathPresent,()Z
Landroid/telephony/SmsMessage;,,getPseudoSubject,()Ljava/lang/String;
Landroid/telephony/SmsMessage;,,getDisplayOriginatingAddress,()Ljava/lang/String;
Landroid/telephony/SmsMessage;,,getTimestampMillis,()J
Landroid/telephony/SmsMessage;,,getDisplayMessageBody,()Ljava/lang/String;
Landroid/telephony/SmsMessage;,,calculateLength,(Ljava/lang/String; Z)[I
Landroid/telephony/SmsMessage;,,getMessageBody,()Ljava/lang/String;
Landroid/telephony/SmsManager;,,getDefault,()Landroid/telephony/SmsManager;
Landroid/telephony/SmsManager;,,divideMessage,(Ljava/lang/String;)Ljava/util/ArrayList;
Landroid/telephony/SmsManager;,,sendMultimediaMessage,(Landroid/content/Context; Landroid/net/Uri; Ljava/lang/String; Landroid/os/Bundle; Landroid/app/PendingIntent;)V
Landroid/telephony/SmsManager;,,downloadMultimediaMessage,(Landroid/content/Context; Ljava/lang/String; Landroid/net/Uri; Landroid/os/Bundle; Landroid/app/PendingIntent;)V
Landroid/telephony/SmsManager;,,sendTextMessage,(Ljava/lang/String; Ljava/lang/String; Ljava/lang/String; Landroid/app/PendingIntent; Landroid/app/PendingIntent;)V
Landroid/telephony/SmsManager;,,sendMultipartTextMessage,(Ljava/lang/String; Ljava/lang/String; Ljava/util/ArrayList; Ljava/util/ArrayList; Ljava/util/ArrayList;)V
Landroid/telephony/SmsManager;,,getCarrierConfigValues,()Landroid/os/Bundle;
Landroid/telephony/SmsManager;,,getDefaultSmsSubscriptionId,()I
Landroid/telephony/SmsManager;,,getSmsManagerForSubscriptionId,(I)Landroid/telephony/SmsManager;
Landroid/telephony/SubscriptionManager;,,from,(Landroid/content/Context;)Landroid/telephony/SubscriptionManager;
Landroid/telephony/SubscriptionManager;,,getActiveSubscriptionInfoList,()Ljava/util/List;
Landroid/telephony/SubscriptionManager;,,getActiveSubscriptionInfoForSimSlotIndex,(I)Landroid/telephony/SubscriptionInfo;
Landroid/telephony/SubscriptionManager;,,getActiveSubscriptionInfoCount,()I
Landroid/telephony/SubscriptionManager;,,getActiveSubscriptionInfo,(I)Landroid/telephony/SubscriptionInfo;
Landroid/telephony/SubscriptionManager;,,getDefaultDataSubscriptionId,()I
Landroid/telephony/SubscriptionInfo;,,getSubscriptionId,()I
Landroid/telephony/SubscriptionInfo;,,getCarrierName,()Ljava/lang/CharSequence;
Landroid/telephony/SubscriptionInfo;,,getMccString,()Ljava/lang/String;
Landroid/telephony/SubscriptionInfo;,,getMncString,()Ljava/lang/String;
Landroid/telephony/SubscriptionInfo;,,getSimSlotIndex,()I
Landroid/telephony/SubscriptionInfo;,,getNumber,()Ljava/lang/String;
Landroid/telephony/SubscriptionInfo;,,getCountryIso,()Ljava/lang/String;
Landroid/telephony/SubscriptionInfo;,,getIccId,()Ljava/lang/String;
Landroid/telephony/SubscriptionInfo;,,getDataRoaming,()I
Landroid/telephony/SubscriptionInfo;,,getMcc,()I
Landroid/telephony/SubscriptionInfo;,,getMnc,()I
Landroid/telephony/SubscriptionInfo;,,getDisplayName,()Ljava/lang/CharSequence;
Landroid/telephony/CarrierConfigManager;,,getConfig,()Landroid/os/PersistableBundle;
Landroid/telephony/CarrierConfigManager;,,getConfigForSubId,(I)Landroid/os/PersistableBundle;
Landroid/telephony/PhoneStateListener;,,<init>,()V
Landroid/telephony/PhoneStateListener;,,<init>,(Ljava/util/concurrent/Executor;)V
Landroid/telephony/PhoneStateListener;,,onCallStateChanged,(I Ljava/lang/String;)V
Landroid/telephony/PhoneStateListener;,,onSignalStrengthsChanged,(Landroid/telephony/SignalStrength;)V
Landroid/telecom/Connection;,,<init>,()V
Landroid/telecom/Connection;,,setAudioModeIsVoip,(Z)V
Landroid/telecom/Connection;,,setConnectionProperties,(I)V
Landroid/telecom/Connection;,,setConnectionCapabilities,(I)V
Landroid/telecom/Connection;,,setCallerDisplayName,(Ljava/lang/String; I)V
Landroid/telecom/Connection;,,getCallAudioState,()Landroid/telecom/CallAudioState;
Landroid/telecom/Connection;,,setDisconnected,(Landroid/telecom/DisconnectCause;)V
Landroid/telecom/Connection;,,getState,()I
Landroid/telecom/Connection;,,destroy,()V
Landroid/telecom/Connection;,,setInitializing,()V
Landroid/telecom/Connection;,,onShowIncomingCallUi,()V
Landroid/telecom/Connection;,,getExtras,()Landroid/os/Bundle;
Landroid/telecom/Connection;,,onStateChanged,(I)V
Landroid/telecom/Connection;,,setInitialized,()V
Landroid/telecom/Connection;,,onHold,()V
Landroid/telecom/Connection;,,onUnhold,()V
Landroid/telecom/Connection;,,setOnHold,()V
Landroid/telecom/Connection;,,setActive,()V
Landroid/telecom/Connection;,,setRinging,()V
Landroid/telecom/PhoneAccount$Builder;,,setCapabilities,(I)Landroid/telecom/PhoneAccount$Builder;
Landroid/telecom/PhoneAccount$Builder;,,addSupportedUriScheme,(Ljava/lang/String;)Landroid/telecom/PhoneAccount$Builder;
Landroid/telecom/PhoneAccount$Builder;,,build,()Landroid/telecom/PhoneAccount;
Landroid/telecom/ConnectionService;,,<init>,()V
Landroid/telecom/ConnectionService;,,onCreate,()V
Landroid/telecom/ConnectionService;,,onCreateIncomingConnectionFailed,(Landroid/telecom/PhoneAccountHandle; Landroid/telecom/ConnectionRequest;)V
Landroid/telecom/ConnectionService;,,onCreateOutgoingConnectionFailed,(Landroid/telecom/PhoneAccountHandle; Landroid/telecom/ConnectionRequest;)V
Landroid/telecom/ConnectionService;,,onDestroy,()V
Landroid/telecom/ConnectionRequest;,,getAddress,()Landroid/net/Uri;
Landroid/telecom/ConnectionRequest;,,getExtras,()Landroid/os/Bundle;
Landroid/telephony/TelephonyDisplayInfo;,,getOverrideNetworkType,()I
Landroid/telephony/ServiceState;,,toString,()Ljava/lang/String;
Landroid/telephony/SignalStrength;,,getCellSignalStrengths,(Ljava/lang/Class;)Ljava/util/List;
Landroid/telephony/SignalStrength;,,isGsm,()Z
Landroid/telephony/SignalStrength;,,getGsmSignalStrength,()I
Landroid/telephony/SignalStrength;,,getCdmaDbm,()I
Landroid/telephony/CellSignalStrengthLte;,,getCqi,()I
Landroid/telephony/CellSignalStrengthLte;,,getRsrp,()I
Landroid/telephony/CellSignalStrengthLte;,,getRsrq,()I
Landroid/telephony/CellSignalStrengthLte;,,getRssi,()I
Landroid/telephony/CellSignalStrengthLte;,,getRssnr,()I
Landroid/telephony/CellSignalStrengthLte;,,getDbm,()I
Landroid/telephony/CellSignalStrengthNr;,,getDbm,()I
Landroid/telephony/CellSignalStrengthNr;,,getCsiRsrp,()I
Landroid/telephony/CellSignalStrengthNr;,,getCsiRsrq,()I
Landroid/telephony/CellSignalStrengthNr;,,getCsiSinr,()I
Landroid/telephony/CellSignalStrengthNr;,,getSsRsrp,()I
Landroid/telephony/CellSignalStrengthNr;,,getSsRsrq,()I
Landroid/telephony/CellSignalStrengthNr;,,getSsSinr,()I
Landroid/telephony/CellSignalStrengthCdma;,,getDbm,()I
Landroid/telephony/CellSignalStrengthTdscdma;,,getDbm,()I
Landroid/telephony/CellSignalStrengthWcdma;,,getDbm,()I
Landroid/telephony/HwTelephonyManager;,,getDefault,()Landroid/telephony/HwTelephonyManager;
Landroid/telephony/HwTelephonyManager;,,getDefault4GSlotId,()I
Landroid/telephony/HwTelephonyManager;,,isNsaState,(I)Z
Landroid/telephony/TelephonyCallback;,,<init>,()V
Landroid/telephony/gsm/GsmCellLocation;,,getCid,()I
Landroid/telephony/gsm/GsmCellLocation;,,getLac,()I
Landroid/telephony/cdma/CdmaCellLocation;,,getBaseStationLatitude,()I
Landroid/telephony/cdma/CdmaCellLocation;,,getBaseStationLongitude,()I
Landroid/telephony/CellInfo;,,isRegistered,()Z
Landroid/telephony/CellInfoGsm;,,getCellIdentity,()Landroid/telephony/CellIdentityGsm;
Landroid/telephony/CellIdentityGsm;,,getMcc,()I
Landroid/telephony/CellIdentityGsm;,,getMnc,()I
Landroid/telephony/CellIdentityGsm;,,getLac,()I
Landroid/telephony/CellIdentityGsm;,,getCid,()I
Landroid/telephony/CellInfoLte;,,getCellIdentity,()Landroid/telephony/CellIdentityLte;
Landroid/telephony/CellIdentityLte;,,getMcc,()I
Landroid/telephony/CellIdentityLte;,,getMnc,()I
Landroid/telephony/CellIdentityLte;,,getCi,()I
Landroid/telephony/CellIdentityLte;,,getTac,()I
Landroid/telephony/CellInfoCdma;,,getCellIdentity,()Landroid/telephony/CellIdentityCdma;
Landroid/telephony/CellIdentityCdma;,,getLongitude,()I
Landroid/telephony/CellIdentityCdma;,,getLatitude,()I
Landroid/telephony/CellInfoWcdma;,,getCellIdentity,()Landroid/telephony/CellIdentityWcdma;
Landroid/telephony/CellIdentityWcdma;,,getMcc,()I
Landroid/telephony/CellIdentityWcdma;,,getMnc,()I
Landroid/telephony/CellIdentityWcdma;,,getLac,()I
Landroid/telephony/CellIdentityWcdma;,,getCid,()I
Landroid/telecom/CallScreeningService;,,<init>,()V
Landroid/telecom/CallScreeningService;,,respondToCall,(Landroid/telecom/Call$Details; Landroid/telecom/CallScreeningService$CallResponse;)V
Landroid/telecom/CallScreeningService$CallResponse$Builder;,,<init>,()V
Landroid/telecom/CallScreeningService$CallResponse$Builder;,,setDisallowCall,(Z)Landroid/telecom/CallScreeningService$CallResponse$Builder;
Landroid/telecom/CallScreeningService$CallResponse$Builder;,,setSkipNotification,(Z)Landroid/telecom/CallScreeningService$CallResponse$Builder;
Landroid/telecom/CallScreeningService$CallResponse$Builder;,,build,()Landroid/telecom/CallScreeningService$CallResponse;
