La1/a;,Landroid/content/BroadcastReceiver;,<clinit>,()V
La1/a;,Landroid/content/BroadcastReceiver;,<init>,()V
La1/a;,Landroid/content/BroadcastReceiver;,completeWakefulIntent,(Landroid/content/Intent;)Z
La1/a;,Landroid/content/BroadcastReceiver;,startWakefulService,(Landroid/content/Context; Landroid/content/Intent;)Landroid/content/ComponentName;
Landroidx/work/impl/background/systemalarm/ConstraintProxy;,Landroid/content/BroadcastReceiver;,<clinit>,()V
Landroidx/work/impl/background/systemalarm/ConstraintProxy;,Landroid/content/BroadcastReceiver;,<init>,()V
Landroidx/work/impl/background/systemalarm/ConstraintProxy;,Landroid/content/BroadcastReceiver;,onReceive,(Landroid/content/Context; Landroid/content/Intent;)V
Landroidx/work/impl/background/systemalarm/ConstraintProxyUpdateReceiver;,Landroid/content/BroadcastReceiver;,<clinit>,()V
Landroidx/work/impl/background/systemalarm/ConstraintProxyUpdateReceiver;,Landroid/content/BroadcastReceiver;,<init>,()V
Landroidx/work/impl/background/systemalarm/ConstraintProxyUpdateReceiver;,Landroid/content/BroadcastReceiver;,onReceive,(Landroid/content/Context; Landroid/content/Intent;)V
Landroidx/work/impl/background/systemalarm/RescheduleReceiver;,Landroid/content/BroadcastReceiver;,<clinit>,()V
Landroidx/work/impl/background/systemalarm/RescheduleReceiver;,Landroid/content/BroadcastReceiver;,<init>,()V
Landroidx/work/impl/background/systemalarm/RescheduleReceiver;,Landroid/content/BroadcastReceiver;,onReceive,(Landroid/content/Context; Landroid/content/Intent;)V
Landroidx/work/impl/diagnostics/DiagnosticsReceiver;,Landroid/content/BroadcastReceiver;,<clinit>,()V
Landroidx/work/impl/diagnostics/DiagnosticsReceiver;,Landroid/content/BroadcastReceiver;,<init>,()V
Landroidx/work/impl/diagnostics/DiagnosticsReceiver;,Landroid/content/BroadcastReceiver;,onReceive,(Landroid/content/Context; Landroid/content/Intent;)V
Landroidx/work/impl/utils/ForceStopRunnable$BroadcastReceiver;,Landroid/content/BroadcastReceiver;,<clinit>,()V
Landroidx/work/impl/utils/ForceStopRunnable$BroadcastReceiver;,Landroid/content/BroadcastReceiver;,<init>,()V
Landroidx/work/impl/utils/ForceStopRunnable$BroadcastReceiver;,Landroid/content/BroadcastReceiver;,onReceive,(Landroid/content/Context; Landroid/content/Intent;)V
Lcom/applovin/impl/sdk/network/d;,Landroid/content/BroadcastReceiver;,<init>,(Landroid/content/Context;)V
Lcom/applovin/impl/sdk/network/d;,Landroid/content/BroadcastReceiver;,a,(Landroid/content/Intent;)Z
Lcom/applovin/impl/sdk/network/d;,Landroid/content/BroadcastReceiver;,a,(Lcom/applovin/impl/sdk/network/d$a;)V
Lcom/applovin/impl/sdk/network/d;,Landroid/content/BroadcastReceiver;,b,(Lcom/applovin/impl/sdk/network/d$a;)V
Lcom/applovin/impl/sdk/network/d;,Landroid/content/BroadcastReceiver;,onReceive,(Landroid/content/Context; Landroid/content/Intent;)V
Lcom/applovin/impl/sdk/w$3;,Landroid/content/BroadcastReceiver;,<init>,(Lcom/applovin/impl/sdk/w;)V
Lcom/applovin/impl/sdk/w$3;,Landroid/content/BroadcastReceiver;,onReceive,(Landroid/content/Context; Landroid/content/Intent;)V
Lcom/google/android/datatransport/runtime/scheduling/jobscheduling/AlarmManagerSchedulerBroadcastReceiver;,Landroid/content/BroadcastReceiver;,<init>,()V
Lcom/google/android/datatransport/runtime/scheduling/jobscheduling/AlarmManagerSchedulerBroadcastReceiver;,Landroid/content/BroadcastReceiver;,onReceive,(Landroid/content/Context; Landroid/content/Intent;)V
Lcom/google/android/gms/ads/internal/util/zzcj;,Landroid/content/BroadcastReceiver;,<init>,(Lcom/google/android/gms/ads/internal/util/zzck;)V
Lcom/google/android/gms/ads/internal/util/zzcj;,Landroid/content/BroadcastReceiver;,onReceive,(Landroid/content/Context; Landroid/content/Intent;)V
Lcom/google/android/gms/ads/internal/util/zzq;,Landroid/content/BroadcastReceiver;,<init>,(Lcom/google/android/gms/ads/internal/util/zzt; Lcom/google/android/gms/ads/internal/util/zzp;)V
Lcom/google/android/gms/ads/internal/util/zzq;,Landroid/content/BroadcastReceiver;,onReceive,(Landroid/content/Context; Landroid/content/Intent;)V
Lcom/google/android/gms/ads/internal/util/zzs;,Landroid/content/BroadcastReceiver;,<init>,(Lcom/google/android/gms/ads/internal/util/zzt; Lcom/google/android/gms/ads/internal/util/zzr;)V
Lcom/google/android/gms/ads/internal/util/zzs;,Landroid/content/BroadcastReceiver;,onReceive,(Landroid/content/Context; Landroid/content/Intent;)V
Lcom/google/android/gms/common/api/internal/zabr;,Landroid/content/BroadcastReceiver;,<init>,(Lcom/google/android/gms/common/api/internal/zabq;)V
Lcom/google/android/gms/common/api/internal/zabr;,Landroid/content/BroadcastReceiver;,onReceive,(Landroid/content/Context; Landroid/content/Intent;)V
Lcom/google/android/gms/common/api/internal/zabr;,Landroid/content/BroadcastReceiver;,zaa,(Landroid/content/Context;)V
Lcom/google/android/gms/common/api/internal/zabr;,Landroid/content/BroadcastReceiver;,zab,()V
Lcom/google/android/gms/internal/ads/zzaml;,Landroid/content/BroadcastReceiver;,<init>,(Landroid/content/Context;)V
Lcom/google/android/gms/internal/ads/zzaml;,Landroid/content/BroadcastReceiver;,onReceive,(Landroid/content/Context; Landroid/content/Intent;)V
Lcom/google/android/gms/internal/ads/zzaml;,Landroid/content/BroadcastReceiver;,zza,()Z
Lcom/google/android/gms/internal/ads/zzamy;,Landroid/content/BroadcastReceiver;,<init>,(Lcom/google/android/gms/internal/ads/zzamz;)V
Lcom/google/android/gms/internal/ads/zzamy;,Landroid/content/BroadcastReceiver;,onReceive,(Landroid/content/Context; Landroid/content/Intent;)V
Lcom/google/android/gms/internal/ads/zzaxy;,Landroid/content/BroadcastReceiver;,<init>,(Lcom/google/android/gms/internal/ads/zzayb;)V
Lcom/google/android/gms/internal/ads/zzaxy;,Landroid/content/BroadcastReceiver;,onReceive,(Landroid/content/Context; Landroid/content/Intent;)V
Lcom/google/android/gms/internal/ads/zzey;,Landroid/content/BroadcastReceiver;,<init>,(Lcom/google/android/gms/internal/ads/zzfb; Lcom/google/android/gms/internal/ads/zzex;)V
Lcom/google/android/gms/internal/ads/zzey;,Landroid/content/BroadcastReceiver;,onReceive,(Landroid/content/Context; Landroid/content/Intent;)V
Lcom/google/android/gms/internal/ads/zzfa;,Landroid/telephony/PhoneStateListener;,<init>,(Lcom/google/android/gms/internal/ads/zzfb; Lcom/google/android/gms/internal/ads/zzez;)V
Lcom/google/android/gms/internal/ads/zzfa;,Landroid/telephony/PhoneStateListener;,onDisplayInfoChanged,(Landroid/telephony/TelephonyDisplayInfo;)V
Lcom/google/android/gms/internal/ads/zzfa;,Landroid/telephony/PhoneStateListener;,onServiceStateChanged,(Landroid/telephony/ServiceState;)V
Lcom/google/android/gms/internal/ads/zzfkq;,Landroid/content/BroadcastReceiver;,<init>,(Lcom/google/android/gms/internal/ads/zzfkr;)V
Lcom/google/android/gms/internal/ads/zzfkq;,Landroid/content/BroadcastReceiver;,onReceive,(Landroid/content/Context; Landroid/content/Intent;)V
Lcom/google/android/gms/internal/ads/zzfq;,Landroid/content/BroadcastReceiver;,<init>,(Lcom/google/android/gms/internal/ads/zzfs; Landroid/os/Handler; Lcom/google/android/gms/internal/ads/zzfr;)V
Lcom/google/android/gms/internal/ads/zzfq;,Landroid/content/BroadcastReceiver;,onReceive,(Landroid/content/Context; Landroid/content/Intent;)V
Lcom/google/android/gms/internal/ads/zzfq;,Landroid/content/BroadcastReceiver;,run,()V
Lcom/google/android/gms/internal/ads/zziz;,Landroid/content/BroadcastReceiver;,<init>,(Lcom/google/android/gms/internal/ads/zzja; Lcom/google/android/gms/internal/ads/zziy;)V
Lcom/google/android/gms/internal/ads/zziz;,Landroid/content/BroadcastReceiver;,onReceive,(Landroid/content/Context; Landroid/content/Intent;)V
Lcom/google/android/gms/measurement/internal/zzeu;,Landroid/content/BroadcastReceiver;,<clinit>,()V
Lcom/google/android/gms/measurement/internal/zzeu;,Landroid/content/BroadcastReceiver;,<init>,(Lcom/google/android/gms/measurement/internal/zzkn;)V
Lcom/google/android/gms/measurement/internal/zzeu;,Landroid/content/BroadcastReceiver;,zzc,(Lcom/google/android/gms/measurement/internal/zzeu;)Lcom/google/android/gms/measurement/internal/zzkn;
Lcom/google/android/gms/measurement/internal/zzeu;,Landroid/content/BroadcastReceiver;,onReceive,(Landroid/content/Context; Landroid/content/Intent;)V
Lcom/google/android/gms/measurement/internal/zzeu;,Landroid/content/BroadcastReceiver;,zza,()V
Lcom/google/android/gms/measurement/internal/zzeu;,Landroid/content/BroadcastReceiver;,zzb,()V
Lf/m$h$a;,Landroid/content/BroadcastReceiver;,<init>,(Lf/m$h;)V
Lf/m$h$a;,Landroid/content/BroadcastReceiver;,onReceive,(Landroid/content/Context; Landroid/content/Intent;)V
Li2/q;,Landroid/content/BroadcastReceiver;,<init>,(Landroidx/appcompat/widget/z; Ls2/c;)V
Li2/q;,Landroid/content/BroadcastReceiver;,onReceive,(Landroid/content/Context; Landroid/content/Intent;)V
Lp4/b;,Landroid/content/BroadcastReceiver;,<init>,(Lp4/c;)V
Lp4/b;,Landroid/content/BroadcastReceiver;,onReceive,(Landroid/content/Context; Landroid/content/Intent;)V
Lt4/c$e;,Landroid/content/BroadcastReceiver;,<clinit>,()V
Lt4/c$e;,Landroid/content/BroadcastReceiver;,<init>,(Landroid/content/Context;)V
Lt4/c$e;,Landroid/content/BroadcastReceiver;,onReceive,(Landroid/content/Context; Landroid/content/Intent;)V
Lv1/c$a;,Landroid/content/BroadcastReceiver;,<init>,(Lv1/c;)V
Lv1/c$a;,Landroid/content/BroadcastReceiver;,onReceive,(Landroid/content/Context; Landroid/content/Intent;)V
Lv1/e$a;,Landroid/content/BroadcastReceiver;,<init>,(Lv1/e;)V
Lv1/e$a;,Landroid/content/BroadcastReceiver;,onReceive,(Landroid/content/Context; Landroid/content/Intent;)V
Landroidx/work/impl/background/systemalarm/ConstraintProxy$BatteryChargingProxy;,Landroidx/work/impl/background/systemalarm/ConstraintProxy;Landroid/content/BroadcastReceiver;,<init>,()V
Landroidx/work/impl/background/systemalarm/ConstraintProxy$BatteryNotLowProxy;,Landroidx/work/impl/background/systemalarm/ConstraintProxy;Landroid/content/BroadcastReceiver;,<init>,()V
Landroidx/work/impl/background/systemalarm/ConstraintProxy$NetworkStateProxy;,Landroidx/work/impl/background/systemalarm/ConstraintProxy;Landroid/content/BroadcastReceiver;,<init>,()V
Landroidx/work/impl/background/systemalarm/ConstraintProxy$StorageNotLowProxy;,Landroidx/work/impl/background/systemalarm/ConstraintProxy;Landroid/content/BroadcastReceiver;,<init>,()V
Lcom/applovin/impl/sdk/g;,Landroid/content/BroadcastReceiver;,<init>,(Lcom/applovin/impl/sdk/l;)V
Lcom/applovin/impl/sdk/g;,Landroid/content/BroadcastReceiver;,a,(I)Z
Lcom/applovin/impl/sdk/g;,Landroid/content/BroadcastReceiver;,b,()V
Lcom/applovin/impl/sdk/g;,Landroid/content/BroadcastReceiver;,b,(I)V
Lcom/applovin/impl/sdk/g;,Landroid/content/BroadcastReceiver;,c,()V
Lcom/applovin/impl/sdk/g;,Landroid/content/BroadcastReceiver;,a,()I
Lcom/applovin/impl/sdk/g;,Landroid/content/BroadcastReceiver;,a,(Lcom/applovin/impl/sdk/g$a;)V
Lcom/applovin/impl/sdk/g;,Landroid/content/BroadcastReceiver;,b,(Lcom/applovin/impl/sdk/g$a;)V
Lcom/applovin/impl/sdk/g;,Landroid/content/BroadcastReceiver;,onReceive,(Landroid/content/Context; Landroid/content/Intent;)V
Lcom/applovin/impl/sdk/g;,Landroid/content/BroadcastReceiver;,onReceive,(Landroid/content/Context; Landroid/content/Intent; Ljava/util/Map;)V
Lcom/google/android/gms/measurement/AppMeasurementReceiver;,La1/a;Landroid/content/BroadcastReceiver;,<init>,()V
Lcom/google/android/gms/measurement/AppMeasurementReceiver;,La1/a;Landroid/content/BroadcastReceiver;,doGoAsync,()Landroid/content/BroadcastReceiver$PendingResult;
Lcom/google/android/gms/measurement/AppMeasurementReceiver;,La1/a;Landroid/content/BroadcastReceiver;,doStartService,(Landroid/content/Context; Landroid/content/Intent;)V
Lcom/google/android/gms/measurement/AppMeasurementReceiver;,La1/a;Landroid/content/BroadcastReceiver;,onReceive,(Landroid/content/Context; Landroid/content/Intent;)V
Lcom/google/android/gms/stats/GCoreWakefulBroadcastReceiver;,La1/a;Landroid/content/BroadcastReceiver;,<init>,()V
Lcom/google/android/gms/stats/GCoreWakefulBroadcastReceiver;,La1/a;Landroid/content/BroadcastReceiver;,completeWakefulIntent,(Landroid/content/Context; Landroid/content/Intent;)Z
Lcom/mglab/scm/api/AlarmBroadcastReceiver;,Landroid/content/BroadcastReceiver;,<init>,()V
Lcom/mglab/scm/api/AlarmBroadcastReceiver;,Landroid/content/BroadcastReceiver;,onReceive,(Landroid/content/Context; Landroid/content/Intent;)V
Lcom/mglab/scm/api/BootBroadcastReceiver;,Landroid/content/BroadcastReceiver;,<init>,()V
Lcom/mglab/scm/api/BootBroadcastReceiver;,Landroid/content/BroadcastReceiver;,onReceive,(Landroid/content/Context; Landroid/content/Intent;)V
Lcom/mglab/scm/telephony/CallScreeningServiceImpl;,Landroid/telecom/CallScreeningService;,<init>,()V
Lcom/mglab/scm/telephony/CallScreeningServiceImpl;,Landroid/telecom/CallScreeningService;,a,(Landroid/os/Bundle;)Ljava/lang/String;
Lcom/mglab/scm/telephony/CallScreeningServiceImpl;,Landroid/telecom/CallScreeningService;,onScreenCall,(Landroid/telecom/Call$Details;)V
Lcom/mglab/scm/telephony/PhoneCallReceiver;,Landroid/content/BroadcastReceiver;,<clinit>,()V
Lcom/mglab/scm/telephony/PhoneCallReceiver;,Landroid/content/BroadcastReceiver;,<init>,()V
Lcom/mglab/scm/telephony/PhoneCallReceiver;,Landroid/content/BroadcastReceiver;,onReceive,(Landroid/content/Context; Landroid/content/Intent;)V
Lcom/mglab/scm/visual/MGNotification$notificationButtonListener;,Landroid/content/BroadcastReceiver;,<init>,()V
Lcom/mglab/scm/visual/MGNotification$notificationButtonListener;,Landroid/content/BroadcastReceiver;,onReceive,(Landroid/content/Context; Landroid/content/Intent;)V
Lg9/i$c;,Landroid/content/BroadcastReceiver;,<init>,(Lg9/i;)V
Lg9/i$c;,Landroid/content/BroadcastReceiver;,onReceive,(Landroid/content/Context; Landroid/content/Intent;)V
Landroid/telephony/TelephonyManager;,,getSimCountryIso,()Ljava/lang/String;
Landroid/telephony/TelephonyManager;,,getNetworkOperator,()Ljava/lang/String;
Landroid/telephony/TelephonyManager;,,getNetworkOperatorName,()Ljava/lang/String;
Landroid/telephony/TelephonyManager;,,getDataNetworkType,()I
Landroid/telephony/TelephonyManager;,,getNetworkType,()I
Landroid/telephony/TelephonyManager;,,getPhoneType,()I
Landroid/telephony/TelephonyManager;,,listen,(Landroid/telephony/PhoneStateListener; I)V
Landroid/telephony/TelephonyManager;,,getNetworkCountryIso,()Ljava/lang/String;
Landroid/telephony/TelephonyManager;,,getSimOperator,()Ljava/lang/String;
Landroid/telephony/TelephonyManager;,,isDataEnabled,()Z
Landroid/telephony/PhoneStateListener;,,<init>,()V
Landroid/telephony/TelephonyDisplayInfo;,,getOverrideNetworkType,()I
Landroid/telephony/ServiceState;,,toString,()Ljava/lang/String;
Landroid/telecom/CallScreeningService;,,<init>,()V
Landroid/telecom/CallScreeningService;,,respondToCall,(Landroid/telecom/Call$Details; Landroid/telecom/CallScreeningService$CallResponse;)V
Landroid/telecom/CallScreeningService$CallResponse$Builder;,,<init>,()V
Landroid/telecom/CallScreeningService$CallResponse$Builder;,,setRejectCall,(Z)Landroid/telecom/CallScreeningService$CallResponse$Builder;
Landroid/telecom/CallScreeningService$CallResponse$Builder;,,setDisallowCall,(Z)Landroid/telecom/CallScreeningService$CallResponse$Builder;
Landroid/telecom/CallScreeningService$CallResponse$Builder;,,setSkipNotification,(Z)Landroid/telecom/CallScreeningService$CallResponse$Builder;
Landroid/telecom/CallScreeningService$CallResponse$Builder;,,build,()Landroid/telecom/CallScreeningService$CallResponse;
Landroid/telecom/Call$Details;,,getIntentExtras,()Landroid/os/Bundle;
Landroid/telecom/Call$Details;,,getExtras,()Landroid/os/Bundle;
Landroid/telecom/Call$Details;,,toString,()Ljava/lang/String;
Landroid/telephony/SubscriptionManager;,,from,(Landroid/content/Context;)Landroid/telephony/SubscriptionManager;
Landroid/telephony/SubscriptionManager;,,getActiveSubscriptionInfoList,()Ljava/util/List;
Landroid/telephony/SubscriptionInfo;,,getSubscriptionId,()I
Landroid/telephony/SubscriptionInfo;,,getSimSlotIndex,()I
Landroid/telecom/TelecomManager;,,endCall,()Z
Landroid/telecom/TelecomManager;,,getDefaultDialerPackage,()Ljava/lang/String;
