Landroidx/appcompat/app/f$l$a;,Landroid/content/BroadcastReceiver;,<init>,(Landroidx/appcompat/app/f$l;)V
Landroidx/appcompat/app/f$l$a;,Landroid/content/BroadcastReceiver;,onReceive,(Landroid/content/Context; Landroid/content/Intent;)V
Landroidx/work/impl/background/systemalarm/ConstraintProxy;,Landroid/content/BroadcastReceiver;,<clinit>,()V
Landroidx/work/impl/background/systemalarm/ConstraintProxy;,Landroid/content/BroadcastReceiver;,<init>,()V
Landroidx/work/impl/background/systemalarm/ConstraintProxy;,Landroid/content/BroadcastReceiver;,a,(Landroid/content/Context; Ljava/util/List;)V
Landroidx/work/impl/background/systemalarm/ConstraintProxy;,Landroid/content/BroadcastReceiver;,onReceive,(Landroid/content/Context; Landroid/content/Intent;)V
Landroidx/work/impl/background/systemalarm/ConstraintProxyUpdateReceiver;,Landroid/content/BroadcastReceiver;,<clinit>,()V
Landroidx/work/impl/background/systemalarm/ConstraintProxyUpdateReceiver;,Landroid/content/BroadcastReceiver;,<init>,()V
Landroidx/work/impl/background/systemalarm/ConstraintProxyUpdateReceiver;,Landroid/content/BroadcastReceiver;,a,(Landroid/content/Context; Z Z Z Z)Landroid/content/Intent;
Landroidx/work/impl/background/systemalarm/ConstraintProxyUpdateReceiver;,Landroid/content/BroadcastReceiver;,onReceive,(Landroid/content/Context; Landroid/content/Intent;)V
Landroidx/work/impl/background/systemalarm/RescheduleReceiver;,Landroid/content/BroadcastReceiver;,<clinit>,()V
Landroidx/work/impl/background/systemalarm/RescheduleReceiver;,Landroid/content/BroadcastReceiver;,<init>,()V
Landroidx/work/impl/background/systemalarm/RescheduleReceiver;,Landroid/content/BroadcastReceiver;,onReceive,(Landroid/content/Context; Landroid/content/Intent;)V
Landroidx/work/impl/diagnostics/DiagnosticsReceiver;,Landroid/content/BroadcastReceiver;,<clinit>,()V
Landroidx/work/impl/diagnostics/DiagnosticsReceiver;,Landroid/content/BroadcastReceiver;,<init>,()V
Landroidx/work/impl/diagnostics/DiagnosticsReceiver;,Landroid/content/BroadcastReceiver;,onReceive,(Landroid/content/Context; Landroid/content/Intent;)V
Landroidx/work/impl/m/f/c$a;,Landroid/content/BroadcastReceiver;,<init>,(Landroidx/work/impl/m/f/c;)V
Landroidx/work/impl/m/f/c$a;,Landroid/content/BroadcastReceiver;,onReceive,(Landroid/content/Context; Landroid/content/Intent;)V
Landroidx/work/impl/m/f/e$a;,Landroid/content/BroadcastReceiver;,<init>,(Landroidx/work/impl/m/f/e;)V
Landroidx/work/impl/m/f/e$a;,Landroid/content/BroadcastReceiver;,onReceive,(Landroid/content/Context; Landroid/content/Intent;)V
Landroidx/work/impl/utils/ForceStopRunnable$BroadcastReceiver;,Landroid/content/BroadcastReceiver;,<clinit>,()V
Landroidx/work/impl/utils/ForceStopRunnable$BroadcastReceiver;,Landroid/content/BroadcastReceiver;,<init>,()V
Landroidx/work/impl/utils/ForceStopRunnable$BroadcastReceiver;,Landroid/content/BroadcastReceiver;,onReceive,(Landroid/content/Context; Landroid/content/Intent;)V
Lcom/android/billingclient/api/i0;,Landroid/content/BroadcastReceiver;,<init>,(Lcom/android/billingclient/api/j0; Lcom/android/billingclient/api/k; Lcom/android/billingclient/api/h0;)V
Lcom/android/billingclient/api/i0;,Landroid/content/BroadcastReceiver;,c,(Lcom/android/billingclient/api/i0;)Lcom/android/billingclient/api/k;
Lcom/android/billingclient/api/i0;,Landroid/content/BroadcastReceiver;,a,(Landroid/content/Context; Landroid/content/IntentFilter;)V
Lcom/android/billingclient/api/i0;,Landroid/content/BroadcastReceiver;,b,(Landroid/content/Context;)V
Lcom/android/billingclient/api/i0;,Landroid/content/BroadcastReceiver;,onReceive,(Landroid/content/Context; Landroid/content/Intent;)V
Lcom/appsflyer/MultipleInstallBroadcastReceiver;,Landroid/content/BroadcastReceiver;,<init>,()V
Lcom/appsflyer/MultipleInstallBroadcastReceiver;,Landroid/content/BroadcastReceiver;,onReceive,(Landroid/content/Context; Landroid/content/Intent;)V
Lcom/appsflyer/SingleInstallBroadcastReceiver;,Landroid/content/BroadcastReceiver;,<init>,()V
Lcom/appsflyer/SingleInstallBroadcastReceiver;,Landroid/content/BroadcastReceiver;,onReceive,(Landroid/content/Context; Landroid/content/Intent;)V
Lcom/google/android/datatransport/runtime/scheduling/jobscheduling/AlarmManagerSchedulerBroadcastReceiver;,Landroid/content/BroadcastReceiver;,<init>,()V
Lcom/google/android/datatransport/runtime/scheduling/jobscheduling/AlarmManagerSchedulerBroadcastReceiver;,Landroid/content/BroadcastReceiver;,a,()V
Lcom/google/android/datatransport/runtime/scheduling/jobscheduling/AlarmManagerSchedulerBroadcastReceiver;,Landroid/content/BroadcastReceiver;,onReceive,(Landroid/content/Context; Landroid/content/Intent;)V
Lcom/google/android/gms/cloudmessaging/b;,Landroid/content/BroadcastReceiver;,<init>,()V
Lcom/google/android/gms/cloudmessaging/b;,Landroid/content/BroadcastReceiver;,e,(Landroid/content/Context; Landroid/content/Intent;)I
Lcom/google/android/gms/cloudmessaging/b;,Landroid/content/BroadcastReceiver;,g,(Landroid/content/Context; Landroid/content/Intent;)I
Lcom/google/android/gms/cloudmessaging/b;,Landroid/content/BroadcastReceiver;,a,()Ljava/util/concurrent/Executor;
Lcom/google/android/gms/cloudmessaging/b;,Landroid/content/BroadcastReceiver;,b,(Landroid/content/Context; Lcom/google/android/gms/cloudmessaging/a;)I
Lcom/google/android/gms/cloudmessaging/b;,Landroid/content/BroadcastReceiver;,c,(Landroid/content/Context; Landroid/os/Bundle;)V
Lcom/google/android/gms/cloudmessaging/b;,Landroid/content/BroadcastReceiver;,d,(Landroid/content/Context; Landroid/os/Bundle;)V
Lcom/google/android/gms/cloudmessaging/b;,Landroid/content/BroadcastReceiver;,f,(Landroid/content/Intent; Landroid/content/Context; Z Landroid/content/BroadcastReceiver$PendingResult;)V
Lcom/google/android/gms/cloudmessaging/b;,Landroid/content/BroadcastReceiver;,onReceive,(Landroid/content/Context; Landroid/content/Intent;)V
Lcom/google/android/gms/common/api/internal/d1;,Landroid/content/BroadcastReceiver;,<init>,(Lcom/google/android/gms/common/api/internal/c1;)V
Lcom/google/android/gms/common/api/internal/d1;,Landroid/content/BroadcastReceiver;,a,()V
Lcom/google/android/gms/common/api/internal/d1;,Landroid/content/BroadcastReceiver;,b,(Landroid/content/Context;)V
Lcom/google/android/gms/common/api/internal/d1;,Landroid/content/BroadcastReceiver;,onReceive,(Landroid/content/Context; Landroid/content/Intent;)V
Lcom/google/android/gms/internal/firebase-auth-api/zl;,Landroid/content/BroadcastReceiver;,<init>,(Lcom/google/android/gms/internal/firebase-auth-api/bm; Ljava/lang/String;)V
Lcom/google/android/gms/internal/firebase-auth-api/zl;,Landroid/content/BroadcastReceiver;,onReceive,(Landroid/content/Context; Landroid/content/Intent;)V
Lcom/google/android/gms/measurement/internal/v3;,Landroid/content/BroadcastReceiver;,<clinit>,()V
Lcom/google/android/gms/measurement/internal/v3;,Landroid/content/BroadcastReceiver;,<init>,(Lcom/google/android/gms/measurement/internal/m9;)V
Lcom/google/android/gms/measurement/internal/v3;,Landroid/content/BroadcastReceiver;,c,(Lcom/google/android/gms/measurement/internal/v3;)Lcom/google/android/gms/measurement/internal/m9;
Lcom/google/android/gms/measurement/internal/v3;,Landroid/content/BroadcastReceiver;,a,()V
Lcom/google/android/gms/measurement/internal/v3;,Landroid/content/BroadcastReceiver;,b,()V
Lcom/google/android/gms/measurement/internal/v3;,Landroid/content/BroadcastReceiver;,onReceive,(Landroid/content/Context; Landroid/content/Intent;)V
Lcom/google/firebase/auth/internal/o;,Landroid/content/BroadcastReceiver;,<init>,(Lcom/google/firebase/auth/internal/p; Landroid/app/Activity; Lcom/google/android/gms/tasks/h;)V
Lcom/google/firebase/auth/internal/o;,Landroid/content/BroadcastReceiver;,onReceive,(Landroid/content/Context; Landroid/content/Intent;)V
Lcom/google/firebase/c$e;,Landroid/content/BroadcastReceiver;,<clinit>,()V
Lcom/google/firebase/c$e;,Landroid/content/BroadcastReceiver;,<init>,(Landroid/content/Context;)V
Lcom/google/firebase/c$e;,Landroid/content/BroadcastReceiver;,a,(Landroid/content/Context;)V
Lcom/google/firebase/c$e;,Landroid/content/BroadcastReceiver;,b,(Landroid/content/Context;)V
Lcom/google/firebase/c$e;,Landroid/content/BroadcastReceiver;,c,()V
Lcom/google/firebase/c$e;,Landroid/content/BroadcastReceiver;,onReceive,(Landroid/content/Context; Landroid/content/Intent;)V
Lcom/google/firebase/iid/y$a;,Landroid/content/BroadcastReceiver;,<init>,(Lcom/google/firebase/iid/y;)V
Lcom/google/firebase/iid/y$a;,Landroid/content/BroadcastReceiver;,a,()V
Lcom/google/firebase/iid/y$a;,Landroid/content/BroadcastReceiver;,onReceive,(Landroid/content/Context; Landroid/content/Intent;)V
Lcom/google/firebase/messaging/c0$a;,Landroid/content/BroadcastReceiver;,<init>,(Lcom/google/firebase/messaging/c0; Lcom/google/firebase/messaging/c0;)V
Lcom/google/firebase/messaging/c0$a;,Landroid/content/BroadcastReceiver;,a,()V
Lcom/google/firebase/messaging/c0$a;,Landroid/content/BroadcastReceiver;,onReceive,(Landroid/content/Context; Landroid/content/Intent;)V
Lcom/hiya/client/callerid/ui/CallEventReceiver;,Landroid/content/BroadcastReceiver;,<init>,()V
Lcom/hiya/client/callerid/ui/CallEventReceiver;,Landroid/content/BroadcastReceiver;,onReceive,(Landroid/content/Context; Landroid/content/Intent;)V
Lcom/hiya/client/callerid/ui/service/InCallActionsBroadcastReceiver;,Landroid/content/BroadcastReceiver;,<clinit>,()V
Lcom/hiya/client/callerid/ui/service/InCallActionsBroadcastReceiver;,Landroid/content/BroadcastReceiver;,<init>,()V
Lcom/hiya/client/callerid/ui/service/InCallActionsBroadcastReceiver;,Landroid/content/BroadcastReceiver;,onReceive,(Landroid/content/Context; Landroid/content/Intent;)V
Lcom/hiya/client/callerid/ui/service/OurCallScreeningService;,Landroid/telecom/CallScreeningService;,<init>,()V
Lcom/hiya/client/callerid/ui/service/OurCallScreeningService;,Landroid/telecom/CallScreeningService;,a,(Lcom/hiya/client/callerid/ui/service/OurCallScreeningService; Landroid/telecom/Call$Details; Lcom/hiya/client/callerid/ui/b0/j;)V
Lcom/hiya/client/callerid/ui/service/OurCallScreeningService;,Landroid/telecom/CallScreeningService;,b,(Lcom/hiya/client/callerid/ui/service/OurCallScreeningService;)Li/c/b0/c/a;
Lcom/hiya/client/callerid/ui/service/OurCallScreeningService;,Landroid/telecom/CallScreeningService;,c,(Lcom/hiya/client/callerid/ui/service/OurCallScreeningService; Landroid/telecom/Call$Details;)Lg/g/b/c/k;
Lcom/hiya/client/callerid/ui/service/OurCallScreeningService;,Landroid/telecom/CallScreeningService;,d,(Lcom/hiya/client/callerid/ui/service/OurCallScreeningService; Landroid/telecom/Call$Details;)J
Lcom/hiya/client/callerid/ui/service/OurCallScreeningService;,Landroid/telecom/CallScreeningService;,e,(Lcom/hiya/client/callerid/ui/service/OurCallScreeningService; Lcom/hiya/client/callerid/ui/b0/j; Lg/g/b/c/k; J)V
Lcom/hiya/client/callerid/ui/service/OurCallScreeningService;,Landroid/telecom/CallScreeningService;,f,(Lcom/hiya/client/callerid/ui/service/OurCallScreeningService; Landroid/telecom/Call$Details; Lcom/hiya/client/callerid/ui/c$a;)V
Lcom/hiya/client/callerid/ui/service/OurCallScreeningService;,Landroid/telecom/CallScreeningService;,g,(Landroid/telecom/Call$Details; Lcom/hiya/client/callerid/ui/b0/j;)V
Lcom/hiya/client/callerid/ui/service/OurCallScreeningService;,Landroid/telecom/CallScreeningService;,h,(Landroid/telecom/Call$Details;)Lg/g/b/c/k;
Lcom/hiya/client/callerid/ui/service/OurCallScreeningService;,Landroid/telecom/CallScreeningService;,j,(Landroid/telecom/Call$Details;)J
Lcom/hiya/client/callerid/ui/service/OurCallScreeningService;,Landroid/telecom/CallScreeningService;,k,(Lcom/hiya/client/callerid/ui/b0/j; Lg/g/b/c/k; J)V
Lcom/hiya/client/callerid/ui/service/OurCallScreeningService;,Landroid/telecom/CallScreeningService;,l,(Landroid/telecom/Call$Details; Lcom/hiya/client/callerid/ui/c$a;)V
Lcom/hiya/client/callerid/ui/service/OurCallScreeningService;,Landroid/telecom/CallScreeningService;,i,()Lh/a;
Lcom/hiya/client/callerid/ui/service/OurCallScreeningService;,Landroid/telecom/CallScreeningService;,onCreate,()V
Lcom/hiya/client/callerid/ui/service/OurCallScreeningService;,Landroid/telecom/CallScreeningService;,onDestroy,()V
Lcom/hiya/client/callerid/ui/service/OurCallScreeningService;,Landroid/telecom/CallScreeningService;,onScreenCall,(Landroid/telecom/Call$Details;)V
Lcom/hiya/client/callerid/ui/service/OurInCallService;,Landroid/telecom/InCallService;,<clinit>,()V
Lcom/hiya/client/callerid/ui/service/OurInCallService;,Landroid/telecom/InCallService;,<init>,()V
Lcom/hiya/client/callerid/ui/service/OurInCallService;,Landroid/telecom/InCallService;,a,()Lcom/hiya/client/callerid/ui/service/OurInCallService;
Lcom/hiya/client/callerid/ui/service/OurInCallService;,Landroid/telecom/InCallService;,b,()Lcom/hiya/client/callerid/ui/a0/g;
Lcom/hiya/client/callerid/ui/service/OurInCallService;,Landroid/telecom/InCallService;,c,()Lcom/hiya/client/callerid/ui/a0/h;
Lcom/hiya/client/callerid/ui/service/OurInCallService;,Landroid/telecom/InCallService;,onCallAdded,(Landroid/telecom/Call;)V
Lcom/hiya/client/callerid/ui/service/OurInCallService;,Landroid/telecom/InCallService;,onCallAudioStateChanged,(Landroid/telecom/CallAudioState;)V
Lcom/hiya/client/callerid/ui/service/OurInCallService;,Landroid/telecom/InCallService;,onCallRemoved,(Landroid/telecom/Call;)V
Lcom/hiya/client/callerid/ui/service/OurInCallService;,Landroid/telecom/InCallService;,onCreate,()V
Lcom/hiya/client/callerid/ui/service/OurInCallService;,Landroid/telecom/InCallService;,onDestroy,()V
Lcom/hiya/client/support/logging/HiyaConfigReceiver;,Landroid/content/BroadcastReceiver;,<init>,()V
Lcom/hiya/client/support/logging/HiyaConfigReceiver;,Landroid/content/BroadcastReceiver;,onReceive,(Landroid/content/Context; Landroid/content/Intent;)V
Lcom/hiya/stingray/notification/BlockedCallNotificationHandler;,Landroid/content/BroadcastReceiver;,<init>,()V
Lcom/hiya/stingray/notification/BlockedCallNotificationHandler;,Landroid/content/BroadcastReceiver;,a,(Landroid/content/Context;)V
Lcom/hiya/stingray/notification/BlockedCallNotificationHandler;,Landroid/content/BroadcastReceiver;,onReceive,(Landroid/content/Context; Landroid/content/Intent;)V
Lcom/hiya/stingray/notification/FirstTimeIdentifiedCallNotificationHandler;,Landroid/content/BroadcastReceiver;,<init>,()V
Lcom/hiya/stingray/notification/FirstTimeIdentifiedCallNotificationHandler;,Landroid/content/BroadcastReceiver;,a,(Landroid/content/Context;)V
Lcom/hiya/stingray/notification/FirstTimeIdentifiedCallNotificationHandler;,Landroid/content/BroadcastReceiver;,onReceive,(Landroid/content/Context; Landroid/content/Intent;)V
Lcom/hiya/stingray/notification/NotificationReceiver;,Landroid/content/BroadcastReceiver;,<clinit>,()V
Lcom/hiya/stingray/notification/NotificationReceiver;,Landroid/content/BroadcastReceiver;,<init>,()V
Lcom/hiya/stingray/notification/NotificationReceiver;,Landroid/content/BroadcastReceiver;,b,(Lcom/hiya/stingray/t/s0; Lcom/hiya/stingray/notification/p; Lcom/hiya/stingray/notification/c0/f; Lcom/hiya/stingray/ui/o; Landroid/content/Context; Z Lg/g/b/c/r;)V
Lcom/hiya/stingray/notification/NotificationReceiver;,Landroid/content/BroadcastReceiver;,a,(Landroid/content/Context;)V
Lcom/hiya/stingray/notification/NotificationReceiver;,Landroid/content/BroadcastReceiver;,onReceive,(Landroid/content/Context; Landroid/content/Intent;)V
Lcom/hiya/stingray/notification/PostCallNotificationHandler;,Landroid/content/BroadcastReceiver;,<init>,()V
Lcom/hiya/stingray/notification/PostCallNotificationHandler;,Landroid/content/BroadcastReceiver;,a,(Landroid/content/Context;)V
Lcom/hiya/stingray/notification/PostCallNotificationHandler;,Landroid/content/BroadcastReceiver;,onReceive,(Landroid/content/Context; Landroid/content/Intent;)V
Lcom/hiya/stingray/receiver/OnUpgradeReceiver;,Landroid/content/BroadcastReceiver;,<init>,()V
Lcom/hiya/stingray/receiver/OnUpgradeReceiver;,Landroid/content/BroadcastReceiver;,a,(Landroid/content/Context;)V
Lcom/hiya/stingray/receiver/OnUpgradeReceiver;,Landroid/content/BroadcastReceiver;,onReceive,(Landroid/content/Context; Landroid/content/Intent;)V
Lcom/hiya/stingray/receiver/RCSEventReceiver;,Landroid/content/BroadcastReceiver;,<init>,()V
Lcom/hiya/stingray/receiver/RCSEventReceiver;,Landroid/content/BroadcastReceiver;,a,(Landroid/content/Context;)V
Lcom/hiya/stingray/receiver/RCSEventReceiver;,Landroid/content/BroadcastReceiver;,onReceive,(Landroid/content/Context; Landroid/content/Intent;)V
Lcom/hiya/stingray/receiver/SmsEventReceiver;,Landroid/content/BroadcastReceiver;,<init>,()V
Lcom/hiya/stingray/receiver/SmsEventReceiver;,Landroid/content/BroadcastReceiver;,a,(Landroid/content/Context;)V
Lcom/hiya/stingray/receiver/SmsEventReceiver;,Landroid/content/BroadcastReceiver;,onReceive,(Landroid/content/Context; Landroid/content/Intent;)V
Lcom/hiya/stingray/ui/call_screener/CallScreenerDialogActivity$a;,Landroid/content/BroadcastReceiver;,<init>,(Lcom/hiya/stingray/ui/call_screener/CallScreenerDialogActivity;)V
Lcom/hiya/stingray/ui/call_screener/CallScreenerDialogActivity$a;,Landroid/content/BroadcastReceiver;,onReceive,(Landroid/content/Context; Landroid/content/Intent;)V
Lf/o/a/a;,Landroid/content/BroadcastReceiver;,<clinit>,()V
Lf/o/a/a;,Landroid/content/BroadcastReceiver;,<init>,()V
Lf/o/a/a;,Landroid/content/BroadcastReceiver;,b,(Landroid/content/Intent;)Z
Lf/o/a/a;,Landroid/content/BroadcastReceiver;,c,(Landroid/content/Context; Landroid/content/Intent;)Landroid/content/ComponentName;
Landroidx/work/impl/background/systemalarm/ConstraintProxy$BatteryChargingProxy;,Landroidx/work/impl/background/systemalarm/ConstraintProxy;Landroid/content/BroadcastReceiver;,<init>,()V
Landroidx/work/impl/background/systemalarm/ConstraintProxy$BatteryNotLowProxy;,Landroidx/work/impl/background/systemalarm/ConstraintProxy;Landroid/content/BroadcastReceiver;,<init>,()V
Landroidx/work/impl/background/systemalarm/ConstraintProxy$NetworkStateProxy;,Landroidx/work/impl/background/systemalarm/ConstraintProxy;Landroid/content/BroadcastReceiver;,<init>,()V
Landroidx/work/impl/background/systemalarm/ConstraintProxy$StorageNotLowProxy;,Landroidx/work/impl/background/systemalarm/ConstraintProxy;Landroid/content/BroadcastReceiver;,<init>,()V
Lcom/google/android/gms/measurement/AppMeasurementReceiver;,Lf/o/a/a;Landroid/content/BroadcastReceiver;,<init>,()V
Lcom/google/android/gms/measurement/AppMeasurementReceiver;,Lf/o/a/a;Landroid/content/BroadcastReceiver;,a,(Landroid/content/Context; Landroid/content/Intent;)V
Lcom/google/android/gms/measurement/AppMeasurementReceiver;,Lf/o/a/a;Landroid/content/BroadcastReceiver;,onReceive,(Landroid/content/Context; Landroid/content/Intent;)V
Lcom/google/firebase/iid/FirebaseInstanceIdReceiver;,Lcom/google/android/gms/cloudmessaging/b;Landroid/content/BroadcastReceiver;,<init>,()V
Lcom/google/firebase/iid/FirebaseInstanceIdReceiver;,Lcom/google/android/gms/cloudmessaging/b;Landroid/content/BroadcastReceiver;,h,(Landroid/content/Context; Ljava/lang/String; Landroid/os/Bundle;)Landroid/content/Intent;
Lcom/google/firebase/iid/FirebaseInstanceIdReceiver;,Lcom/google/android/gms/cloudmessaging/b;Landroid/content/BroadcastReceiver;,b,(Landroid/content/Context; Lcom/google/android/gms/cloudmessaging/a;)I
Lcom/google/firebase/iid/FirebaseInstanceIdReceiver;,Lcom/google/android/gms/cloudmessaging/b;Landroid/content/BroadcastReceiver;,c,(Landroid/content/Context; Landroid/os/Bundle;)V
Lcom/google/firebase/iid/FirebaseInstanceIdReceiver;,Lcom/google/android/gms/cloudmessaging/b;Landroid/content/BroadcastReceiver;,d,(Landroid/content/Context; Landroid/os/Bundle;)V
Lcom/hiya/client/callerid/ui/a0/c;,Landroid/telecom/Call$Callback;,<clinit>,()V
Lcom/hiya/client/callerid/ui/a0/c;,Landroid/telecom/Call$Callback;,<init>,(Landroid/content/Context; Lg/g/b/a/b; Lcom/hiya/client/callerid/ui/a0/k; Lcom/hiya/client/callerid/ui/x/a; Lcom/hiya/client/callerid/ui/a0/d; Lh/a; Lh/a;)V
Lcom/hiya/client/callerid/ui/a0/c;,Landroid/telecom/Call$Callback;,A,()Lcom/hiya/client/callerid/ui/a0/c$b;
Lcom/hiya/client/callerid/ui/a0/c;,Landroid/telecom/Call$Callback;,D,()V
Lcom/hiya/client/callerid/ui/a0/c;,Landroid/telecom/Call$Callback;,L,(Lcom/hiya/client/callerid/ui/a0/c$b; Z)Z
Lcom/hiya/client/callerid/ui/a0/c;,Landroid/telecom/Call$Callback;,N,(Z)V
Lcom/hiya/client/callerid/ui/a0/c;,Landroid/telecom/Call$Callback;,O,(Lcom/hiya/client/callerid/ui/a0/c$b;)V
Lcom/hiya/client/callerid/ui/a0/c;,Landroid/telecom/Call$Callback;,P,(Lcom/hiya/client/callerid/ui/a0/c$b;)V
Lcom/hiya/client/callerid/ui/a0/c;,Landroid/telecom/Call$Callback;,Q,()V
Lcom/hiya/client/callerid/ui/a0/c;,Landroid/telecom/Call$Callback;,U,(Lcom/hiya/client/callerid/ui/a0/c$b; Lcom/hiya/client/callerid/ui/b0/e;)V
Lcom/hiya/client/callerid/ui/a0/c;,Landroid/telecom/Call$Callback;,V,()V
Lcom/hiya/client/callerid/ui/a0/c;,Landroid/telecom/Call$Callback;,c,(Lcom/hiya/client/callerid/ui/a0/c;)Lcom/hiya/client/callerid/ui/a0/d;
Lcom/hiya/client/callerid/ui/a0/c;,Landroid/telecom/Call$Callback;,d,(Lcom/hiya/client/callerid/ui/a0/c;)Lcom/hiya/client/callerid/ui/a0/k;
Lcom/hiya/client/callerid/ui/a0/c;,Landroid/telecom/Call$Callback;,e,(Lcom/hiya/client/callerid/ui/a0/c;)Lcom/hiya/client/callerid/ui/x/a;
Lcom/hiya/client/callerid/ui/a0/c;,Landroid/telecom/Call$Callback;,f,(Lcom/hiya/client/callerid/ui/a0/c; Lcom/hiya/client/callerid/ui/a0/c$b; Z)Z
Lcom/hiya/client/callerid/ui/a0/c;,Landroid/telecom/Call$Callback;,g,(Lcom/hiya/client/callerid/ui/a0/c; Lcom/hiya/client/callerid/ui/a0/c$b; Lcom/hiya/client/callerid/ui/b0/e;)V
Lcom/hiya/client/callerid/ui/a0/c;,Landroid/telecom/Call$Callback;,h,(Landroid/telecom/Call;)Lcom/hiya/client/callerid/ui/a0/c$b;
Lcom/hiya/client/callerid/ui/a0/c;,Landroid/telecom/Call$Callback;,u,()Ljava/util/HashMap;
Lcom/hiya/client/callerid/ui/a0/c;,Landroid/telecom/Call$Callback;,w,()Ljava/util/HashMap;
Lcom/hiya/client/callerid/ui/a0/c;,Landroid/telecom/Call$Callback;,x,()Lcom/hiya/client/callerid/ui/a0/g;
Lcom/hiya/client/callerid/ui/a0/c;,Landroid/telecom/Call$Callback;,y,()Lcom/hiya/client/callerid/ui/a0/h;
Lcom/hiya/client/callerid/ui/a0/c;,Landroid/telecom/Call$Callback;,B,(Lcom/hiya/client/callerid/ui/a0/c$b;)V
Lcom/hiya/client/callerid/ui/a0/c;,Landroid/telecom/Call$Callback;,C,()V
Lcom/hiya/client/callerid/ui/a0/c;,Landroid/telecom/Call$Callback;,E,()Z
Lcom/hiya/client/callerid/ui/a0/c;,Landroid/telecom/Call$Callback;,F,(Z)V
Lcom/hiya/client/callerid/ui/a0/c;,Landroid/telecom/Call$Callback;,G,()V
Lcom/hiya/client/callerid/ui/a0/c;,Landroid/telecom/Call$Callback;,H,()V
Lcom/hiya/client/callerid/ui/a0/c;,Landroid/telecom/Call$Callback;,I,(Landroid/telecom/Call;)V
Lcom/hiya/client/callerid/ui/a0/c;,Landroid/telecom/Call$Callback;,J,(Landroid/telecom/CallAudioState;)V
Lcom/hiya/client/callerid/ui/a0/c;,Landroid/telecom/Call$Callback;,K,(Lcom/hiya/client/callerid/ui/a0/c$b;)V
Lcom/hiya/client/callerid/ui/a0/c;,Landroid/telecom/Call$Callback;,M,(Lcom/hiya/client/callerid/ui/a0/c$a;)V
Lcom/hiya/client/callerid/ui/a0/c;,Landroid/telecom/Call$Callback;,R,(Lcom/hiya/client/callerid/ui/a0/c$b;)V
Lcom/hiya/client/callerid/ui/a0/c;,Landroid/telecom/Call$Callback;,S,(Lcom/hiya/client/callerid/ui/a0/c$b; C)V
Lcom/hiya/client/callerid/ui/a0/c;,Landroid/telecom/Call$Callback;,T,(Lcom/hiya/client/callerid/ui/a0/c$b;)V
Lcom/hiya/client/callerid/ui/a0/c;,Landroid/telecom/Call$Callback;,a,()V
Lcom/hiya/client/callerid/ui/a0/c;,Landroid/telecom/Call$Callback;,b,(Lcom/hiya/client/callerid/ui/a0/c$b;)V
Lcom/hiya/client/callerid/ui/a0/c;,Landroid/telecom/Call$Callback;,i,(Lcom/hiya/client/callerid/ui/a0/c$b; Lcom/hiya/client/callerid/ui/b0/e;)V
Lcom/hiya/client/callerid/ui/a0/c;,Landroid/telecom/Call$Callback;,j,(Lcom/hiya/client/callerid/ui/a0/c$b;)V
Lcom/hiya/client/callerid/ui/a0/c;,Landroid/telecom/Call$Callback;,k,(Landroid/telecom/Call;)Lcom/hiya/client/callerid/ui/a0/c$b;
Lcom/hiya/client/callerid/ui/a0/c;,Landroid/telecom/Call$Callback;,l,()Lcom/hiya/client/callerid/ui/a0/c$b;
Lcom/hiya/client/callerid/ui/a0/c;,Landroid/telecom/Call$Callback;,m,()Ljava/util/List;
Lcom/hiya/client/callerid/ui/a0/c;,Landroid/telecom/Call$Callback;,n,()Li/c/b0/k/b;
Lcom/hiya/client/callerid/ui/a0/c;,Landroid/telecom/Call$Callback;,o,(Ljava/lang/String;)Lcom/hiya/client/callerid/ui/a0/c$b;
Lcom/hiya/client/callerid/ui/a0/c;,Landroid/telecom/Call$Callback;,onCallDestroyed,(Landroid/telecom/Call;)V
Lcom/hiya/client/callerid/ui/a0/c;,Landroid/telecom/Call$Callback;,onDetailsChanged,(Landroid/telecom/Call; Landroid/telecom/Call$Details;)V
Lcom/hiya/client/callerid/ui/a0/c;,Landroid/telecom/Call$Callback;,onStateChanged,(Landroid/telecom/Call; I)V
Lcom/hiya/client/callerid/ui/a0/c;,Landroid/telecom/Call$Callback;,p,()Li/c/b0/k/b;
Lcom/hiya/client/callerid/ui/a0/c;,Landroid/telecom/Call$Callback;,q,()Li/c/b0/k/b;
Lcom/hiya/client/callerid/ui/a0/c;,Landroid/telecom/Call$Callback;,r,()Li/c/b0/k/b;
Lcom/hiya/client/callerid/ui/a0/c;,Landroid/telecom/Call$Callback;,s,()Ljava/util/List;
Lcom/hiya/client/callerid/ui/a0/c;,Landroid/telecom/Call$Callback;,t,()Li/c/b0/k/b;
Lcom/hiya/client/callerid/ui/a0/c;,Landroid/telecom/Call$Callback;,v,(Ljava/lang/String;)Lcom/hiya/client/callerid/ui/a0/c$b;
Lcom/hiya/client/callerid/ui/a0/c;,Landroid/telecom/Call$Callback;,z,()Z
Lcom/squareup/picasso/i$d;,Landroid/content/BroadcastReceiver;,<init>,(Lcom/squareup/picasso/i;)V
Lcom/squareup/picasso/i$d;,Landroid/content/BroadcastReceiver;,a,()V
Lcom/squareup/picasso/i$d;,Landroid/content/BroadcastReceiver;,b,()V
Lcom/squareup/picasso/i$d;,Landroid/content/BroadcastReceiver;,onReceive,(Landroid/content/Context; Landroid/content/Intent;)V
Lzendesk/core/ZendeskNetworkInfoProvider$NetworkAvailabilityBroadcastReceiver;,Landroid/content/BroadcastReceiver;,<init>,(Lzendesk/core/ZendeskNetworkInfoProvider;)V
Lzendesk/core/ZendeskNetworkInfoProvider$NetworkAvailabilityBroadcastReceiver;,Landroid/content/BroadcastReceiver;,onReceive,(Landroid/content/Context; Landroid/content/Intent;)V
Lzendesk/support/DeepLinkingBroadcastReceiver;,Landroid/content/BroadcastReceiver;,<init>,()V
Lzendesk/support/DeepLinkingBroadcastReceiver;,Landroid/content/BroadcastReceiver;,onReceive,(Landroid/content/Context; Landroid/content/Intent;)V
Landroid/telecom/TelecomManager;,,endCall,()Z
Landroid/telecom/TelecomManager;,,getDefaultDialerPackage,()Ljava/lang/String;
Landroid/telephony/TelephonyManager;,,getSimOperatorName,()Ljava/lang/String;
Landroid/telephony/TelephonyManager;,,getNetworkOperatorName,()Ljava/lang/String;
Landroid/telephony/TelephonyManager;,,getPhoneType,()I
Landroid/telephony/TelephonyManager;,,getSimCountryIso,()Ljava/lang/String;
Landroid/telephony/TelephonyManager;,,getNetworkCountryIso,()Ljava/lang/String;
Landroid/telephony/TelephonyManager;,,getVoiceMailNumber,()Ljava/lang/String;
Landroid/telephony/TelephonyManager;,,getDataNetworkType,()I
Landroid/telephony/TelephonyManager;,,getNetworkOperator,()Ljava/lang/String;
Landroid/telephony/TelephonyManager;,,getSimOperator,()Ljava/lang/String;
Landroid/telephony/TelephonyManager;,,getLine1Number,()Ljava/lang/String;
Landroid/telecom/Call;,,getDetails,()Landroid/telecom/Call$Details;
Landroid/telecom/Call;,,playDtmfTone,(C)V
Landroid/telecom/Call;,,stopDtmfTone,()V
Landroid/telecom/Call;,,unhold,()V
Landroid/telecom/Call;,,answer,(I)V
Landroid/telecom/Call;,,reject,(Z Ljava/lang/String;)V
Landroid/telecom/Call;,,getState,()I
Landroid/telecom/Call;,,disconnect,()V
Landroid/telecom/Call;,,registerCallback,(Landroid/telecom/Call$Callback;)V
Landroid/telecom/Call$Details;,,getHandle,()Landroid/net/Uri;
Landroid/telecom/Call$Details;,,getCallCapabilities,()I
Landroid/telecom/Call$Details;,,getCallerNumberVerificationStatus,()I
Landroid/telecom/Call$Details;,,getHandlePresentation,()I
Landroid/telecom/Call$Details;,,getCallDirection,()I
Landroid/telecom/Call$Details;,,getCreationTimeMillis,()J
Landroid/telecom/Call$Details;,,getDisconnectCause,()Landroid/telecom/DisconnectCause;
Landroid/telephony/PhoneNumberUtils;,,normalizeNumber,(Ljava/lang/String;)Ljava/lang/String;
Landroid/telecom/CallScreeningService;,,<init>,()V
Landroid/telecom/CallScreeningService;,,respondToCall,(Landroid/telecom/Call$Details; Landroid/telecom/CallScreeningService$CallResponse;)V
Landroid/telecom/CallScreeningService;,,onCreate,()V
Landroid/telecom/CallScreeningService;,,getApplicationContext,()Landroid/content/Context;
Landroid/telecom/CallScreeningService;,,onDestroy,()V
Landroid/telecom/CallScreeningService$CallResponse$Builder;,,<init>,()V
Landroid/telecom/CallScreeningService$CallResponse$Builder;,,setDisallowCall,(Z)Landroid/telecom/CallScreeningService$CallResponse$Builder;
Landroid/telecom/CallScreeningService$CallResponse$Builder;,,build,()Landroid/telecom/CallScreeningService$CallResponse;
Landroid/telecom/CallScreeningService$CallResponse$Builder;,,setRejectCall,(Z)Landroid/telecom/CallScreeningService$CallResponse$Builder;
Landroid/telecom/CallScreeningService$CallResponse$Builder;,,setSkipCallLog,(Z)Landroid/telecom/CallScreeningService$CallResponse$Builder;
Landroid/telecom/CallScreeningService$CallResponse$Builder;,,setSkipNotification,(Z)Landroid/telecom/CallScreeningService$CallResponse$Builder;
Landroid/telecom/CallScreeningService$CallResponse$Builder;,,setSilenceCall,(Z)Landroid/telecom/CallScreeningService$CallResponse$Builder;
Landroid/telecom/InCallService;,,<init>,()V
Landroid/telecom/InCallService;,,onCallAdded,(Landroid/telecom/Call;)V
Landroid/telecom/InCallService;,,onCallAudioStateChanged,(Landroid/telecom/CallAudioState;)V
Landroid/telecom/InCallService;,,onCallRemoved,(Landroid/telecom/Call;)V
Landroid/telecom/InCallService;,,onCreate,()V
Landroid/telecom/InCallService;,,getApplicationContext,()Landroid/content/Context;
Landroid/telecom/InCallService;,,onDestroy,()V
Landroid/telecom/InCallService;,,getCallAudioState,()Landroid/telecom/CallAudioState;
Landroid/telecom/InCallService;,,setMuted,(Z)V
Landroid/telecom/InCallService;,,setAudioRoute,(I)V
Landroid/telecom/InCallService;,,requestBluetoothAudio,(Landroid/bluetooth/BluetoothDevice;)V
Landroid/telephony/SmsMessage;,,getOriginatingAddress,()Ljava/lang/String;
Landroid/telephony/SmsMessage;,,getDisplayMessageBody,()Ljava/lang/String;
Landroid/telecom/Call$Callback;,,<init>,()V
Landroid/telecom/Call$Callback;,,onCallDestroyed,(Landroid/telecom/Call;)V
Landroid/telecom/Call$Callback;,,onDetailsChanged,(Landroid/telecom/Call; Landroid/telecom/Call$Details;)V
Landroid/telecom/Call$Callback;,,onStateChanged,(Landroid/telecom/Call; I)V
Landroid/telecom/CallAudioState;,,isMuted,()Z
Landroid/telecom/CallAudioState;,,getSupportedRouteMask,()I
Landroid/telecom/CallAudioState;,,getRoute,()I
Landroid/telecom/CallAudioState;,,getSupportedBluetoothDevices,()Ljava/util/Collection;
Landroid/telecom/CallAudioState;,,getActiveBluetoothDevice,()Landroid/bluetooth/BluetoothDevice;
Landroid/telecom/DisconnectCause;,,getReason,()Ljava/lang/String;
Landroid/telephony/SmsManager;,,getDefault,()Landroid/telephony/SmsManager;
Landroid/telephony/SmsManager;,,sendTextMessage,(Ljava/lang/String; Ljava/lang/String; Ljava/lang/String; Landroid/app/PendingIntent; Landroid/app/PendingIntent;)V
