Landroidx/appcompat/app/AppCompatDelegateImpl$p$a;,Landroid/content/BroadcastReceiver;,<init>,(Landroidx/appcompat/app/AppCompatDelegateImpl$p;)V
Landroidx/appcompat/app/AppCompatDelegateImpl$p$a;,Landroid/content/BroadcastReceiver;,onReceive,(Landroid/content/Context; Landroid/content/Intent;)V
Landroidx/legacy/content/WakefulBroadcastReceiver;,Landroid/content/BroadcastReceiver;,<clinit>,()V
Landroidx/legacy/content/WakefulBroadcastReceiver;,Landroid/content/BroadcastReceiver;,<init>,()V
Landroidx/legacy/content/WakefulBroadcastReceiver;,Landroid/content/BroadcastReceiver;,b,(Landroid/content/Intent;)Z
Landroidx/legacy/content/WakefulBroadcastReceiver;,Landroid/content/BroadcastReceiver;,c,(Landroid/content/Context; Landroid/content/Intent;)Landroid/content/ComponentName;
Landroidx/media/session/MediaButtonReceiver;,Landroid/content/BroadcastReceiver;,<init>,()V
Landroidx/media/session/MediaButtonReceiver;,Landroid/content/BroadcastReceiver;,a,(Landroid/content/Context; Ljava/lang/String;)Landroid/content/ComponentName;
Landroidx/media/session/MediaButtonReceiver;,Landroid/content/BroadcastReceiver;,b,(Landroid/content/Context; Landroid/content/Intent;)V
Landroidx/media/session/MediaButtonReceiver;,Landroid/content/BroadcastReceiver;,onReceive,(Landroid/content/Context; Landroid/content/Intent;)V
Landroidx/work/impl/background/systemalarm/ConstraintProxy;,Landroid/content/BroadcastReceiver;,<clinit>,()V
Landroidx/work/impl/background/systemalarm/ConstraintProxy;,Landroid/content/BroadcastReceiver;,<init>,()V
Landroidx/work/impl/background/systemalarm/ConstraintProxy;,Landroid/content/BroadcastReceiver;,a,(Landroid/content/Context; Ljava/util/List;)V
Landroidx/work/impl/background/systemalarm/ConstraintProxy;,Landroid/content/BroadcastReceiver;,onReceive,(Landroid/content/Context; Landroid/content/Intent;)V
Landroidx/work/impl/background/systemalarm/ConstraintProxyUpdateReceiver;,Landroid/content/BroadcastReceiver;,<clinit>,()V
Landroidx/work/impl/background/systemalarm/ConstraintProxyUpdateReceiver;,Landroid/content/BroadcastReceiver;,<init>,()V
Landroidx/work/impl/background/systemalarm/ConstraintProxyUpdateReceiver;,Landroid/content/BroadcastReceiver;,a,(Landroid/content/Context; Z Z Z Z)Landroid/content/Intent;
Landroidx/work/impl/background/systemalarm/ConstraintProxyUpdateReceiver;,Landroid/content/BroadcastReceiver;,onReceive,(Landroid/content/Context; Landroid/content/Intent;)V
Landroidx/work/impl/background/systemalarm/RescheduleReceiver;,Landroid/content/BroadcastReceiver;,<clinit>,()V
Landroidx/work/impl/background/systemalarm/RescheduleReceiver;,Landroid/content/BroadcastReceiver;,<init>,()V
Landroidx/work/impl/background/systemalarm/RescheduleReceiver;,Landroid/content/BroadcastReceiver;,onReceive,(Landroid/content/Context; Landroid/content/Intent;)V
Landroidx/work/impl/diagnostics/DiagnosticsReceiver;,Landroid/content/BroadcastReceiver;,<clinit>,()V
Landroidx/work/impl/diagnostics/DiagnosticsReceiver;,Landroid/content/BroadcastReceiver;,<init>,()V
Landroidx/work/impl/diagnostics/DiagnosticsReceiver;,Landroid/content/BroadcastReceiver;,onReceive,(Landroid/content/Context; Landroid/content/Intent;)V
Landroidx/work/impl/m/f/c$a;,Landroid/content/BroadcastReceiver;,<init>,(Landroidx/work/impl/m/f/c;)V
Landroidx/work/impl/m/f/c$a;,Landroid/content/BroadcastReceiver;,onReceive,(Landroid/content/Context; Landroid/content/Intent;)V
Landroidx/work/impl/m/f/e$a;,Landroid/content/BroadcastReceiver;,<init>,(Landroidx/work/impl/m/f/e;)V
Landroidx/work/impl/m/f/e$a;,Landroid/content/BroadcastReceiver;,onReceive,(Landroid/content/Context; Landroid/content/Intent;)V
Landroidx/work/impl/utils/ForceStopRunnable$BroadcastReceiver;,Landroid/content/BroadcastReceiver;,<clinit>,()V
Landroidx/work/impl/utils/ForceStopRunnable$BroadcastReceiver;,Landroid/content/BroadcastReceiver;,<init>,()V
Landroidx/work/impl/utils/ForceStopRunnable$BroadcastReceiver;,Landroid/content/BroadcastReceiver;,onReceive,(Landroid/content/Context; Landroid/content/Intent;)V
Lcn/jzvd/JzvdStd$a;,Landroid/content/BroadcastReceiver;,<init>,(Lcn/jzvd/JzvdStd;)V
Lcn/jzvd/JzvdStd$a;,Landroid/content/BroadcastReceiver;,onReceive,(Landroid/content/Context; Landroid/content/Intent;)V
Lcom/allinone/callerid/callscreen/activitys/CallScreenPdtActivity$w;,Landroid/content/BroadcastReceiver;,<init>,(Lcom/allinone/callerid/callscreen/activitys/CallScreenPdtActivity;)V
Lcom/allinone/callerid/callscreen/activitys/CallScreenPdtActivity$w;,Landroid/content/BroadcastReceiver;,<init>,(Lcom/allinone/callerid/callscreen/activitys/CallScreenPdtActivity; Lcom/allinone/callerid/callscreen/activitys/CallScreenPdtActivity$i;)V
Lcom/allinone/callerid/callscreen/activitys/CallScreenPdtActivity$w;,Landroid/content/BroadcastReceiver;,onReceive,(Landroid/content/Context; Landroid/content/Intent;)V
Lcom/allinone/callerid/callscreen/activitys/ManageDiyActivity$f;,Landroid/content/BroadcastReceiver;,<init>,(Lcom/allinone/callerid/callscreen/activitys/ManageDiyActivity;)V
Lcom/allinone/callerid/callscreen/activitys/ManageDiyActivity$f;,Landroid/content/BroadcastReceiver;,<init>,(Lcom/allinone/callerid/callscreen/activitys/ManageDiyActivity; Lcom/allinone/callerid/callscreen/activitys/ManageDiyActivity$a;)V
Lcom/allinone/callerid/callscreen/activitys/ManageDiyActivity$f;,Landroid/content/BroadcastReceiver;,onReceive,(Landroid/content/Context; Landroid/content/Intent;)V
Lcom/allinone/callerid/callscreen/activitys/acceptcall/AcceptCallActivity$b;,Landroid/content/BroadcastReceiver;,<init>,(Lcom/allinone/callerid/callscreen/activitys/acceptcall/AcceptCallActivity;)V
Lcom/allinone/callerid/callscreen/activitys/acceptcall/AcceptCallActivity$b;,Landroid/content/BroadcastReceiver;,<init>,(Lcom/allinone/callerid/callscreen/activitys/acceptcall/AcceptCallActivity; Lcom/allinone/callerid/callscreen/activitys/acceptcall/AcceptCallActivity$a;)V
Lcom/allinone/callerid/callscreen/activitys/acceptcall/AcceptCallActivity$b;,Landroid/content/BroadcastReceiver;,onReceive,(Landroid/content/Context; Landroid/content/Intent;)V
Lcom/allinone/callerid/customview/EZKeyboardView$a;,Landroid/telephony/PhoneNumberFormattingTextWatcher;,<init>,(Lcom/allinone/callerid/customview/EZKeyboardView; Ljava/lang/String;)V
Lcom/allinone/callerid/customview/EZKeyboardView$a;,Landroid/telephony/PhoneNumberFormattingTextWatcher;,onTextChanged,(Ljava/lang/CharSequence; I I I)V
Lcom/allinone/callerid/d/d/a$k;,Landroid/content/BroadcastReceiver;,<init>,(Lcom/allinone/callerid/d/d/a;)V
Lcom/allinone/callerid/d/d/a$k;,Landroid/content/BroadcastReceiver;,<init>,(Lcom/allinone/callerid/d/d/a; Lcom/allinone/callerid/d/d/a$a;)V
Lcom/allinone/callerid/d/d/a$k;,Landroid/content/BroadcastReceiver;,onReceive,(Landroid/content/Context; Landroid/content/Intent;)V
Lcom/allinone/callerid/d/d/b$k;,Landroid/content/BroadcastReceiver;,<init>,(Lcom/allinone/callerid/d/d/b;)V
Lcom/allinone/callerid/d/d/b$k;,Landroid/content/BroadcastReceiver;,<init>,(Lcom/allinone/callerid/d/d/b; Lcom/allinone/callerid/d/d/b$a;)V
Lcom/allinone/callerid/d/d/b$k;,Landroid/content/BroadcastReceiver;,onReceive,(Landroid/content/Context; Landroid/content/Intent;)V
Lcom/allinone/callerid/g/a$e;,Landroid/content/BroadcastReceiver;,<init>,(Lcom/allinone/callerid/g/a;)V
Lcom/allinone/callerid/g/a$e;,Landroid/content/BroadcastReceiver;,onReceive,(Landroid/content/Context; Landroid/content/Intent;)V
Lcom/allinone/callerid/g/c$m;,Landroid/content/BroadcastReceiver;,<init>,(Lcom/allinone/callerid/g/c;)V
Lcom/allinone/callerid/g/c$m;,Landroid/content/BroadcastReceiver;,<init>,(Lcom/allinone/callerid/g/c; Lcom/allinone/callerid/g/c$c;)V
Lcom/allinone/callerid/g/c$m;,Landroid/content/BroadcastReceiver;,onReceive,(Landroid/content/Context; Landroid/content/Intent;)V
Lcom/allinone/callerid/g/e$u;,Landroid/content/BroadcastReceiver;,<init>,(Lcom/allinone/callerid/g/e;)V
Lcom/allinone/callerid/g/e$u;,Landroid/content/BroadcastReceiver;,<init>,(Lcom/allinone/callerid/g/e; Lcom/allinone/callerid/g/e$k;)V
Lcom/allinone/callerid/g/e$u;,Landroid/content/BroadcastReceiver;,onReceive,(Landroid/content/Context; Landroid/content/Intent;)V
Lcom/allinone/callerid/mvc/controller/MainActivity$j0;,Landroid/content/BroadcastReceiver;,<init>,(Lcom/allinone/callerid/mvc/controller/MainActivity;)V
Lcom/allinone/callerid/mvc/controller/MainActivity$j0;,Landroid/content/BroadcastReceiver;,onReceive,(Landroid/content/Context; Landroid/content/Intent;)V
Lcom/allinone/callerid/mvc/controller/contactpdt/UnknownContactActivity$o0;,Landroid/content/BroadcastReceiver;,<init>,(Lcom/allinone/callerid/mvc/controller/contactpdt/UnknownContactActivity;)V
Lcom/allinone/callerid/mvc/controller/contactpdt/UnknownContactActivity$o0;,Landroid/content/BroadcastReceiver;,onReceive,(Landroid/content/Context; Landroid/content/Intent;)V
Lcom/allinone/callerid/mvc/controller/contactslist/ContactsListActivity$n;,Landroid/content/BroadcastReceiver;,<init>,(Lcom/allinone/callerid/mvc/controller/contactslist/ContactsListActivity;)V
Lcom/allinone/callerid/mvc/controller/contactslist/ContactsListActivity$n;,Landroid/content/BroadcastReceiver;,<init>,(Lcom/allinone/callerid/mvc/controller/contactslist/ContactsListActivity; Lcom/allinone/callerid/mvc/controller/contactslist/ContactsListActivity$a;)V
Lcom/allinone/callerid/mvc/controller/contactslist/ContactsListActivity$n;,Landroid/content/BroadcastReceiver;,onReceive,(Landroid/content/Context; Landroid/content/Intent;)V
Lcom/allinone/callerid/mvc/controller/recorder/RecordListActivity$UpdateViewReceiver;,Landroid/content/BroadcastReceiver;,<init>,(Lcom/allinone/callerid/mvc/controller/recorder/RecordListActivity;)V
Lcom/allinone/callerid/mvc/controller/recorder/RecordListActivity$UpdateViewReceiver;,Landroid/content/BroadcastReceiver;,onReceive,(Landroid/content/Context; Landroid/content/Intent;)V
Lcom/allinone/callerid/mvc/controller/recorder/StrangerRecordFragment$UpdateViewReceiver;,Landroid/content/BroadcastReceiver;,<init>,(Lcom/allinone/callerid/mvc/controller/recorder/StrangerRecordFragment;)V
Lcom/allinone/callerid/mvc/controller/recorder/StrangerRecordFragment$UpdateViewReceiver;,Landroid/content/BroadcastReceiver;,onReceive,(Landroid/content/Context; Landroid/content/Intent;)V
Lcom/allinone/callerid/mvc/controller/report/a$c;,Landroid/content/BroadcastReceiver;,<init>,(Lcom/allinone/callerid/mvc/controller/report/a;)V
Lcom/allinone/callerid/mvc/controller/report/a$c;,Landroid/content/BroadcastReceiver;,<init>,(Lcom/allinone/callerid/mvc/controller/report/a; Lcom/allinone/callerid/mvc/controller/report/a$a;)V
Lcom/allinone/callerid/mvc/controller/report/a$c;,Landroid/content/BroadcastReceiver;,onReceive,(Landroid/content/Context; Landroid/content/Intent;)V
Lcom/allinone/callerid/receiver/BootBroadcastReceiver;,Landroid/content/BroadcastReceiver;,<init>,()V
Lcom/allinone/callerid/receiver/BootBroadcastReceiver;,Landroid/content/BroadcastReceiver;,onReceive,(Landroid/content/Context; Landroid/content/Intent;)V
Lcom/allinone/callerid/receiver/DisturbNotifitcationReceiver;,Landroid/content/BroadcastReceiver;,<init>,()V
Lcom/allinone/callerid/receiver/DisturbNotifitcationReceiver;,Landroid/content/BroadcastReceiver;,onReceive,(Landroid/content/Context; Landroid/content/Intent;)V
Lcom/allinone/callerid/receiver/KeepReceiver;,Landroid/content/BroadcastReceiver;,<init>,()V
Lcom/allinone/callerid/receiver/KeepReceiver;,Landroid/content/BroadcastReceiver;,onReceive,(Landroid/content/Context; Landroid/content/Intent;)V
Lcom/allinone/callerid/receiver/LocalBroadcastReceiver;,Landroid/content/BroadcastReceiver;,<init>,()V
Lcom/allinone/callerid/receiver/LocalBroadcastReceiver;,Landroid/content/BroadcastReceiver;,<init>,(Lcom/allinone/callerid/receiver/LocalBroadcastReceiver$a;)V
Lcom/allinone/callerid/receiver/LocalBroadcastReceiver;,Landroid/content/BroadcastReceiver;,onReceive,(Landroid/content/Context; Landroid/content/Intent;)V
Lcom/allinone/callerid/receiver/MyReceiver;,Landroid/content/BroadcastReceiver;,<init>,()V
Lcom/allinone/callerid/receiver/MyReceiver;,Landroid/content/BroadcastReceiver;,onReceive,(Landroid/content/Context; Landroid/content/Intent;)V
Lcom/allinone/callerid/receiver/NetworkConnectChangedReceiver;,Landroid/content/BroadcastReceiver;,<init>,()V
Lcom/allinone/callerid/receiver/NetworkConnectChangedReceiver;,Landroid/content/BroadcastReceiver;,onReceive,(Landroid/content/Context; Landroid/content/Intent;)V
Lcom/allinone/callerid/receiver/PhoneStateReceiver;,Landroid/content/BroadcastReceiver;,<init>,()V
Lcom/allinone/callerid/receiver/PhoneStateReceiver;,Landroid/content/BroadcastReceiver;,a,(I Ljava/lang/String;)V
Lcom/allinone/callerid/receiver/PhoneStateReceiver;,Landroid/content/BroadcastReceiver;,onReceive,(Landroid/content/Context; Landroid/content/Intent;)V
Lcom/allinone/callerid/receiver/UserPresentReceiver;,Landroid/content/BroadcastReceiver;,<init>,()V
Lcom/allinone/callerid/receiver/UserPresentReceiver;,Landroid/content/BroadcastReceiver;,onReceive,(Landroid/content/Context; Landroid/content/Intent;)V
Lcom/allinone/callerid/service/NLService$a;,Landroid/content/BroadcastReceiver;,<init>,(Lcom/allinone/callerid/service/NLService;)V
Lcom/allinone/callerid/service/NLService$a;,Landroid/content/BroadcastReceiver;,onReceive,(Landroid/content/Context; Landroid/content/Intent;)V
Lcom/allinone/callerid/util/w$a;,Landroid/content/BroadcastReceiver;,<init>,(Lcom/allinone/callerid/util/w;)V
Lcom/allinone/callerid/util/w$a;,Landroid/content/BroadcastReceiver;,onReceive,(Landroid/content/Context; Landroid/content/Intent;)V
Lcom/android/billingclient/api/h0;,Landroid/content/BroadcastReceiver;,<init>,(Lcom/android/billingclient/api/i0; Lcom/android/billingclient/api/k; Lcom/android/billingclient/api/g0;)V
Lcom/android/billingclient/api/h0;,Landroid/content/BroadcastReceiver;,b,(Lcom/android/billingclient/api/h0;)Lcom/android/billingclient/api/k;
Lcom/android/billingclient/api/h0;,Landroid/content/BroadcastReceiver;,a,(Landroid/content/Context; Landroid/content/IntentFilter;)V
Lcom/android/billingclient/api/h0;,Landroid/content/BroadcastReceiver;,onReceive,(Landroid/content/Context; Landroid/content/Intent;)V
Lcom/bumptech/glide/manager/e$a;,Landroid/content/BroadcastReceiver;,<init>,(Lcom/bumptech/glide/manager/e;)V
Lcom/bumptech/glide/manager/e$a;,Landroid/content/BroadcastReceiver;,onReceive,(Landroid/content/Context; Landroid/content/Intent;)V
Lcom/google/android/datatransport/runtime/scheduling/jobscheduling/AlarmManagerSchedulerBroadcastReceiver;,Landroid/content/BroadcastReceiver;,<init>,()V
Lcom/google/android/datatransport/runtime/scheduling/jobscheduling/AlarmManagerSchedulerBroadcastReceiver;,Landroid/content/BroadcastReceiver;,a,()V
Lcom/google/android/datatransport/runtime/scheduling/jobscheduling/AlarmManagerSchedulerBroadcastReceiver;,Landroid/content/BroadcastReceiver;,onReceive,(Landroid/content/Context; Landroid/content/Intent;)V
Lcom/google/android/exoplayer2/r$a;,Landroid/content/BroadcastReceiver;,<init>,(Lcom/google/android/exoplayer2/r; Landroid/os/Handler; Lcom/google/android/exoplayer2/r$b;)V
Lcom/google/android/exoplayer2/r$a;,Landroid/content/BroadcastReceiver;,onReceive,(Landroid/content/Context; Landroid/content/Intent;)V
Lcom/google/android/exoplayer2/r$a;,Landroid/content/BroadcastReceiver;,run,()V
Lcom/google/android/exoplayer2/scheduler/b$b;,Landroid/content/BroadcastReceiver;,<init>,(Lcom/google/android/exoplayer2/scheduler/b;)V
Lcom/google/android/exoplayer2/scheduler/b$b;,Landroid/content/BroadcastReceiver;,<init>,(Lcom/google/android/exoplayer2/scheduler/b; Lcom/google/android/exoplayer2/scheduler/b$a;)V
Lcom/google/android/exoplayer2/scheduler/b$b;,Landroid/content/BroadcastReceiver;,onReceive,(Landroid/content/Context; Landroid/content/Intent;)V
Lcom/google/android/exoplayer2/upstream/n$c;,Landroid/content/BroadcastReceiver;,<init>,()V
Lcom/google/android/exoplayer2/upstream/n$c;,Landroid/content/BroadcastReceiver;,a,(Landroid/content/Context;)Lcom/google/android/exoplayer2/upstream/n$c;
Lcom/google/android/exoplayer2/upstream/n$c;,Landroid/content/BroadcastReceiver;,b,(Lcom/google/android/exoplayer2/upstream/n;)V
Lcom/google/android/exoplayer2/upstream/n$c;,Landroid/content/BroadcastReceiver;,e,()V
Lcom/google/android/exoplayer2/upstream/n$c;,Landroid/content/BroadcastReceiver;,f,(Lcom/google/android/exoplayer2/upstream/n;)V
Lcom/google/android/exoplayer2/upstream/n$c;,Landroid/content/BroadcastReceiver;,c,(Lcom/google/android/exoplayer2/upstream/n;)V
Lcom/google/android/exoplayer2/upstream/n$c;,Landroid/content/BroadcastReceiver;,d,(Lcom/google/android/exoplayer2/upstream/n;)V
Lcom/google/android/exoplayer2/upstream/n$c;,Landroid/content/BroadcastReceiver;,onReceive,(Landroid/content/Context; Landroid/content/Intent;)V
Lcom/google/android/gms/ads/internal/util/b2;,Landroid/content/BroadcastReceiver;,<init>,(Lcom/google/android/gms/ads/internal/util/c2; Lcom/google/android/gms/ads/internal/util/a2;)V
Lcom/google/android/gms/ads/internal/util/b2;,Landroid/content/BroadcastReceiver;,onReceive,(Landroid/content/Context; Landroid/content/Intent;)V
Lcom/google/android/gms/ads/internal/util/j1;,Landroid/content/BroadcastReceiver;,<init>,(Lcom/google/android/gms/ads/internal/util/k1;)V
Lcom/google/android/gms/ads/internal/util/j1;,Landroid/content/BroadcastReceiver;,onReceive,(Landroid/content/Context; Landroid/content/Intent;)V
Lcom/google/android/gms/ads/internal/util/z1;,Landroid/content/BroadcastReceiver;,<init>,(Lcom/google/android/gms/ads/internal/util/c2; Lcom/google/android/gms/ads/internal/util/a2;)V
Lcom/google/android/gms/ads/internal/util/z1;,Landroid/content/BroadcastReceiver;,onReceive,(Landroid/content/Context; Landroid/content/Intent;)V
Lcom/google/android/gms/cloudmessaging/CloudMessagingReceiver;,Landroid/content/BroadcastReceiver;,<init>,()V
Lcom/google/android/gms/cloudmessaging/CloudMessagingReceiver;,Landroid/content/BroadcastReceiver;,e,(Landroid/content/Context; Landroid/content/Intent;)I
Lcom/google/android/gms/cloudmessaging/CloudMessagingReceiver;,Landroid/content/BroadcastReceiver;,g,(Landroid/content/Context; Landroid/content/Intent;)I
Lcom/google/android/gms/cloudmessaging/CloudMessagingReceiver;,Landroid/content/BroadcastReceiver;,a,()Ljava/util/concurrent/Executor;
Lcom/google/android/gms/cloudmessaging/CloudMessagingReceiver;,Landroid/content/BroadcastReceiver;,b,(Landroid/content/Context; Lcom/google/android/gms/cloudmessaging/CloudMessage;)I
Lcom/google/android/gms/cloudmessaging/CloudMessagingReceiver;,Landroid/content/BroadcastReceiver;,c,(Landroid/content/Context; Landroid/os/Bundle;)V
Lcom/google/android/gms/cloudmessaging/CloudMessagingReceiver;,Landroid/content/BroadcastReceiver;,d,(Landroid/content/Context; Landroid/os/Bundle;)V
Lcom/google/android/gms/cloudmessaging/CloudMessagingReceiver;,Landroid/content/BroadcastReceiver;,f,(Landroid/content/Intent; Landroid/content/Context; Z Landroid/content/BroadcastReceiver$PendingResult;)V
Lcom/google/android/gms/cloudmessaging/CloudMessagingReceiver;,Landroid/content/BroadcastReceiver;,onReceive,(Landroid/content/Context; Landroid/content/Intent;)V
Lcom/google/android/gms/common/api/internal/zabr;,Landroid/content/BroadcastReceiver;,<init>,(Lcom/google/android/gms/common/api/internal/h0;)V
Lcom/google/android/gms/common/api/internal/zabr;,Landroid/content/BroadcastReceiver;,a,(Landroid/content/Context;)V
Lcom/google/android/gms/common/api/internal/zabr;,Landroid/content/BroadcastReceiver;,b,()V
Lcom/google/android/gms/common/api/internal/zabr;,Landroid/content/BroadcastReceiver;,onReceive,(Landroid/content/Context; Landroid/content/Intent;)V
Landroidx/work/impl/background/systemalarm/ConstraintProxy$BatteryChargingProxy;,Landroidx/work/impl/background/systemalarm/ConstraintProxy;Landroid/content/BroadcastReceiver;,<init>,()V
Landroidx/work/impl/background/systemalarm/ConstraintProxy$BatteryChargingProxy;,Landroidx/work/impl/background/systemalarm/ConstraintProxy;Landroid/content/BroadcastReceiver;,onReceive,(Landroid/content/Context; Landroid/content/Intent;)V
Landroidx/work/impl/background/systemalarm/ConstraintProxy$BatteryNotLowProxy;,Landroidx/work/impl/background/systemalarm/ConstraintProxy;Landroid/content/BroadcastReceiver;,<init>,()V
Landroidx/work/impl/background/systemalarm/ConstraintProxy$BatteryNotLowProxy;,Landroidx/work/impl/background/systemalarm/ConstraintProxy;Landroid/content/BroadcastReceiver;,onReceive,(Landroid/content/Context; Landroid/content/Intent;)V
Landroidx/work/impl/background/systemalarm/ConstraintProxy$NetworkStateProxy;,Landroidx/work/impl/background/systemalarm/ConstraintProxy;Landroid/content/BroadcastReceiver;,<init>,()V
Landroidx/work/impl/background/systemalarm/ConstraintProxy$NetworkStateProxy;,Landroidx/work/impl/background/systemalarm/ConstraintProxy;Landroid/content/BroadcastReceiver;,onReceive,(Landroid/content/Context; Landroid/content/Intent;)V
Landroidx/work/impl/background/systemalarm/ConstraintProxy$StorageNotLowProxy;,Landroidx/work/impl/background/systemalarm/ConstraintProxy;Landroid/content/BroadcastReceiver;,<init>,()V
Landroidx/work/impl/background/systemalarm/ConstraintProxy$StorageNotLowProxy;,Landroidx/work/impl/background/systemalarm/ConstraintProxy;Landroid/content/BroadcastReceiver;,onReceive,(Landroid/content/Context; Landroid/content/Intent;)V
Lc/c/a/c/a/a/b;,Landroid/content/BroadcastReceiver;,<init>,(Lc/c/a/c/a/a/c;)V
Lc/c/a/c/a/a/b;,Landroid/content/BroadcastReceiver;,onReceive,(Landroid/content/Context; Landroid/content/Intent;)V
Lcom/google/android/gms/internal/ads/h7;,Landroid/content/BroadcastReceiver;,<init>,(Lcom/google/android/gms/internal/ads/i7; Lcom/google/android/gms/internal/ads/f7;)V
Lcom/google/android/gms/internal/ads/h7;,Landroid/content/BroadcastReceiver;,onReceive,(Landroid/content/Context; Landroid/content/Intent;)V
Lcom/google/android/gms/internal/ads/ha;,Landroid/content/BroadcastReceiver;,<init>,(Lcom/google/android/gms/internal/ads/ja; Lcom/google/android/gms/internal/ads/ga;)V
Lcom/google/android/gms/internal/ads/ha;,Landroid/content/BroadcastReceiver;,onReceive,(Landroid/content/Context; Landroid/content/Intent;)V
Lcom/google/android/gms/internal/ads/ia;,Landroid/telephony/PhoneStateListener;,<init>,(Lcom/google/android/gms/internal/ads/ja; Lcom/google/android/gms/internal/ads/ga;)V
Lcom/google/android/gms/internal/ads/ia;,Landroid/telephony/PhoneStateListener;,onDisplayInfoChanged,(Landroid/telephony/TelephonyDisplayInfo;)V
Lcom/google/android/gms/internal/ads/ia;,Landroid/telephony/PhoneStateListener;,onServiceStateChanged,(Landroid/telephony/ServiceState;)V
Lcom/google/android/gms/internal/ads/n2;,Landroid/content/BroadcastReceiver;,<init>,(Lcom/google/android/gms/internal/ads/p2; Landroid/os/Handler; Lcom/google/android/gms/internal/ads/o2;)V
Lcom/google/android/gms/internal/ads/n2;,Landroid/content/BroadcastReceiver;,onReceive,(Landroid/content/Context; Landroid/content/Intent;)V
Lcom/google/android/gms/internal/ads/n2;,Landroid/content/BroadcastReceiver;,run,()V
Lcom/google/android/gms/internal/ads/oj;,Landroid/content/BroadcastReceiver;,<init>,(Lcom/google/android/gms/internal/ads/rj;)V
Lcom/google/android/gms/internal/ads/oj;,Landroid/content/BroadcastReceiver;,onReceive,(Landroid/content/Context; Landroid/content/Intent;)V
Lcom/google/android/gms/internal/ads/vp2;,Landroid/content/BroadcastReceiver;,<init>,(Lcom/google/android/gms/internal/ads/wp2;)V
Lcom/google/android/gms/internal/ads/vp2;,Landroid/content/BroadcastReceiver;,onReceive,(Landroid/content/Context; Landroid/content/Intent;)V
Lcom/google/android/gms/internal/ads/w0;,Landroid/content/BroadcastReceiver;,<init>,(Lcom/google/android/gms/internal/ads/x0;)V
Lcom/google/android/gms/internal/ads/w0;,Landroid/content/BroadcastReceiver;,onReceive,(Landroid/content/Context; Landroid/content/Intent;)V
Lcom/google/android/gms/internal/ads/zzabk;,Landroid/content/BroadcastReceiver;,<init>,(Landroid/content/Context;)V
Lcom/google/android/gms/internal/ads/zzabk;,Landroid/content/BroadcastReceiver;,a,()Z
Lcom/google/android/gms/internal/ads/zzabk;,Landroid/content/BroadcastReceiver;,onReceive,(Landroid/content/Context; Landroid/content/Intent;)V
Lcom/google/android/gms/measurement/internal/w3;,Landroid/content/BroadcastReceiver;,<clinit>,()V
Lcom/google/android/gms/measurement/internal/w3;,Landroid/content/BroadcastReceiver;,<init>,(Lcom/google/android/gms/measurement/internal/o9;)V
Lcom/google/android/gms/measurement/internal/w3;,Landroid/content/BroadcastReceiver;,c,(Lcom/google/android/gms/measurement/internal/w3;)Lcom/google/android/gms/measurement/internal/o9;
Lcom/google/android/gms/measurement/internal/w3;,Landroid/content/BroadcastReceiver;,a,()V
Lcom/google/android/gms/measurement/internal/w3;,Landroid/content/BroadcastReceiver;,b,()V
Lcom/google/android/gms/measurement/internal/w3;,Landroid/content/BroadcastReceiver;,onReceive,(Landroid/content/Context; Landroid/content/Intent;)V
Lcom/google/firebase/c$e;,Landroid/content/BroadcastReceiver;,<clinit>,()V
Lcom/google/firebase/c$e;,Landroid/content/BroadcastReceiver;,<init>,(Landroid/content/Context;)V
Lcom/google/firebase/c$e;,Landroid/content/BroadcastReceiver;,a,(Landroid/content/Context;)V
Lcom/google/firebase/c$e;,Landroid/content/BroadcastReceiver;,b,(Landroid/content/Context;)V
Lcom/google/firebase/c$e;,Landroid/content/BroadcastReceiver;,c,()V
Lcom/google/firebase/c$e;,Landroid/content/BroadcastReceiver;,onReceive,(Landroid/content/Context; Landroid/content/Intent;)V
Lcom/google/firebase/iid/v$a;,Landroid/content/BroadcastReceiver;,<init>,(Lcom/google/firebase/iid/v;)V
Lcom/google/firebase/iid/v$a;,Landroid/content/BroadcastReceiver;,a,()V
Lcom/google/firebase/iid/v$a;,Landroid/content/BroadcastReceiver;,onReceive,(Landroid/content/Context; Landroid/content/Intent;)V
Lcom/google/firebase/messaging/o0$a;,Landroid/content/BroadcastReceiver;,<init>,(Lcom/google/firebase/messaging/o0;)V
Lcom/google/firebase/messaging/o0$a;,Landroid/content/BroadcastReceiver;,a,()V
Lcom/google/firebase/messaging/o0$a;,Landroid/content/BroadcastReceiver;,onReceive,(Landroid/content/Context; Landroid/content/Intent;)V
Lcom/google/firebase/messaging/t0$a;,Landroid/content/BroadcastReceiver;,<init>,(Lcom/google/firebase/messaging/t0; Lcom/google/firebase/messaging/t0;)V
Lcom/google/firebase/messaging/t0$a;,Landroid/content/BroadcastReceiver;,a,()V
Lcom/google/firebase/messaging/t0$a;,Landroid/content/BroadcastReceiver;,onReceive,(Landroid/content/Context; Landroid/content/Intent;)V
Lcom/google/android/gms/measurement/AppMeasurementReceiver;,Landroidx/legacy/content/WakefulBroadcastReceiver;Landroid/content/BroadcastReceiver;,<init>,()V
Lcom/google/android/gms/measurement/AppMeasurementReceiver;,Landroidx/legacy/content/WakefulBroadcastReceiver;Landroid/content/BroadcastReceiver;,a,(Landroid/content/Context; Landroid/content/Intent;)V
Lcom/google/android/gms/measurement/AppMeasurementReceiver;,Landroidx/legacy/content/WakefulBroadcastReceiver;Landroid/content/BroadcastReceiver;,onReceive,(Landroid/content/Context; Landroid/content/Intent;)V
Lcom/google/android/gms/stats/GCoreWakefulBroadcastReceiver;,Landroidx/legacy/content/WakefulBroadcastReceiver;Landroid/content/BroadcastReceiver;,<clinit>,()V
Lcom/google/android/gms/stats/GCoreWakefulBroadcastReceiver;,Landroidx/legacy/content/WakefulBroadcastReceiver;Landroid/content/BroadcastReceiver;,<init>,()V
Lcom/google/firebase/iid/FirebaseInstanceIdReceiver;,Lcom/google/android/gms/cloudmessaging/CloudMessagingReceiver;Landroid/content/BroadcastReceiver;,<init>,()V
Lcom/google/firebase/iid/FirebaseInstanceIdReceiver;,Lcom/google/android/gms/cloudmessaging/CloudMessagingReceiver;Landroid/content/BroadcastReceiver;,h,(Landroid/content/Context; Ljava/lang/String; Landroid/os/Bundle;)Landroid/content/Intent;
Lcom/google/firebase/iid/FirebaseInstanceIdReceiver;,Lcom/google/android/gms/cloudmessaging/CloudMessagingReceiver;Landroid/content/BroadcastReceiver;,b,(Landroid/content/Context; Lcom/google/android/gms/cloudmessaging/CloudMessage;)I
Lcom/google/firebase/iid/FirebaseInstanceIdReceiver;,Lcom/google/android/gms/cloudmessaging/CloudMessagingReceiver;Landroid/content/BroadcastReceiver;,c,(Landroid/content/Context; Landroid/os/Bundle;)V
Lcom/google/firebase/iid/FirebaseInstanceIdReceiver;,Lcom/google/android/gms/cloudmessaging/CloudMessagingReceiver;Landroid/content/BroadcastReceiver;,d,(Landroid/content/Context; Landroid/os/Bundle;)V
Landroid/telephony/SubscriptionInfo;,,getNumber,()Ljava/lang/String;
Landroid/telephony/SubscriptionInfo;,,getCarrierName,()Ljava/lang/CharSequence;
Landroid/telephony/SubscriptionInfo;,,toString,()Ljava/lang/String;
Landroid/telephony/SubscriptionInfo;,,getIccId,()Ljava/lang/String;
Landroid/telephony/SubscriptionInfo;,,getSimSlotIndex,()I
Landroid/telephony/SubscriptionInfo;,,getSubscriptionId,()I
Landroid/telephony/PhoneNumberFormattingTextWatcher;,,<init>,(Ljava/lang/String;)V
Landroid/telephony/PhoneNumberFormattingTextWatcher;,,onTextChanged,(Ljava/lang/CharSequence; I I I)V
Landroid/telephony/TelephonyManager;,,getVoiceMailNumber,()Ljava/lang/String;
Landroid/telephony/TelephonyManager;,,getLine1Number,()Ljava/lang/String;
Landroid/telephony/TelephonyManager;,,getNetworkCountryIso,()Ljava/lang/String;
Landroid/telephony/TelephonyManager;,,getDeviceId,()Ljava/lang/String;
Landroid/telephony/TelephonyManager;,,getSimSerialNumber,()Ljava/lang/String;
Landroid/telephony/TelephonyManager;,,getSimState,()I
Landroid/telephony/TelephonyManager;,,getSimCountryIso,()Ljava/lang/String;
Landroid/telephony/TelephonyManager;,,getSimOperator,()Ljava/lang/String;
Landroid/telephony/TelephonyManager;,,isDataEnabled,()Z
Landroid/telephony/TelephonyManager;,,getNetworkOperator,()Ljava/lang/String;
Landroid/telephony/TelephonyManager;,,getNetworkType,()I
Landroid/telephony/TelephonyManager;,,getPhoneType,()I
Landroid/telephony/TelephonyManager;,,listen,(Landroid/telephony/PhoneStateListener; I)V
Landroid/telecom/TelecomManager;,,acceptRingingCall,()V
Landroid/telecom/TelecomManager;,,getCallCapablePhoneAccounts,()Ljava/util/List;
Landroid/telecom/TelecomManager;,,endCall,()Z
Landroid/telecom/TelecomManager;,,getDefaultDialerPackage,()Ljava/lang/String;
Landroid/telephony/SubscriptionManager;,,getActiveSubscriptionInfoList,()Ljava/util/List;
Landroid/telephony/SubscriptionManager;,,from,(Landroid/content/Context;)Landroid/telephony/SubscriptionManager;
Landroid/telephony/SubscriptionManager;,,getActiveSubscriptionInfoCount,()I
Landroid/telephony/PhoneNumberUtils;,,formatNumber,(Ljava/lang/String; Ljava/lang/String;)Ljava/lang/String;
Landroid/telephony/PhoneNumberUtils;,,formatNumber,(Ljava/lang/String;)Ljava/lang/String;
Landroid/telephony/PhoneStateListener;,,<init>,()V
Landroid/telephony/TelephonyDisplayInfo;,,getOverrideNetworkType,()I
Landroid/telephony/ServiceState;,,toString,()Ljava/lang/String;
