Lcom/kedlin/cca/core/CCAApplication$b;,Landroid/content/BroadcastReceiver;,<init>,(Lcom/kedlin/cca/core/CCAApplication;)V
Lcom/kedlin/cca/core/CCAApplication$b;,Landroid/content/BroadcastReceiver;,onReceive,(Landroid/content/Context; Landroid/content/Intent;)V
Lcom/kedlin/cca/core/CallScreeningService;,Landroid/telecom/CallScreeningService;,<init>,()V
Lcom/kedlin/cca/core/CallScreeningService;,Landroid/telecom/CallScreeningService;,onCreate,()V
Lcom/kedlin/cca/core/CallScreeningService;,Landroid/telecom/CallScreeningService;,onDestroy,()V
Lcom/kedlin/cca/core/CallScreeningService;,Landroid/telecom/CallScreeningService;,onScreenCall,(Landroid/telecom/Call$Details;)V
Lcom/kedlin/cca/core/CallScreeningService;,Landroid/telecom/CallScreeningService;,onStartCommand,(Landroid/content/Intent; I I)I
Lcom/kedlin/cca/core/CallScreeningService;,Landroid/telecom/CallScreeningService;,onTaskRemoved,(Landroid/content/Intent;)V
Lcom/kedlin/cca/core/CallService$a;,Landroid/telecom/Call$Callback;,<init>,(Lcom/kedlin/cca/core/CallService;)V
Lcom/kedlin/cca/core/CallService$a;,Landroid/telecom/Call$Callback;,onStateChanged,(Landroid/telecom/Call; I)V
Lcom/kedlin/cca/core/sync/ServerSync$SyncReceiver;,Landroid/content/BroadcastReceiver;,<init>,()V
Lcom/kedlin/cca/core/sync/ServerSync$SyncReceiver;,Landroid/content/BroadcastReceiver;,onReceive,(Landroid/content/Context; Landroid/content/Intent;)V
Lcom/kedlin/cca/receivers/ConnectivityChangeReceiver;,Landroid/content/BroadcastReceiver;,<init>,()V
Lcom/kedlin/cca/receivers/ConnectivityChangeReceiver;,Landroid/content/BroadcastReceiver;,onReceive,(Landroid/content/Context; Landroid/content/Intent;)V
Lcom/kedlin/cca/receivers/EventReceiver;,Landroid/content/BroadcastReceiver;,<clinit>,()V
Lcom/kedlin/cca/receivers/EventReceiver;,Landroid/content/BroadcastReceiver;,<init>,()V
Lcom/kedlin/cca/receivers/EventReceiver;,Landroid/content/BroadcastReceiver;,a,(Landroid/content/Intent;)Z
Lcom/kedlin/cca/receivers/EventReceiver;,Landroid/content/BroadcastReceiver;,onReceive,(Landroid/content/Context; Landroid/content/Intent;)V
Lcom/kedlin/cca/receivers/InstallReferrerReceiver;,Landroid/content/BroadcastReceiver;,<init>,()V
Lcom/kedlin/cca/receivers/InstallReferrerReceiver;,Landroid/content/BroadcastReceiver;,onReceive,(Landroid/content/Context; Landroid/content/Intent;)V
Lcom/kedlin/cca/receivers/IntentToServiceTransportReceiver;,Landroid/content/BroadcastReceiver;,<init>,()V
Lcom/kedlin/cca/receivers/IntentToServiceTransportReceiver;,Landroid/content/BroadcastReceiver;,onReceive,(Landroid/content/Context; Landroid/content/Intent;)V
Lcom/kedlin/cca/receivers/MmsReceiver;,Landroid/content/BroadcastReceiver;,<init>,()V
Lcom/kedlin/cca/receivers/MmsReceiver;,Landroid/content/BroadcastReceiver;,onReceive,(Landroid/content/Context; Landroid/content/Intent;)V
Lcom/kedlin/cca/receivers/NotificationBroadcastReceiver;,Landroid/content/BroadcastReceiver;,<init>,()V
Lcom/kedlin/cca/receivers/NotificationBroadcastReceiver;,Landroid/content/BroadcastReceiver;,a,()V
Lcom/kedlin/cca/receivers/NotificationBroadcastReceiver;,Landroid/content/BroadcastReceiver;,b,()V
Lcom/kedlin/cca/receivers/NotificationBroadcastReceiver;,Landroid/content/BroadcastReceiver;,c,()V
Lcom/kedlin/cca/receivers/NotificationBroadcastReceiver;,Landroid/content/BroadcastReceiver;,onReceive,(Landroid/content/Context; Landroid/content/Intent;)V
Lcom/kedlin/cca/receivers/ScreenLockReceiver;,Landroid/content/BroadcastReceiver;,<clinit>,()V
Lcom/kedlin/cca/receivers/ScreenLockReceiver;,Landroid/content/BroadcastReceiver;,<init>,()V
Lcom/kedlin/cca/receivers/ScreenLockReceiver;,Landroid/content/BroadcastReceiver;,a,()Landroid/app/Activity;
Lcom/kedlin/cca/receivers/ScreenLockReceiver;,Landroid/content/BroadcastReceiver;,b,(Ljava/lang/Object;)V
Lcom/kedlin/cca/receivers/ScreenLockReceiver;,Landroid/content/BroadcastReceiver;,c,(Ljava/lang/Object;)V
Lcom/kedlin/cca/receivers/ScreenLockReceiver;,Landroid/content/BroadcastReceiver;,onReceive,(Landroid/content/Context; Landroid/content/Intent;)V
Lcom/kedlin/cca/receivers/SmsReceiver;,Landroid/content/BroadcastReceiver;,<init>,()V
Lcom/kedlin/cca/receivers/SmsReceiver;,Landroid/content/BroadcastReceiver;,onReceive,(Landroid/content/Context; Landroid/content/Intent;)V
Lcom/millennialmedia/internal/AdPlacementReporter$Uploader$4;,Landroid/content/BroadcastReceiver;,<init>,()V
Lcom/millennialmedia/internal/AdPlacementReporter$Uploader$4;,Landroid/content/BroadcastReceiver;,onReceive,(Landroid/content/Context; Landroid/content/Intent;)V
Lcom/millennialmedia/internal/utils/EnvironmentUtils$2;,Landroid/telephony/PhoneStateListener;,<init>,()V
Lcom/millennialmedia/internal/utils/EnvironmentUtils$2;,Landroid/telephony/PhoneStateListener;,onSignalStrengthsChanged,(Landroid/telephony/SignalStrength;)V
Lcom/mopub/mobileads/BaseBroadcastReceiver;,Landroid/content/BroadcastReceiver;,<init>,(J)V
Lcom/mopub/mobileads/BaseBroadcastReceiver;,Landroid/content/BroadcastReceiver;,broadcastAction,(Landroid/content/Context; J Ljava/lang/String;)V
Lcom/mopub/mobileads/BaseBroadcastReceiver;,Landroid/content/BroadcastReceiver;,getIntentFilter,()Landroid/content/IntentFilter;
Lcom/mopub/mobileads/BaseBroadcastReceiver;,Landroid/content/BroadcastReceiver;,register,(Landroid/content/BroadcastReceiver; Landroid/content/Context;)V
Lcom/mopub/mobileads/BaseBroadcastReceiver;,Landroid/content/BroadcastReceiver;,shouldConsumeBroadcast,(Landroid/content/Intent;)Z
Lcom/mopub/mobileads/BaseBroadcastReceiver;,Landroid/content/BroadcastReceiver;,unregister,(Landroid/content/BroadcastReceiver;)V
Lcom/mopub/mobileads/MoPubView$a;,Landroid/content/BroadcastReceiver;,<init>,(Lcom/mopub/mobileads/MoPubView;)V
Lcom/mopub/mobileads/MoPubView$a;,Landroid/content/BroadcastReceiver;,onReceive,(Landroid/content/Context; Landroid/content/Intent;)V
Lcom/mopub/mraid/MraidController$h;,Landroid/content/BroadcastReceiver;,<init>,(Lcom/mopub/mraid/MraidController;)V
Lcom/mopub/mraid/MraidController$h;,Landroid/content/BroadcastReceiver;,onReceive,(Landroid/content/Context; Landroid/content/Intent;)V
Lcom/mopub/mraid/MraidController$h;,Landroid/content/BroadcastReceiver;,register,(Landroid/content/Context;)V
Lcom/mopub/mraid/MraidController$h;,Landroid/content/BroadcastReceiver;,unregister,()V
Lfa1$e$a;,Landroid/telephony/PhoneStateListener;,<init>,()V
Lfa1$e$a;,Landroid/telephony/PhoneStateListener;,onCallStateChanged,(I Ljava/lang/String;)V
Lcom/kedlin/cca/core/CallService;,Landroid/telecom/InCallService;,<clinit>,()V
Lcom/kedlin/cca/core/CallService;,Landroid/telecom/InCallService;,<init>,()V
Lcom/kedlin/cca/core/CallService;,Landroid/telecom/InCallService;,a,()Ljava/lang/String;
Lcom/kedlin/cca/core/CallService;,Landroid/telecom/InCallService;,b,()V
Lcom/kedlin/cca/core/CallService;,Landroid/telecom/InCallService;,c,()V
Lcom/kedlin/cca/core/CallService;,Landroid/telecom/InCallService;,d,(Li91; Ln91$b;)V
Lcom/kedlin/cca/core/CallService;,Landroid/telecom/InCallService;,i,(Lm91$c; Ljava/lang/Class; Ljava/lang/Object;)V
Lcom/kedlin/cca/core/CallService;,Landroid/telecom/InCallService;,onBind,(Landroid/content/Intent;)Landroid/os/IBinder;
Lcom/kedlin/cca/core/CallService;,Landroid/telecom/InCallService;,onBringToForeground,(Z)V
Lcom/kedlin/cca/core/CallService;,Landroid/telecom/InCallService;,onCallAdded,(Landroid/telecom/Call;)V
Lcom/kedlin/cca/core/CallService;,Landroid/telecom/InCallService;,onCallAudioStateChanged,(Landroid/telecom/CallAudioState;)V
Lcom/kedlin/cca/core/CallService;,Landroid/telecom/InCallService;,onCallRemoved,(Landroid/telecom/Call;)V
Lcom/kedlin/cca/core/CallService;,Landroid/telecom/InCallService;,onUnbind,(Landroid/content/Intent;)Z
Lcom/mopub/mobileads/EventForwardingBroadcastReceiver;,Lcom/mopub/mobileads/BaseBroadcastReceiver;Landroid/content/BroadcastReceiver;,<init>,(Lcom/mopub/mobileads/AdLifecycleListener$InteractionListener; J)V
Lcom/mopub/mobileads/EventForwardingBroadcastReceiver;,Lcom/mopub/mobileads/BaseBroadcastReceiver;Landroid/content/BroadcastReceiver;,getIntentFilter,()Landroid/content/IntentFilter;
Lcom/mopub/mobileads/EventForwardingBroadcastReceiver;,Lcom/mopub/mobileads/BaseBroadcastReceiver;Landroid/content/BroadcastReceiver;,onReceive,(Landroid/content/Context; Landroid/content/Intent;)V
Landroidx/legacy/content/WakefulBroadcastReceiver;,Landroid/content/BroadcastReceiver;,<clinit>,()V
Landroidx/legacy/content/WakefulBroadcastReceiver;,Landroid/content/BroadcastReceiver;,<init>,()V
Landroidx/legacy/content/WakefulBroadcastReceiver;,Landroid/content/BroadcastReceiver;,completeWakefulIntent,(Landroid/content/Intent;)Z
Landroidx/legacy/content/WakefulBroadcastReceiver;,Landroid/content/BroadcastReceiver;,startWakefulService,(Landroid/content/Context; Landroid/content/Intent;)Landroid/content/ComponentName;
Landroidx/media/session/MediaButtonReceiver;,Landroid/content/BroadcastReceiver;,<init>,()V
Landroidx/media/session/MediaButtonReceiver;,Landroid/content/BroadcastReceiver;,a,(Landroid/content/Context;)Landroid/content/ComponentName;
Landroidx/media/session/MediaButtonReceiver;,Landroid/content/BroadcastReceiver;,b,(Landroid/content/Context; Ljava/lang/String;)Landroid/content/ComponentName;
Landroidx/media/session/MediaButtonReceiver;,Landroid/content/BroadcastReceiver;,c,(Landroid/content/Context; Landroid/content/Intent;)V
Landroidx/media/session/MediaButtonReceiver;,Landroid/content/BroadcastReceiver;,onReceive,(Landroid/content/Context; Landroid/content/Intent;)V
Landroidx/mediarouter/app/MediaRouteButton$a;,Landroid/content/BroadcastReceiver;,<init>,(Landroid/content/Context;)V
Landroidx/mediarouter/app/MediaRouteButton$a;,Landroid/content/BroadcastReceiver;,a,()Z
Landroidx/mediarouter/app/MediaRouteButton$a;,Landroid/content/BroadcastReceiver;,b,(Landroidx/mediarouter/app/MediaRouteButton;)V
Landroidx/mediarouter/app/MediaRouteButton$a;,Landroid/content/BroadcastReceiver;,c,(Landroidx/mediarouter/app/MediaRouteButton;)V
Landroidx/mediarouter/app/MediaRouteButton$a;,Landroid/content/BroadcastReceiver;,onReceive,(Landroid/content/Context; Landroid/content/Intent;)V
Landroidx/mediarouter/media/MediaTransferReceiver;,Landroid/content/BroadcastReceiver;,<init>,()V
Landroidx/mediarouter/media/MediaTransferReceiver;,Landroid/content/BroadcastReceiver;,a,(Landroid/content/Context;)Z
Landroidx/mediarouter/media/MediaTransferReceiver;,Landroid/content/BroadcastReceiver;,onReceive,(Landroid/content/Context; Landroid/content/Intent;)V
Landroidx/work/impl/background/systemalarm/ConstraintProxy;,Landroid/content/BroadcastReceiver;,<clinit>,()V
Landroidx/work/impl/background/systemalarm/ConstraintProxy;,Landroid/content/BroadcastReceiver;,<init>,()V
Landroidx/work/impl/background/systemalarm/ConstraintProxy;,Landroid/content/BroadcastReceiver;,a,(Landroid/content/Context; Ljava/util/List;)V
Landroidx/work/impl/background/systemalarm/ConstraintProxy;,Landroid/content/BroadcastReceiver;,onReceive,(Landroid/content/Context; Landroid/content/Intent;)V
Landroidx/work/impl/background/systemalarm/ConstraintProxyUpdateReceiver;,Landroid/content/BroadcastReceiver;,<clinit>,()V
Landroidx/work/impl/background/systemalarm/ConstraintProxyUpdateReceiver;,Landroid/content/BroadcastReceiver;,<init>,()V
Landroidx/work/impl/background/systemalarm/ConstraintProxyUpdateReceiver;,Landroid/content/BroadcastReceiver;,a,(Landroid/content/Context; Z Z Z Z)Landroid/content/Intent;
Landroidx/work/impl/background/systemalarm/ConstraintProxyUpdateReceiver;,Landroid/content/BroadcastReceiver;,onReceive,(Landroid/content/Context; Landroid/content/Intent;)V
Landroidx/work/impl/background/systemalarm/RescheduleReceiver;,Landroid/content/BroadcastReceiver;,<clinit>,()V
Landroidx/work/impl/background/systemalarm/RescheduleReceiver;,Landroid/content/BroadcastReceiver;,<init>,()V
Landroidx/work/impl/background/systemalarm/RescheduleReceiver;,Landroid/content/BroadcastReceiver;,onReceive,(Landroid/content/Context; Landroid/content/Intent;)V
Landroidx/work/impl/utils/ForceStopRunnable$BroadcastReceiver;,Landroid/content/BroadcastReceiver;,<clinit>,()V
Landroidx/work/impl/utils/ForceStopRunnable$BroadcastReceiver;,Landroid/content/BroadcastReceiver;,<init>,()V
Landroidx/work/impl/utils/ForceStopRunnable$BroadcastReceiver;,Landroid/content/BroadcastReceiver;,onReceive,(Landroid/content/Context; Landroid/content/Intent;)V
Lcom/facebook/CurrentAccessTokenExpirationBroadcastReceiver;,Landroid/content/BroadcastReceiver;,<init>,()V
Lcom/facebook/CurrentAccessTokenExpirationBroadcastReceiver;,Landroid/content/BroadcastReceiver;,onReceive,(Landroid/content/Context; Landroid/content/Intent;)V
Lcom/facebook/CustomTabActivity$a;,Landroid/content/BroadcastReceiver;,<init>,(Lcom/facebook/CustomTabActivity;)V
Lcom/facebook/CustomTabActivity$a;,Landroid/content/BroadcastReceiver;,onReceive,(Landroid/content/Context; Landroid/content/Intent;)V
Lcom/facebook/CustomTabMainActivity$a;,Landroid/content/BroadcastReceiver;,<init>,(Lcom/facebook/CustomTabMainActivity;)V
Lcom/facebook/CustomTabMainActivity$a;,Landroid/content/BroadcastReceiver;,onReceive,(Landroid/content/Context; Landroid/content/Intent;)V
Lcom/facebook/FacebookBroadcastReceiver;,Landroid/content/BroadcastReceiver;,<init>,()V
Lcom/facebook/FacebookBroadcastReceiver;,Landroid/content/BroadcastReceiver;,a,(Ljava/lang/String; Ljava/lang/String; Landroid/os/Bundle;)V
Lcom/facebook/FacebookBroadcastReceiver;,Landroid/content/BroadcastReceiver;,b,(Ljava/lang/String; Ljava/lang/String; Landroid/os/Bundle;)V
Lcom/facebook/FacebookBroadcastReceiver;,Landroid/content/BroadcastReceiver;,onReceive,(Landroid/content/Context; Landroid/content/Intent;)V
Lcom/facebook/internal/BoltsMeasurementEventListener;,Landroid/content/BroadcastReceiver;,<init>,(Landroid/content/Context;)V
Lcom/facebook/internal/BoltsMeasurementEventListener;,Landroid/content/BroadcastReceiver;,b,(Landroid/content/Context;)Lcom/facebook/internal/BoltsMeasurementEventListener;
Lcom/facebook/internal/BoltsMeasurementEventListener;,Landroid/content/BroadcastReceiver;,a,()V
Lcom/facebook/internal/BoltsMeasurementEventListener;,Landroid/content/BroadcastReceiver;,c,()V
Lcom/facebook/internal/BoltsMeasurementEventListener;,Landroid/content/BroadcastReceiver;,finalize,()V
Lcom/facebook/internal/BoltsMeasurementEventListener;,Landroid/content/BroadcastReceiver;,onReceive,(Landroid/content/Context; Landroid/content/Intent;)V
Lcom/facebook/share/widget/LikeView$f;,Landroid/content/BroadcastReceiver;,<init>,(Lcom/facebook/share/widget/LikeView;)V
Lcom/facebook/share/widget/LikeView$f;,Landroid/content/BroadcastReceiver;,<init>,(Lcom/facebook/share/widget/LikeView; Lcom/facebook/share/widget/LikeView$a;)V
Lcom/facebook/share/widget/LikeView$f;,Landroid/content/BroadcastReceiver;,onReceive,(Landroid/content/Context; Landroid/content/Intent;)V
Lcom/flexaspect/android/everycallcontrol/ui/activities/MainActivity$a;,Landroid/content/BroadcastReceiver;,<init>,(Lcom/flexaspect/android/everycallcontrol/ui/activities/MainActivity;)V
Lcom/flexaspect/android/everycallcontrol/ui/activities/MainActivity$a;,Landroid/content/BroadcastReceiver;,onReceive,(Landroid/content/Context; Landroid/content/Intent;)V
Lcom/flexaspect/android/everycallcontrol/ui/activities/missedcall/MissedCallActivity$a;,Landroid/content/BroadcastReceiver;,<init>,(Lcom/flexaspect/android/everycallcontrol/ui/activities/missedcall/MissedCallActivity;)V
Lcom/flexaspect/android/everycallcontrol/ui/activities/missedcall/MissedCallActivity$a;,Landroid/content/BroadcastReceiver;,onReceive,(Landroid/content/Context; Landroid/content/Intent;)V
Lcom/flexaspect/android/everycallcontrol/ui/fragments/RecentActivityFragment$b;,Landroid/content/BroadcastReceiver;,<init>,(Lcom/flexaspect/android/everycallcontrol/ui/fragments/RecentActivityFragment;)V
Lcom/flexaspect/android/everycallcontrol/ui/fragments/RecentActivityFragment$b;,Landroid/content/BroadcastReceiver;,onReceive,(Landroid/content/Context; Landroid/content/Intent;)V
Lcom/flexaspect/android/everycallcontrol/ui/fragments/dialpad/DialpadFragment$b;,Landroid/content/BroadcastReceiver;,<init>,(Lcom/flexaspect/android/everycallcontrol/ui/fragments/dialpad/DialpadFragment;)V
Lcom/flexaspect/android/everycallcontrol/ui/fragments/dialpad/DialpadFragment$b;,Landroid/content/BroadcastReceiver;,<init>,(Lcom/flexaspect/android/everycallcontrol/ui/fragments/dialpad/DialpadFragment; Lcom/flexaspect/android/everycallcontrol/ui/fragments/dialpad/DialpadFragment$a;)V
Lcom/flexaspect/android/everycallcontrol/ui/fragments/dialpad/DialpadFragment$b;,Landroid/content/BroadcastReceiver;,onReceive,(Landroid/content/Context; Landroid/content/Intent;)V
Lcom/flurry/android/FlurryInstallReceiver;,Landroid/content/BroadcastReceiver;,<clinit>,()V
Lcom/flurry/android/FlurryInstallReceiver;,Landroid/content/BroadcastReceiver;,<init>,()V
Lcom/flurry/android/FlurryInstallReceiver;,Landroid/content/BroadcastReceiver;,onReceive,(Landroid/content/Context; Landroid/content/Intent;)V
Lcom/flurry/sdk/jz;,Landroid/content/BroadcastReceiver;,<init>,()V
Lcom/flurry/sdk/jz;,Landroid/content/BroadcastReceiver;,a,()Lcom/flurry/sdk/jz;
Lcom/flurry/sdk/jz;,Landroid/content/BroadcastReceiver;,a,(Landroid/content/Context;)Z
Lcom/flurry/sdk/jz;,Landroid/content/BroadcastReceiver;,c,()V
Lcom/flurry/sdk/jz;,Landroid/content/BroadcastReceiver;,d,()Landroid/net/ConnectivityManager;
Lcom/flurry/sdk/jz;,Landroid/content/BroadcastReceiver;,b,()I
Lcom/flurry/sdk/jz;,Landroid/content/BroadcastReceiver;,onReceive,(Landroid/content/Context; Landroid/content/Intent;)V
Lcom/google/android/datatransport/runtime/scheduling/jobscheduling/AlarmManagerSchedulerBroadcastReceiver;,Landroid/content/BroadcastReceiver;,<init>,()V
Lcom/google/android/datatransport/runtime/scheduling/jobscheduling/AlarmManagerSchedulerBroadcastReceiver;,Landroid/content/BroadcastReceiver;,lambda$onReceive$0,()V
Lcom/google/android/datatransport/runtime/scheduling/jobscheduling/AlarmManagerSchedulerBroadcastReceiver;,Landroid/content/BroadcastReceiver;,onReceive,(Landroid/content/Context; Landroid/content/Intent;)V
Lcom/google/android/exoplayer2/audio/AudioCapabilitiesReceiver$HdmiAudioPlugBroadcastReceiver;,Landroid/content/BroadcastReceiver;,<init>,(Lcom/google/android/exoplayer2/audio/AudioCapabilitiesReceiver;)V
Lcom/google/android/exoplayer2/audio/AudioCapabilitiesReceiver$HdmiAudioPlugBroadcastReceiver;,Landroid/content/BroadcastReceiver;,<init>,(Lcom/google/android/exoplayer2/audio/AudioCapabilitiesReceiver; Lcom/google/android/exoplayer2/audio/AudioCapabilitiesReceiver$1;)V
Lcom/google/android/exoplayer2/audio/AudioCapabilitiesReceiver$HdmiAudioPlugBroadcastReceiver;,Landroid/content/BroadcastReceiver;,onReceive,(Landroid/content/Context; Landroid/content/Intent;)V
Lcom/google/android/exoplayer2/scheduler/RequirementsWatcher$DeviceStatusChangeReceiver;,Landroid/content/BroadcastReceiver;,<init>,(Lcom/google/android/exoplayer2/scheduler/RequirementsWatcher;)V
Lcom/google/android/exoplayer2/scheduler/RequirementsWatcher$DeviceStatusChangeReceiver;,Landroid/content/BroadcastReceiver;,<init>,(Lcom/google/android/exoplayer2/scheduler/RequirementsWatcher; Lcom/google/android/exoplayer2/scheduler/RequirementsWatcher$1;)V
Lcom/google/android/exoplayer2/scheduler/RequirementsWatcher$DeviceStatusChangeReceiver;,Landroid/content/BroadcastReceiver;,onReceive,(Landroid/content/Context; Landroid/content/Intent;)V
Lcom/google/android/exoplayer2/ui/PlayerNotificationManager$NotificationBroadcastReceiver;,Landroid/content/BroadcastReceiver;,<init>,(Lcom/google/android/exoplayer2/ui/PlayerNotificationManager;)V
Lcom/google/android/exoplayer2/ui/PlayerNotificationManager$NotificationBroadcastReceiver;,Landroid/content/BroadcastReceiver;,onReceive,(Landroid/content/Context; Landroid/content/Intent;)V
Lcom/google/android/gms/ads/internal/util/zzby;,Landroid/content/BroadcastReceiver;,<init>,(Lcom/google/android/gms/ads/internal/util/zzbv;)V
Lcom/google/android/gms/ads/internal/util/zzby;,Landroid/content/BroadcastReceiver;,onReceive,(Landroid/content/Context; Landroid/content/Intent;)V
Lcom/google/android/gms/ads/internal/util/zzp;,Landroid/content/BroadcastReceiver;,<init>,(Lcom/google/android/gms/ads/internal/util/zzj;)V
Lcom/google/android/gms/ads/internal/util/zzp;,Landroid/content/BroadcastReceiver;,<init>,(Lcom/google/android/gms/ads/internal/util/zzj; Lcom/google/android/gms/ads/internal/util/zzl;)V
Lcom/google/android/gms/ads/internal/util/zzp;,Landroid/content/BroadcastReceiver;,onReceive,(Landroid/content/Context; Landroid/content/Intent;)V
Lcom/google/android/gms/ads/internal/util/zzs;,Landroid/content/BroadcastReceiver;,<init>,(Lcom/google/android/gms/ads/internal/util/zzj;)V
Lcom/google/android/gms/ads/internal/util/zzs;,Landroid/content/BroadcastReceiver;,<init>,(Lcom/google/android/gms/ads/internal/util/zzj; Lcom/google/android/gms/ads/internal/util/zzl;)V
Lcom/google/android/gms/ads/internal/util/zzs;,Landroid/content/BroadcastReceiver;,onReceive,(Landroid/content/Context; Landroid/content/Intent;)V
Lcom/google/android/gms/analytics/AnalyticsReceiver;,Landroid/content/BroadcastReceiver;,<init>,()V
Lcom/google/android/gms/analytics/AnalyticsReceiver;,Landroid/content/BroadcastReceiver;,onReceive,(Landroid/content/Context; Landroid/content/Intent;)V
Lcom/google/android/gms/analytics/CampaignTrackingReceiver;,Landroid/content/BroadcastReceiver;,<init>,()V
Lcom/google/android/gms/analytics/CampaignTrackingReceiver;,Landroid/content/BroadcastReceiver;,zza,(Landroid/content/Context;)Z
Lcom/google/android/gms/analytics/CampaignTrackingReceiver;,Landroid/content/BroadcastReceiver;,onReceive,(Landroid/content/Context; Landroid/content/Intent;)V
Lcom/google/android/gms/analytics/CampaignTrackingReceiver;,Landroid/content/BroadcastReceiver;,zza,(Landroid/content/Context; Ljava/lang/String;)V
Lcom/google/android/gms/cloudmessaging/CloudMessagingReceiver;,Landroid/content/BroadcastReceiver;,<init>,()V
Lcom/google/android/gms/cloudmessaging/CloudMessagingReceiver;,Landroid/content/BroadcastReceiver;,zza,(Landroid/content/Context; Landroid/content/Intent;)I
Lcom/google/android/gms/cloudmessaging/CloudMessagingReceiver;,Landroid/content/BroadcastReceiver;,zzb,(Landroid/content/Context; Landroid/content/Intent;)I
Lcom/google/android/gms/cloudmessaging/CloudMessagingReceiver;,Landroid/content/BroadcastReceiver;,getBroadcastExecutor,()Ljava/util/concurrent/Executor;
Lcom/google/android/gms/cloudmessaging/CloudMessagingReceiver;,Landroid/content/BroadcastReceiver;,onMessageReceive,(Landroid/content/Context; Lcom/google/android/gms/cloudmessaging/CloudMessage;)I
Lcom/google/android/gms/cloudmessaging/CloudMessagingReceiver;,Landroid/content/BroadcastReceiver;,onNotificationDismissed,(Landroid/content/Context; Landroid/os/Bundle;)V
Lcom/google/android/gms/cloudmessaging/CloudMessagingReceiver;,Landroid/content/BroadcastReceiver;,onNotificationOpen,(Landroid/content/Context; Landroid/os/Bundle;)V
Lcom/google/android/gms/cloudmessaging/CloudMessagingReceiver;,Landroid/content/BroadcastReceiver;,onReceive,(Landroid/content/Context; Landroid/content/Intent;)V
Lcom/google/android/gms/cloudmessaging/CloudMessagingReceiver;,Landroid/content/BroadcastReceiver;,zza,(Landroid/content/Intent; Landroid/content/Context; Z Landroid/content/BroadcastReceiver$PendingResult;)V
Lcom/google/android/gms/common/api/internal/zabl;,Landroid/content/BroadcastReceiver;,<init>,(Lcom/google/android/gms/common/api/internal/zabk;)V
Lcom/google/android/gms/common/api/internal/zabl;,Landroid/content/BroadcastReceiver;,onReceive,(Landroid/content/Context; Landroid/content/Intent;)V
Lcom/google/android/gms/common/api/internal/zabl;,Landroid/content/BroadcastReceiver;,zaa,()V
Lcom/google/android/gms/common/api/internal/zabl;,Landroid/content/BroadcastReceiver;,zaa,(Landroid/content/Context;)V
Ldv$b$b;,Landroid/content/BroadcastReceiver;,<init>,(Ldv$b;)V
Ldv$b$b;,Landroid/content/BroadcastReceiver;,onReceive,(Landroid/content/Context; Landroid/content/Intent;)V
Lex0;,Landroid/telephony/PhoneNumberFormattingTextWatcher;,<init>,(Ldx0;)V
Lex0;,Landroid/telephony/PhoneNumberFormattingTextWatcher;,onTextChanged,(Ljava/lang/CharSequence; I I I)V
Llz$a;,Landroid/content/BroadcastReceiver;,<init>,(Llz;)V
Llz$a;,Landroid/content/BroadcastReceiver;,onReceive,(Landroid/content/Context; Landroid/content/Intent;)V
Lm41$a;,Landroid/content/BroadcastReceiver;,<init>,(Lm41;)V
Lm41$a;,Landroid/content/BroadcastReceiver;,onReceive,(Landroid/content/Context; Landroid/content/Intent;)V
Lmi0$b;,Landroid/content/BroadcastReceiver;,<init>,(Lmi0;)V
Lmi0$b;,Landroid/content/BroadcastReceiver;,<init>,(Lmi0; Lmi0$a;)V
Lmi0$b;,Landroid/content/BroadcastReceiver;,onReceive,(Landroid/content/Context; Landroid/content/Intent;)V
Lnz$e$b;,Landroid/content/BroadcastReceiver;,<init>,(Lnz$e;)V
Lnz$e$b;,Landroid/content/BroadcastReceiver;,onReceive,(Landroid/content/Context; Landroid/content/Intent;)V
Lo60$a;,Landroid/content/BroadcastReceiver;,<init>,(Lo60;)V
Lo60$a;,Landroid/content/BroadcastReceiver;,onReceive,(Landroid/content/Context; Landroid/content/Intent;)V
Lq60$a;,Landroid/content/BroadcastReceiver;,<init>,(Lq60;)V
Lq60$a;,Landroid/content/BroadcastReceiver;,onReceive,(Landroid/content/Context; Landroid/content/Intent;)V
Ls$l$a;,Landroid/content/BroadcastReceiver;,<init>,(Ls$l;)V
Ls$l$a;,Landroid/content/BroadcastReceiver;,onReceive,(Landroid/content/Context; Landroid/content/Intent;)V
Lss$a;,Landroid/content/BroadcastReceiver;,<init>,()V
Lss$a;,Landroid/content/BroadcastReceiver;,a,(Landroid/content/Context;)Lss$a;
Lss$a;,Landroid/content/BroadcastReceiver;,b,(Lss;)V
Lss$a;,Landroid/content/BroadcastReceiver;,c,(Lss;)V
Lss$a;,Landroid/content/BroadcastReceiver;,d,()V
Lss$a;,Landroid/content/BroadcastReceiver;,e,(Lss;)V
Lss$a;,Landroid/content/BroadcastReceiver;,onReceive,(Landroid/content/Context; Landroid/content/Intent;)V
Landroidx/work/impl/background/systemalarm/ConstraintProxy$BatteryChargingProxy;,Landroidx/work/impl/background/systemalarm/ConstraintProxy;Landroid/content/BroadcastReceiver;,<init>,()V
Landroidx/work/impl/background/systemalarm/ConstraintProxy$BatteryNotLowProxy;,Landroidx/work/impl/background/systemalarm/ConstraintProxy;Landroid/content/BroadcastReceiver;,<init>,()V
Landroidx/work/impl/background/systemalarm/ConstraintProxy$NetworkStateProxy;,Landroidx/work/impl/background/systemalarm/ConstraintProxy;Landroid/content/BroadcastReceiver;,<init>,()V
Landroidx/work/impl/background/systemalarm/ConstraintProxy$StorageNotLowProxy;,Landroidx/work/impl/background/systemalarm/ConstraintProxy;Landroid/content/BroadcastReceiver;,<init>,()V
Lcom/google/android/gms/internal/ads/zzfa;,Landroid/content/BroadcastReceiver;,<init>,(Landroid/content/Context;)V
Lcom/google/android/gms/internal/ads/zzfa;,Landroid/content/BroadcastReceiver;,onReceive,(Landroid/content/Context; Landroid/content/Intent;)V
Lcom/google/android/gms/internal/ads/zzfa;,Landroid/content/BroadcastReceiver;,zzcf,()Z
Lcom/google/android/gms/internal/ads/zzfl;,Landroid/content/BroadcastReceiver;,<init>,(Lcom/google/android/gms/internal/ads/zzfj;)V
Lcom/google/android/gms/internal/ads/zzfl;,Landroid/content/BroadcastReceiver;,onReceive,(Landroid/content/Context; Landroid/content/Intent;)V
Lcom/google/android/gms/internal/ads/zzqu;,Landroid/content/BroadcastReceiver;,<init>,(Lcom/google/android/gms/internal/ads/zzqs;)V
Lcom/google/android/gms/internal/ads/zzqu;,Landroid/content/BroadcastReceiver;,onReceive,(Landroid/content/Context; Landroid/content/Intent;)V
Lcom/google/android/gms/internal/gtm/zzcj;,Landroid/content/BroadcastReceiver;,<clinit>,()V
Lcom/google/android/gms/internal/gtm/zzcj;,Landroid/content/BroadcastReceiver;,<init>,(Lcom/google/android/gms/internal/gtm/zzap;)V
Lcom/google/android/gms/internal/gtm/zzcj;,Landroid/content/BroadcastReceiver;,zzfp,()V
Lcom/google/android/gms/internal/gtm/zzcj;,Landroid/content/BroadcastReceiver;,zzfr,()Z
Lcom/google/android/gms/internal/gtm/zzcj;,Landroid/content/BroadcastReceiver;,isConnected,()Z
Lcom/google/android/gms/internal/gtm/zzcj;,Landroid/content/BroadcastReceiver;,onReceive,(Landroid/content/Context; Landroid/content/Intent;)V
Lcom/google/android/gms/internal/gtm/zzcj;,Landroid/content/BroadcastReceiver;,unregister,()V
Lcom/google/android/gms/internal/gtm/zzcj;,Landroid/content/BroadcastReceiver;,zzfo,()V
Lcom/google/android/gms/internal/gtm/zzcj;,Landroid/content/BroadcastReceiver;,zzfq,()V
Lcom/google/android/gms/measurement/internal/zzeq;,Landroid/content/BroadcastReceiver;,<clinit>,()V
Lcom/google/android/gms/measurement/internal/zzeq;,Landroid/content/BroadcastReceiver;,<init>,(Lcom/google/android/gms/measurement/internal/zzkd;)V
Lcom/google/android/gms/measurement/internal/zzeq;,Landroid/content/BroadcastReceiver;,zzc,(Lcom/google/android/gms/measurement/internal/zzeq;)Lcom/google/android/gms/measurement/internal/zzkd;
Lcom/google/android/gms/measurement/internal/zzeq;,Landroid/content/BroadcastReceiver;,onReceive,(Landroid/content/Context; Landroid/content/Intent;)V
Lcom/google/android/gms/measurement/internal/zzeq;,Landroid/content/BroadcastReceiver;,zza,()V
Lcom/google/android/gms/measurement/internal/zzeq;,Landroid/content/BroadcastReceiver;,zzb,()V
Lcom/google/android/gms/tagmanager/zzdn;,Landroid/content/BroadcastReceiver;,<clinit>,()V
Lcom/google/android/gms/tagmanager/zzdn;,Landroid/content/BroadcastReceiver;,<init>,(Lcom/google/android/gms/tagmanager/zzfm;)V
Lcom/google/android/gms/tagmanager/zzdn;,Landroid/content/BroadcastReceiver;,zzn,(Landroid/content/Context;)V
Lcom/google/android/gms/tagmanager/zzdn;,Landroid/content/BroadcastReceiver;,onReceive,(Landroid/content/Context; Landroid/content/Intent;)V
Lcom/google/firebase/FirebaseApp$UserUnlockReceiver;,Landroid/content/BroadcastReceiver;,<clinit>,()V
Lcom/google/firebase/FirebaseApp$UserUnlockReceiver;,Landroid/content/BroadcastReceiver;,<init>,(Landroid/content/Context;)V
Lcom/google/firebase/FirebaseApp$UserUnlockReceiver;,Landroid/content/BroadcastReceiver;,access$200,(Landroid/content/Context;)V
Lcom/google/firebase/FirebaseApp$UserUnlockReceiver;,Landroid/content/BroadcastReceiver;,ensureReceiverRegistered,(Landroid/content/Context;)V
Lcom/google/firebase/FirebaseApp$UserUnlockReceiver;,Landroid/content/BroadcastReceiver;,onReceive,(Landroid/content/Context; Landroid/content/Intent;)V
Lcom/google/firebase/FirebaseApp$UserUnlockReceiver;,Landroid/content/BroadcastReceiver;,unregister,()V
Lcom/google/firebase/iid/SyncTask$ConnectivityChangeReceiver;,Landroid/content/BroadcastReceiver;,<init>,(Lcom/google/firebase/iid/SyncTask;)V
Lcom/google/firebase/iid/SyncTask$ConnectivityChangeReceiver;,Landroid/content/BroadcastReceiver;,onReceive,(Landroid/content/Context; Landroid/content/Intent;)V
Lcom/google/firebase/iid/SyncTask$ConnectivityChangeReceiver;,Landroid/content/BroadcastReceiver;,registerReceiver,()V
Lcom/google/firebase/messaging/TopicsSyncTask$ConnectivityChangeReceiver;,Landroid/content/BroadcastReceiver;,<init>,(Lcom/google/firebase/messaging/TopicsSyncTask; Lcom/google/firebase/messaging/TopicsSyncTask;)V
Lcom/google/firebase/messaging/TopicsSyncTask$ConnectivityChangeReceiver;,Landroid/content/BroadcastReceiver;,onReceive,(Landroid/content/Context; Landroid/content/Intent;)V
Lcom/google/firebase/messaging/TopicsSyncTask$ConnectivityChangeReceiver;,Landroid/content/BroadcastReceiver;,registerReceiver,()V
Lcom/google/android/gms/measurement/AppMeasurementReceiver;,Landroidx/legacy/content/WakefulBroadcastReceiver;Landroid/content/BroadcastReceiver;,<init>,()V
Lcom/google/android/gms/measurement/AppMeasurementReceiver;,Landroidx/legacy/content/WakefulBroadcastReceiver;Landroid/content/BroadcastReceiver;,doGoAsync,()Landroid/content/BroadcastReceiver$PendingResult;
Lcom/google/android/gms/measurement/AppMeasurementReceiver;,Landroidx/legacy/content/WakefulBroadcastReceiver;Landroid/content/BroadcastReceiver;,doStartService,(Landroid/content/Context; Landroid/content/Intent;)V
Lcom/google/android/gms/measurement/AppMeasurementReceiver;,Landroidx/legacy/content/WakefulBroadcastReceiver;Landroid/content/BroadcastReceiver;,onReceive,(Landroid/content/Context; Landroid/content/Intent;)V
Lcom/google/android/gms/stats/GCoreWakefulBroadcastReceiver;,Landroidx/legacy/content/WakefulBroadcastReceiver;Landroid/content/BroadcastReceiver;,<clinit>,()V
Lcom/google/android/gms/stats/GCoreWakefulBroadcastReceiver;,Landroidx/legacy/content/WakefulBroadcastReceiver;Landroid/content/BroadcastReceiver;,<init>,()V
Lcom/google/android/gms/stats/GCoreWakefulBroadcastReceiver;,Landroidx/legacy/content/WakefulBroadcastReceiver;Landroid/content/BroadcastReceiver;,completeWakefulIntent,(Landroid/content/Context; Landroid/content/Intent;)Z
Lcom/google/android/gms/tagmanager/InstallReferrerReceiver;,Lcom/google/android/gms/analytics/CampaignTrackingReceiver;Landroid/content/BroadcastReceiver;,<init>,()V
Lcom/google/android/gms/tagmanager/InstallReferrerReceiver;,Lcom/google/android/gms/analytics/CampaignTrackingReceiver;Landroid/content/BroadcastReceiver;,zza,(Landroid/content/Context; Ljava/lang/String;)V
Lcom/google/firebase/iid/FirebaseInstanceIdReceiver;,Lcom/google/android/gms/cloudmessaging/CloudMessagingReceiver;Landroid/content/BroadcastReceiver;,<init>,()V
Lcom/google/firebase/iid/FirebaseInstanceIdReceiver;,Lcom/google/android/gms/cloudmessaging/CloudMessagingReceiver;Landroid/content/BroadcastReceiver;,createServiceIntent,(Landroid/content/Context; Ljava/lang/String; Landroid/os/Bundle;)Landroid/content/Intent;
Lcom/google/firebase/iid/FirebaseInstanceIdReceiver;,Lcom/google/android/gms/cloudmessaging/CloudMessagingReceiver;Landroid/content/BroadcastReceiver;,onMessageReceive,(Landroid/content/Context; Lcom/google/android/gms/cloudmessaging/CloudMessage;)I
Lcom/google/firebase/iid/FirebaseInstanceIdReceiver;,Lcom/google/android/gms/cloudmessaging/CloudMessagingReceiver;Landroid/content/BroadcastReceiver;,onNotificationDismissed,(Landroid/content/Context; Landroid/os/Bundle;)V
Lcom/google/firebase/iid/FirebaseInstanceIdReceiver;,Lcom/google/android/gms/cloudmessaging/CloudMessagingReceiver;Landroid/content/BroadcastReceiver;,onNotificationOpen,(Landroid/content/Context; Landroid/os/Bundle;)V
Landroid/telephony/TelephonyManager;,,getSimCountryIso,()Ljava/lang/String;
Landroid/telephony/TelephonyManager;,,getLine1Number,()Ljava/lang/String;
Landroid/telephony/TelephonyManager;,,getNetworkOperatorName,()Ljava/lang/String;
Landroid/telephony/TelephonyManager;,,getDeviceId,()Ljava/lang/String;
Landroid/telephony/TelephonyManager;,,getSimState,()I
Landroid/telephony/TelephonyManager;,,getSimSerialNumber,()Ljava/lang/String;
Landroid/telephony/TelephonyManager;,,getNetworkOperator,()Ljava/lang/String;
Landroid/telephony/TelephonyManager;,,listen,(Landroid/telephony/PhoneStateListener; I)V
Landroid/telephony/TelephonyManager;,,getPhoneType,()I
Landroid/telephony/TelephonyManager;,,getSimOperator,()Ljava/lang/String;
Landroid/telephony/TelephonyManager;,,getNetworkCountryIso,()Ljava/lang/String;
Landroid/telephony/TelephonyManager;,,getSimOperatorName,()Ljava/lang/String;
Landroid/telephony/TelephonyManager;,,getCallState,()I
Landroid/telephony/TelephonyManager;,,getVoiceMailNumber,()Ljava/lang/String;
Landroid/telephony/TelephonyManager;,,isDataEnabled,()Z
Landroid/telephony/TelephonyManager;,,getNetworkType,()I
Landroid/telephony/PhoneStateListener;,,<init>,()V
Landroid/telephony/PhoneStateListener;,,onSignalStrengthsChanged,(Landroid/telephony/SignalStrength;)V
Landroid/telephony/PhoneStateListener;,,onCallStateChanged,(I Ljava/lang/String;)V
Landroid/telecom/CallScreeningService;,,<init>,()V
Landroid/telecom/CallScreeningService;,,onCreate,()V
Landroid/telecom/CallScreeningService;,,onDestroy,()V
Landroid/telecom/CallScreeningService;,,respondToCall,(Landroid/telecom/Call$Details; Landroid/telecom/CallScreeningService$CallResponse;)V
Landroid/telecom/CallScreeningService;,,onStartCommand,(Landroid/content/Intent; I I)I
Landroid/telecom/CallScreeningService;,,onTaskRemoved,(Landroid/content/Intent;)V
Landroid/telecom/CallScreeningService$CallResponse$Builder;,,<init>,()V
Landroid/telecom/CallScreeningService$CallResponse$Builder;,,setSkipCallLog,(Z)Landroid/telecom/CallScreeningService$CallResponse$Builder;
Landroid/telecom/CallScreeningService$CallResponse$Builder;,,setSkipNotification,(Z)Landroid/telecom/CallScreeningService$CallResponse$Builder;
Landroid/telecom/CallScreeningService$CallResponse$Builder;,,setDisallowCall,(Z)Landroid/telecom/CallScreeningService$CallResponse$Builder;
Landroid/telecom/CallScreeningService$CallResponse$Builder;,,setRejectCall,(Z)Landroid/telecom/CallScreeningService$CallResponse$Builder;
Landroid/telecom/CallScreeningService$CallResponse$Builder;,,setSilenceCall,(Z)Landroid/telecom/CallScreeningService$CallResponse$Builder;
Landroid/telecom/CallScreeningService$CallResponse$Builder;,,build,()Landroid/telecom/CallScreeningService$CallResponse;
Landroid/telecom/Call$Details;,,getHandle,()Landroid/net/Uri;
Landroid/telecom/Call$Details;,,getCallerDisplayName,()Ljava/lang/String;
Landroid/telecom/Call$Details;,,getVideoState,()I
Landroid/telecom/Call$Details;,,getDisconnectCause,()Landroid/telecom/DisconnectCause;
Landroid/telecom/Call$Callback;,,<init>,()V
Landroid/telecom/Call$Callback;,,onStateChanged,(Landroid/telecom/Call; I)V
Landroid/telephony/SignalStrength;,,isGsm,()Z
Landroid/telephony/SignalStrength;,,getGsmSignalStrength,()I
Landroid/telephony/SignalStrength;,,getCdmaDbm,()I
Landroid/telecom/Call;,,getDetails,()Landroid/telecom/Call$Details;
Landroid/telecom/Call;,,answer,(I)V
Landroid/telecom/Call;,,getState,()I
Landroid/telecom/Call;,,reject,(Z Ljava/lang/String;)V
Landroid/telecom/Call;,,disconnect,()V
Landroid/telecom/Call;,,hold,()V
Landroid/telecom/Call;,,playDtmfTone,(C)V
Landroid/telecom/Call;,,stopDtmfTone,()V
Landroid/telecom/Call;,,unhold,()V
Landroid/telecom/Call;,,registerCallback,(Landroid/telecom/Call$Callback;)V
Landroid/telecom/InCallService;,,getCallAudioState,()Landroid/telecom/CallAudioState;
Landroid/telecom/InCallService;,,setAudioRoute,(I)V
Landroid/telecom/InCallService;,,startForeground,(I Landroid/app/Notification;)V
Landroid/telecom/InCallService;,,stopForeground,(Z)V
Landroid/telecom/InCallService;,,<init>,()V
Landroid/telecom/InCallService;,,startActivity,(Landroid/content/Intent;)V
Landroid/telecom/InCallService;,,getApplicationContext,()Landroid/content/Context;
Landroid/telecom/InCallService;,,onBind,(Landroid/content/Intent;)Landroid/os/IBinder;
Landroid/telecom/InCallService;,,onCallAdded,(Landroid/telecom/Call;)V
Landroid/telecom/InCallService;,,onCallRemoved,(Landroid/telecom/Call;)V
Landroid/telecom/InCallService;,,onUnbind,(Landroid/content/Intent;)Z
Landroid/telephony/PhoneNumberUtils;,,stripSeparators,(Ljava/lang/String;)Ljava/lang/String;
Landroid/telephony/PhoneNumberUtils;,,isEmergencyNumber,(Ljava/lang/String;)Z
Landroid/telephony/PhoneNumberUtils;,,is12Key,(C)Z
Landroid/telephony/PhoneNumberUtils;,,replaceUnicodeDigits,(Ljava/lang/String;)Ljava/lang/String;
Landroid/telephony/PhoneNumberUtils;,,convertKeypadLettersToDigits,(Ljava/lang/String;)Ljava/lang/String;
Landroid/telephony/PhoneNumberUtils;,,extractNetworkPortion,(Ljava/lang/String;)Ljava/lang/String;
Landroid/telephony/PhoneNumberUtils;,,extractPostDialPortion,(Ljava/lang/String;)Ljava/lang/String;
Landroid/telephony/PhoneNumberUtils;,,formatNumber,(Ljava/lang/String; Ljava/lang/String; Ljava/lang/String;)Ljava/lang/String;
Landroid/telephony/SmsMessage;,,createFromPdu,([B)Landroid/telephony/SmsMessage;
Landroid/telephony/SmsMessage;,,getOriginatingAddress,()Ljava/lang/String;
Landroid/telephony/SmsMessage;,,getDisplayOriginatingAddress,()Ljava/lang/String;
Landroid/telephony/SmsMessage;,,getDisplayMessageBody,()Ljava/lang/String;
Landroid/telephony/SmsManager;,,getDefault,()Landroid/telephony/SmsManager;
Landroid/telephony/SmsManager;,,divideMessage,(Ljava/lang/String;)Ljava/util/ArrayList;
Landroid/telephony/SmsManager;,,sendMultipartTextMessage,(Ljava/lang/String; Ljava/lang/String; Ljava/util/ArrayList; Ljava/util/ArrayList; Ljava/util/ArrayList;)V
Landroid/telephony/SmsManager;,,sendTextMessage,(Ljava/lang/String; Ljava/lang/String; Ljava/lang/String; Landroid/app/PendingIntent; Landroid/app/PendingIntent;)V
Landroid/telecom/TelecomManager;,,getDefaultDialerPackage,()Ljava/lang/String;
Landroid/telecom/TelecomManager;,,acceptRingingCall,()V
Landroid/telecom/TelecomManager;,,placeCall,(Landroid/net/Uri; Landroid/os/Bundle;)V
Landroid/telecom/TelecomManager;,,isInCall,()Z
Landroid/telecom/TelecomManager;,,showInCallScreen,(Z)V
Landroid/telecom/TelecomManager;,,getCallCapablePhoneAccounts,()Ljava/util/List;
Landroid/telecom/TelecomManager;,,getPhoneAccount,(Landroid/telecom/PhoneAccountHandle;)Landroid/telecom/PhoneAccount;
Landroid/telecom/CallAudioState;,,<init>,(Z I I)V
Landroid/telecom/CallAudioState;,,equals,(Ljava/lang/Object;)Z
Landroid/telecom/CallAudioState;,,getSupportedRouteMask,()I
Landroid/telecom/CallAudioState;,,getRoute,()I
Landroid/telephony/PhoneNumberFormattingTextWatcher;,,<init>,()V
Landroid/telephony/PhoneNumberFormattingTextWatcher;,,onTextChanged,(Ljava/lang/CharSequence; I I I)V
Landroid/telephony/PhoneNumberFormattingTextWatcher;,,<init>,(Ljava/lang/String;)V
Landroid/telephony/PhoneNumberFormattingTextWatcher;,,afterTextChanged,(Landroid/text/Editable;)V
Landroid/telecom/DisconnectCause;,,getCode,()I
